CustomerID,Senior Citizen,Partner,Dependents,Paperless Billing,Online Security,Online Backup,Device Protection,Tech Support,Streaming TV,Streaming Movies,Tenure Months,Monthly Charges,Total Charges,Protection Count,Abs Charge Change,Tenure Bucket_7-12,Tenure Bucket_13-24,Tenure Bucket_25-48,Tenure Bucket_49-72,Multiple Lines_No phone service,Multiple Lines_Yes,Internet Service_Fiber optic,Internet Service_No,Contract_One year,Contract_Two year,Payment Method_Credit card (automatic),Payment Method_Electronic check,Payment Method_Mailed check,Churn Value
3668-QPYBK,0,0,0,1,1,1,0,0,0,0,2,53.85,108.15,2,0.22500000000000142,0,0,0,0,0,0,0,0,0,0,0,0,1,1
9237-HQITU,0,0,1,1,0,0,0,0,0,0,2,70.7,151.65,0,5.125,0,0,0,0,0,0,1,0,0,0,0,1,0,1
9305-CDSKC,0,0,1,1,0,0,1,0,1,1,8,99.65,820.5,1,2.9124999999999943,1,0,0,0,0,1,1,0,0,0,0,1,0,1
7892-POOKP,0,1,1,1,0,0,1,1,1,1,28,104.8,3046.05,2,3.9875000000000114,0,0,1,0,0,1,1,0,0,0,0,1,0,1
0280-XJGEX,0,0,1,1,0,1,1,0,1,1,49,103.7,5036.3,2,0.9183673469387799,0,0,0,1,0,1,1,0,0,0,0,0,0,1
4190-MFLUW,0,1,0,0,0,0,1,1,0,0,10,55.2,528.35,2,2.365000000000002,1,0,0,0,0,0,0,0,0,0,1,0,0,1
8779-QRDMV,1,0,0,1,0,0,1,0,0,1,1,39.65,39.65,1,0.0,0,0,0,0,1,0,0,0,0,0,0,1,0,1
1066-JKSGK,0,0,0,0,0,0,0,0,0,0,1,20.15,20.15,0,0.0,0,0,0,0,0,0,0,1,0,0,0,0,1,1
6467-CHFZW,0,1,1,1,0,1,0,0,1,1,47,99.35,4749.15,1,1.695744680851064,0,0,1,0,0,1,1,0,0,0,0,1,0,1
8665-UTDHZ,0,1,0,0,0,1,0,0,0,0,1,30.2,30.2,1,0.0,0,0,0,0,1,0,0,0,0,0,0,1,0,1
8773-HHUOZ,0,0,0,1,0,0,0,0,1,1,17,64.7,1093.1,0,0.4000000000000057,0,1,0,0,0,0,0,0,0,0,0,0,1,1
6047-YHPVI,0,0,1,1,0,0,0,0,0,0,5,69.7,316.9,0,6.320000000000007,0,0,0,0,0,0,1,0,0,0,0,1,0,1
5380-WJKOV,0,0,1,1,0,1,1,0,1,1,34,106.35,3549.25,2,1.9602941176470523,0,0,1,0,0,1,1,0,0,0,0,1,0,1
8168-UQWWF,0,0,1,1,0,0,1,0,1,1,11,97.85,1105.4,1,2.640909090909105,1,0,0,0,0,1,1,0,0,0,0,0,0,1
7760-OYPDY,0,0,1,1,0,0,0,0,1,0,2,80.65,144.15,0,8.575000000000003,0,0,0,0,0,0,1,0,0,0,0,1,0,1
9420-LOJKX,0,0,1,1,1,1,0,0,1,1,15,99.1,1426.4,2,4.006666666666661,0,1,0,0,0,0,1,0,0,0,1,0,0,1
7495-OOKFY,1,1,1,1,0,1,0,0,0,0,8,80.65,633.3,1,1.4875000000000114,1,0,0,0,0,1,1,0,0,0,1,0,0,1
1658-BYGOY,1,0,1,1,0,0,0,0,1,1,18,95.45,1752.55,0,1.9138888888888772,0,1,0,0,0,1,1,0,0,0,0,1,0,1
5698-BQJOH,0,0,1,0,0,0,0,0,1,1,9,94.4,857.25,0,0.8499999999999943,1,0,0,0,0,1,1,0,0,0,0,1,0,1
5919-TMRGD,0,0,1,1,0,0,0,0,1,0,1,79.35,79.35,0,0.0,0,0,0,0,0,0,1,0,0,0,0,1,0,1
9191-MYQKX,0,1,1,1,0,0,1,0,0,0,7,75.15,496.9,1,4.164285714285725,1,0,0,0,0,0,1,0,0,0,0,0,0,1
8637-XJIVR,0,0,1,1,1,0,0,0,0,0,12,78.95,927.35,1,1.6708333333333343,1,0,0,0,0,1,1,0,0,0,0,1,0,1
0278-YXOOG,0,0,0,0,0,0,0,0,0,0,5,21.05,113.85,0,1.7199999999999989,0,0,0,0,0,0,0,1,0,0,0,0,1,1
4598-XLKNJ,1,1,1,1,0,1,1,0,1,1,25,98.5,2514.5,2,2.0799999999999983,0,0,1,0,0,0,1,0,0,0,0,1,0,1
3192-NQECA,0,1,0,1,0,1,1,1,1,1,68,110.0,7611.85,3,1.9389705882352928,0,0,0,1,0,1,1,0,0,1,0,0,0,1
0486-HECZI,0,1,1,1,1,1,0,0,1,0,55,96.75,5238.9,2,1.4972727272727298,0,0,0,1,0,1,1,0,0,0,0,1,0,1
4846-WHAFZ,1,1,1,1,0,0,0,0,0,0,37,76.5,2868.15,0,1.0175675675675677,0,0,1,0,0,1,1,0,0,0,0,1,0,1
5299-RULOA,0,1,1,1,1,0,0,0,1,1,10,100.25,1064.65,1,6.215000000000003,1,0,0,0,0,1,1,0,0,0,0,1,0,1
0404-SWRVG,0,0,1,1,0,0,0,0,0,0,3,74.4,229.55,0,2.11666666666666,0,0,0,0,0,1,1,0,0,0,0,1,0,1
4412-YLTKF,1,0,1,1,0,0,1,0,0,0,27,78.05,2135.5,1,1.042592592592598,0,0,1,0,0,1,1,0,0,0,0,1,0,1
6207-WIOLX,0,1,0,1,1,1,1,0,1,1,25,58.6,1502.65,3,1.5060000000000002,0,0,1,0,1,0,0,0,0,0,1,0,0,1
3091-FYHKI,0,0,0,1,0,0,0,0,0,1,1,35.45,35.45,0,0.0,0,0,0,0,1,0,0,0,0,0,0,1,0,1
2372-HWUHI,0,0,0,0,0,0,0,0,0,0,2,44.35,81.25,0,3.7250000000000014,0,0,0,0,0,0,0,0,0,0,0,1,0,1
0390-DCFDQ,1,1,1,1,0,0,0,0,0,0,1,70.45,70.45,0,0.0,0,0,0,0,0,0,1,0,0,0,0,0,1,1
4080-OGPJL,0,0,0,0,1,0,0,1,0,1,8,71.15,563.65,2,0.6937500000000085,1,0,0,0,0,1,0,0,0,0,0,1,0,1
2135-RXIHG,0,0,0,1,0,0,0,0,0,0,1,45.65,45.65,0,0.0,0,0,0,0,0,0,0,0,0,0,0,1,0,1
3874-EQOEP,0,0,1,0,0,0,0,0,1,1,7,95.0,655.5,0,1.3571428571428612,1,0,0,0,0,1,1,0,0,0,0,0,1,1
0867-MKZVY,0,1,1,0,1,0,0,0,0,0,20,82.4,1592.35,1,2.782500000000013,0,1,0,0,0,1,1,0,0,0,0,1,0,1
3376-BMGFE,0,0,1,1,0,0,0,0,0,0,4,70.9,273.0,0,2.6500000000000057,0,0,0,0,0,0,1,0,0,0,0,0,0,1
3445-HXXGF,1,1,0,1,0,1,1,0,0,1,58,45.3,2651.2,2,0.4103448275862078,0,0,0,1,1,0,0,0,0,0,0,1,0,1
1875-QIVME,0,1,1,1,0,0,1,1,1,1,2,104.4,242.8,2,17.0,0,0,0,0,0,1,1,0,0,0,0,1,0,1
0691-JVSYA,0,1,0,1,0,0,1,0,1,1,53,94.85,5000.2,1,0.5066037735848994,0,0,0,1,0,0,1,0,1,0,0,0,0,1
2656-FMOKZ,1,0,1,1,0,0,0,0,0,0,15,74.45,1145.7,0,1.9300000000000068,0,1,0,0,0,1,1,0,0,0,0,0,1,1
2070-FNEXE,1,0,1,0,1,0,0,0,0,0,7,76.45,503.6,1,4.507142857142853,1,0,0,0,0,0,1,0,0,0,0,0,0,1
6317-YPKDH,0,0,0,0,0,1,0,0,0,0,1,29.95,29.95,1,0.0,0,0,0,0,1,0,0,0,0,0,0,0,0,1
9367-WXLCH,0,0,1,0,0,0,0,0,0,1,8,84.5,662.65,0,1.6687500000000028,1,0,0,0,0,1,1,0,0,0,0,0,0,1
1918-ZBFQJ,0,0,1,1,0,1,1,0,0,0,13,79.25,1111.65,2,6.261538461538464,0,1,0,0,0,0,1,0,0,0,0,1,0,1
1024-GUALD,0,1,0,1,0,0,0,0,0,0,1,24.8,24.8,0,0.0,0,0,0,0,1,0,0,0,0,0,0,1,0,1
2472-OVKUP,0,1,1,1,0,1,1,0,0,1,6,91.0,531.0,2,2.5,0,0,0,0,0,0,1,0,0,0,0,1,0,1
1285-OKIPP,0,0,1,0,0,0,0,0,0,1,1,79.9,79.9,0,0.0,0,0,0,0,0,0,1,0,0,0,0,1,0,1
7825-ECJRF,0,0,1,1,1,0,1,1,1,1,19,106.6,1934.45,3,4.786842105263148,0,1,0,0,0,0,1,0,0,0,0,1,0,1
7841-TZDMQ,0,0,0,1,0,0,0,0,0,0,2,46.0,84.5,0,3.75,0,0,0,0,0,0,0,0,0,0,1,0,0,1
9408-SSNVZ,0,0,1,1,0,0,0,0,0,0,4,70.15,268.35,0,3.0625,0,0,0,0,0,0,1,0,0,0,0,1,0,1
0742-MOABM,0,1,0,0,0,0,0,1,0,0,4,50.05,179.35,1,5.212499999999999,0,0,0,0,0,0,0,0,0,0,0,0,1,1
2232-DMLXU,0,1,0,0,0,0,0,0,1,0,1,55.2,55.2,0,0.0,0,0,0,0,0,0,0,0,0,0,0,0,1,1
8937-RDTHP,0,0,1,1,1,0,0,0,0,1,1,84.6,84.6,1,0.0,0,0,0,0,0,0,1,0,0,0,0,0,1,1
1251-KRREG,0,0,0,1,0,1,0,0,0,0,2,54.4,114.1,1,2.6499999999999986,0,0,0,0,0,1,0,0,0,0,0,0,1,1
0094-OIFMO,1,0,1,1,0,1,0,0,1,1,11,95.0,1120.3,1,6.845454545454544,1,0,0,0,0,0,1,0,0,0,0,1,0,1
9947-OTFQU,1,0,0,1,0,1,0,0,0,0,15,74.4,1074.3,1,2.7800000000000153,0,1,0,0,0,0,1,0,0,0,0,1,0,1
0322-YINQP,0,0,0,1,1,0,0,0,0,0,1,48.55,48.55,1,0.0,0,0,0,0,0,0,0,0,0,0,0,0,1,1
4629-NRXKX,0,1,0,0,0,0,0,0,0,0,2,70.4,147.15,0,3.174999999999997,0,0,0,0,0,0,1,0,0,0,0,1,0,1
9514-JDSKI,1,1,0,0,0,1,0,0,1,0,1,40.2,40.2,1,0.0,0,0,0,0,1,0,0,0,0,0,0,1,0,1
4959-JOSRX,0,1,0,1,0,0,0,0,0,0,2,44.6,80.55,0,4.325000000000003,0,0,0,0,0,0,0,0,0,0,1,0,0,1
7273-TEFQD,1,0,0,1,0,0,1,0,0,1,3,41.15,132.2,1,2.9166666666666643,0,0,0,0,1,0,0,0,0,0,0,1,0,1
3606-TWKGI,1,0,0,1,0,1,1,0,1,1,13,106.9,1364.3,2,1.9538461538461576,0,1,0,0,0,1,1,0,0,0,0,1,0,1
6323-AYBRX,0,0,0,0,0,0,0,0,0,0,59,19.35,1099.6,0,0.7127118644067814,0,0,0,1,0,0,0,1,0,1,0,0,1,1
4385-GZQXV,1,0,0,1,0,0,0,1,1,1,16,94.45,1511.2,1,0.0,0,1,0,0,0,0,1,0,0,0,0,1,0,1
6366-ZGQGL,0,0,0,0,0,0,0,0,0,0,1,24.8,24.8,0,0.0,0,0,0,0,1,0,0,0,0,0,0,0,0,1
5940-AHUHD,0,0,0,0,0,0,0,0,0,0,1,70.6,70.6,0,0.0,0,0,0,0,0,0,1,0,0,0,0,0,1,1
6432-TWQLB,0,1,0,1,0,1,0,1,0,0,5,85.4,401.1,2,5.180000000000007,0,0,0,0,0,1,1,0,0,0,0,1,0,1
4484-GLZOU,0,1,0,1,0,1,1,0,1,1,52,105.05,5624.85,2,3.120192307692321,0,0,0,1,0,1,1,0,0,0,0,1,0,1
9512-UIBFX,0,1,0,0,0,0,1,0,1,1,18,95.15,1779.95,1,3.7361111111111143,0,1,0,0,0,0,1,0,0,0,0,0,1,1
5583-SXDAG,0,1,0,0,0,0,0,0,0,0,1,70.0,70.0,0,0.0,0,0,0,0,0,0,1,0,0,0,0,1,0,1
3488-PGMQJ,1,0,0,1,0,1,0,0,0,0,8,74.5,606.55,1,1.3187499999999943,1,0,0,0,0,0,1,0,0,0,0,1,0,1
3580-REOAC,0,0,0,1,0,0,0,0,0,0,10,44.85,435.4,0,1.3100000000000023,1,0,0,0,0,0,0,0,0,0,1,0,0,1
7534-BFESC,1,0,0,1,0,0,0,0,0,0,24,76.1,1712.7,0,4.737499999999997,0,1,0,0,0,1,1,0,0,0,0,1,0,1
6390-DSAZX,0,0,0,1,1,0,0,0,0,0,1,73.6,73.6,1,0.0,0,0,0,0,0,0,1,0,0,0,0,0,1,1
8098-LLAZX,1,0,0,1,0,0,0,0,1,1,4,95.45,396.1,0,3.575000000000003,0,0,0,0,0,1,1,0,0,0,0,1,0,1
0265-EDXBD,1,1,0,1,0,0,0,0,0,0,32,74.9,2303.35,0,2.9203125000000085,0,0,1,0,0,1,1,0,0,0,0,1,0,1
7563-BIUPC,0,0,0,1,0,0,0,0,1,0,5,80.6,415.55,0,2.510000000000005,0,0,0,0,0,0,1,0,0,0,0,1,0,1
2321-OMBXY,0,1,0,0,1,1,0,1,1,1,38,80.3,3058.65,3,0.1907894736842195,0,0,1,0,0,0,0,0,1,0,1,0,0,1
2840-XANRC,1,1,0,1,0,0,1,0,1,1,24,93.15,2231.05,1,0.18958333333333144,0,1,0,0,0,0,1,0,0,0,0,1,0,1
5020-ZSTTY,1,0,0,0,1,1,0,1,1,1,54,82.45,4350.1,3,1.8925925925925924,0,0,0,1,0,1,0,0,1,0,0,0,0,1
5804-LEPIM,1,0,0,1,0,0,0,0,0,0,2,70.35,139.05,0,0.8249999999999886,0,0,0,0,0,0,1,0,0,0,0,1,0,1
0122-OAHPZ,0,0,0,1,0,0,0,0,0,0,7,73.85,511.25,0,0.8142857142857025,1,0,0,0,0,1,1,0,0,0,0,1,0,1
2868-SNELZ,0,0,0,0,0,0,1,0,0,0,2,80.6,155.8,1,2.6999999999999886,0,0,0,0,0,1,1,0,0,0,0,0,1,1
4322-RCYMT,0,1,0,1,0,1,1,1,0,1,68,75.8,5293.95,3,2.0522058823529363,0,0,0,1,0,1,0,0,1,0,0,0,0,1
6680-NENYN,0,0,0,1,0,1,1,0,1,1,43,104.6,4759.85,2,6.094186046511638,0,0,1,0,0,1,1,0,0,1,0,1,0,1
1343-EHPYB,0,1,0,1,0,1,1,0,1,1,63,103.4,6603.0,2,1.4095238095238045,0,0,0,1,0,1,1,0,0,0,0,1,0,1
2034-GDRCN,0,0,0,1,0,0,0,0,1,1,2,90.4,168.2,0,6.300000000000011,0,0,0,0,0,0,1,0,0,0,0,1,0,1
0219-YTZUE,0,1,0,1,0,1,1,0,0,0,4,84.8,371.9,2,8.174999999999997,0,0,0,0,0,1,1,0,0,0,0,0,0,1
0623-IIHUG,1,0,0,1,1,0,0,0,1,0,21,41.9,840.1,1,1.895238095238092,0,1,0,0,1,0,0,0,0,0,0,1,0,1
4572-DVCGN,0,0,0,1,0,0,0,0,0,1,10,80.25,846.0,0,4.349999999999994,1,0,0,0,0,0,1,0,0,0,0,0,0,1
9057-MSWCO,1,1,0,0,1,0,0,0,0,0,27,30.75,805.1,1,0.9314814814814802,0,0,1,0,1,0,0,0,0,0,1,0,0,1
1010-DIAUQ,0,0,0,0,0,0,1,0,1,1,5,96.5,492.55,1,2.010000000000005,0,0,0,0,0,0,1,0,0,0,0,0,0,1
0259-GBZSH,0,0,0,1,0,0,0,0,1,0,2,85.65,181.5,0,5.099999999999994,0,0,0,0,0,1,1,0,0,0,0,1,0,1
9601-BRXPO,0,1,0,1,0,0,1,1,1,1,25,104.95,2566.5,2,2.2900000000000063,0,0,1,0,0,1,1,0,0,0,0,0,0,1
6905-NIQIN,0,0,0,0,0,1,0,0,0,0,1,50.65,50.65,1,0.0,0,0,0,0,0,0,0,0,0,0,0,0,1,1
5167-ZFFMM,0,0,0,1,0,1,0,0,0,1,1,90.85,90.85,1,0.0,0,0,0,0,0,1,1,0,0,0,1,0,0,1
4895-TMWIR,1,1,0,0,0,0,0,0,0,0,11,19.95,214.75,0,0.4272727272727259,1,0,0,0,0,0,0,1,0,0,0,0,1,1
0533-BNWKF,1,1,0,1,0,1,1,0,0,0,55,85.45,4874.7,2,3.1809090909090827,0,0,0,1,0,1,1,0,0,0,0,1,0,1
6599-CEBNN,0,0,0,1,0,1,0,0,0,0,34,73.95,2524.45,1,0.2985294117647044,0,0,1,0,0,0,1,0,0,0,1,0,0,1
0979-PHULV,0,1,0,1,0,0,1,0,1,1,69,99.45,7007.6,1,2.1094202898550805,0,0,0,1,0,1,1,0,0,0,1,0,0,1
4800-VHZKI,0,0,0,1,0,0,0,0,0,0,1,19.9,19.9,0,0.0,0,0,0,0,0,0,0,1,0,0,0,0,1,1
7989-CHGTL,0,0,0,1,0,0,0,0,0,0,1,19.6,19.6,0,0.0,0,0,0,0,0,0,0,1,0,0,0,0,1,1
0334-GDDSO,1,0,0,1,0,1,0,0,0,0,3,81.35,233.7,1,3.450000000000003,0,0,0,0,0,1,1,0,0,0,0,1,0,1
0578-SKVMF,0,1,0,0,0,1,0,0,0,1,22,83.3,1845.9,1,0.6045454545454589,0,1,0,0,0,0,1,0,0,0,0,1,0,1
5564-NEMQO,1,0,0,1,0,0,1,0,0,0,1,75.3,75.3,1,0.0,0,0,0,0,0,0,1,0,0,0,0,0,0,1
9063-ZGTUY,0,1,0,1,0,0,0,0,0,0,61,19.4,1182.55,0,0.01393442622950758,0,0,0,1,0,0,0,1,0,0,0,0,1,1
2957-LOLHO,0,0,0,1,0,0,0,0,0,0,12,45.4,518.9,0,2.1583333333333314,1,0,0,0,0,0,0,0,0,0,0,0,0,1
7752-XUSCI,0,0,0,1,0,1,1,0,1,1,60,105.9,6396.45,2,0.707499999999996,0,0,0,1,0,1,1,0,0,0,0,1,0,1
4110-PFEUZ,0,0,0,0,0,0,0,0,0,0,1,69.55,69.55,0,0.0,0,0,0,0,0,0,1,0,0,0,0,0,1,1
0256-LTHVJ,0,1,0,1,0,0,0,0,0,1,28,81.05,2227.1,0,1.5107142857142861,0,0,1,0,0,0,1,0,0,0,0,1,0,1
0880-TKATG,0,1,0,0,0,0,1,0,1,1,4,101.15,385.9,1,4.675000000000011,0,0,0,0,0,1,1,0,0,0,0,1,0,1
3811-VBYBZ,0,0,0,1,0,1,0,0,1,1,7,99.8,673.25,1,3.6214285714285666,1,0,0,0,0,1,1,0,0,0,0,1,0,1
4640-UHDOS,0,1,0,0,0,0,0,0,0,1,13,55.95,734.35,0,0.5384615384615401,0,1,0,0,0,0,0,0,0,0,0,1,0,1
3583-EKAPL,0,0,0,1,0,0,0,0,0,1,1,55.0,55.0,0,0.0,0,0,0,0,0,0,0,0,0,0,0,1,0,1
9399-APLBT,0,1,0,1,0,1,0,0,0,0,1,74.7,74.7,1,0.0,0,0,0,0,0,0,1,0,0,0,0,1,0,1
2359-KMGLI,0,0,0,1,0,1,0,0,0,0,24,80.25,1861.5,1,2.6875,0,1,0,0,0,1,1,0,0,0,0,1,0,1
0306-JAELE,0,0,0,1,0,0,0,1,1,1,5,96.1,453.4,1,5.420000000000002,0,0,0,0,0,0,1,0,0,0,0,1,0,1
6227-HWPWX,0,0,0,0,0,0,0,0,0,0,15,69.0,994.8,0,2.680000000000007,0,1,0,0,0,0,1,0,0,0,0,0,0,1
0447-BEMNG,0,1,0,1,1,0,1,0,0,1,48,45.3,2145.0,2,0.6124999999999972,0,0,1,0,1,0,0,0,0,0,0,0,0,1
5949-XIKAE,0,1,0,1,0,1,0,0,1,0,8,83.55,680.05,1,1.4562499999999972,1,0,0,0,0,0,1,0,0,0,0,1,0,1
8372-JUXUI,0,0,0,1,0,0,0,0,0,0,1,74.35,74.35,0,0.0,0,0,0,0,0,1,1,0,0,0,0,1,0,1
0388-EOPEX,0,1,0,1,1,0,0,0,0,0,2,74.4,139.4,1,4.700000000000003,0,0,0,0,0,0,1,0,0,0,0,1,0,1
8205-OTCHB,0,0,0,1,0,1,1,0,0,1,22,43.75,903.6,2,2.6772727272727295,0,1,0,0,1,0,0,0,1,0,0,0,0,1
6235-VDHOM,1,0,0,0,0,1,0,0,0,0,5,28.45,131.05,1,2.2399999999999984,0,0,0,0,1,0,0,0,0,0,0,1,0,1
7783-YKGDV,0,0,0,1,1,1,1,0,0,1,12,99.7,1238.45,3,3.504166666666663,1,0,0,0,0,1,1,0,0,0,0,0,0,1
5609-CEBID,1,0,0,1,0,1,1,0,0,1,20,94.1,1782.4,2,4.97999999999999,0,1,0,0,0,1,1,0,0,0,0,1,0,1
7218-HKQFK,0,1,0,1,0,0,0,1,1,1,2,94.2,167.5,1,10.450000000000003,0,0,0,0,0,0,1,0,0,0,0,1,0,1
4636-QRJKY,0,1,0,1,0,0,0,1,0,0,6,80.5,502.85,1,3.308333333333337,0,0,0,0,0,1,1,0,0,0,0,1,0,1
5956-VKDTT,1,1,0,1,0,0,0,0,0,0,5,74.35,334.8,0,7.389999999999986,0,0,0,0,0,1,1,0,0,0,0,1,0,1
9412-GHEEC,0,0,0,0,0,0,1,1,1,1,40,104.8,4131.95,2,1.5012499999999989,0,0,1,0,0,1,1,0,0,0,0,0,0,1
0257-ZESQC,1,1,0,1,1,0,0,0,0,0,27,75.2,1929.35,1,3.742592592592601,0,0,1,0,0,0,1,0,0,0,0,0,0,1
6825-UYPFK,0,0,0,0,0,0,0,0,0,0,23,75.6,1758.6,0,0.8608695652173992,0,1,0,0,0,1,1,0,0,0,0,0,0,1
8397-MVTAZ,0,1,0,1,0,0,1,0,1,1,34,100.05,3480.0,1,2.302941176470597,0,0,1,0,0,1,1,0,0,0,0,1,0,1
9282-IZGQK,0,0,0,1,0,0,0,0,0,1,1,85.0,85.0,0,0.0,0,0,0,0,0,1,1,0,0,0,0,1,0,1
1342-JPNKI,0,0,0,1,0,0,0,0,1,0,10,86.05,834.1,0,2.6400000000000006,1,0,0,0,0,1,1,0,0,0,0,0,0,1
2817-NTQDO,0,0,0,1,1,0,0,1,1,0,13,45.55,597.0,2,0.37307692307692264,0,1,0,0,1,0,0,0,0,0,1,0,0,1
6986-IJDHX,0,1,0,1,0,1,0,0,1,0,39,86.3,3266.0,1,2.5564102564102598,0,0,1,0,0,0,1,0,0,0,0,0,1,1
5301-GAUUY,0,0,0,1,0,1,0,0,0,0,32,80.35,2596.15,1,0.7796875000000085,0,0,1,0,0,1,1,0,0,0,0,0,0,1
0939-YAPAF,0,0,0,1,0,0,1,0,1,1,35,100.25,3527.6,1,0.53857142857143,0,0,1,0,0,1,1,0,0,0,0,1,0,1
4710-FDUIZ,0,1,0,0,0,1,0,0,1,1,56,100.3,5614.45,1,0.04196428571428612,0,0,0,1,0,1,1,0,1,0,1,0,0,1
1218-VKFPE,0,1,0,0,0,0,0,0,0,0,12,19.0,233.55,0,0.46250000000000213,1,0,0,0,0,0,0,1,0,0,0,0,1,1
3627-FHKBK,0,0,0,0,1,0,0,0,0,0,1,75.3,75.3,1,0.0,0,0,0,0,0,0,1,0,0,0,0,0,1,1
2865-TCHJW,1,0,0,1,0,0,1,0,1,0,4,89.2,346.2,1,2.6500000000000057,0,0,0,0,0,1,1,0,0,0,0,1,0,1
5192-EBGOV,1,0,0,1,0,0,0,0,1,0,1,85.7,85.7,0,0.0,0,0,0,0,0,1,1,0,0,0,0,1,0,1
0719-SYFRB,0,0,0,1,1,0,1,1,0,0,12,61.65,713.75,3,2.1708333333333343,1,0,0,0,0,1,0,0,0,0,0,0,1,1
3419-SNJJD,1,1,0,0,1,0,1,0,1,1,65,105.25,6786.4,2,0.8438461538461581,0,0,0,1,0,1,1,0,0,0,0,0,0,1
6543-CPZMK,0,1,0,1,0,1,0,0,0,0,9,29.95,248.95,1,2.288888888888888,1,0,0,0,1,0,0,0,0,0,0,1,0,1
4765-OXPPD,0,1,0,0,1,1,1,1,0,0,9,65.0,663.05,4,8.672222222222217,1,0,0,0,0,0,0,0,0,0,0,0,1,1
1009-IRMNA,0,0,0,0,0,0,0,0,0,0,7,20.0,137.6,0,0.3428571428571452,1,0,0,0,0,0,0,1,0,0,0,0,0,1
4554-YGZIH,1,1,0,0,0,1,0,0,0,1,49,90.05,4547.25,1,2.7510204081632708,0,0,0,1,0,1,1,0,0,0,1,0,0,1
5099-BAILX,1,1,0,1,0,1,1,1,1,1,43,110.75,4687.9,3,1.729069767441871,0,0,1,0,0,1,1,0,0,0,0,0,0,1
7207-RMRDB,0,1,0,1,0,1,1,0,1,1,65,105.5,6985.65,2,1.971538461538458,0,0,0,1,0,1,1,0,0,0,0,1,0,1
4913-EHYUI,1,1,0,1,1,0,1,0,1,1,56,104.55,5794.65,2,1.0741071428571445,0,0,0,1,0,1,1,0,1,0,0,0,0,1
0195-IESCP,0,1,0,1,0,0,0,0,0,1,10,85.25,855.3,0,0.28000000000000114,1,0,0,0,0,1,1,0,0,0,0,1,0,1
4580-TMHJU,0,1,0,0,0,0,0,0,1,0,43,56.15,2499.3,0,1.973255813953493,0,0,1,0,0,0,0,0,0,0,0,1,0,1
0970-ETWGE,0,0,0,1,0,0,0,0,1,1,1,89.55,89.55,0,0.0,0,0,0,0,0,0,1,0,0,0,0,1,0,1
1626-ERCMM,1,1,0,1,0,0,0,0,1,1,20,94.55,1899.65,0,0.43250000000000455,0,1,0,0,0,1,1,0,0,0,0,1,0,1
0887-HJGAR,0,0,0,1,0,0,0,0,0,0,1,45.7,45.7,0,0.0,0,0,0,0,0,0,0,0,0,0,0,0,1,1
5644-PDMZC,1,0,0,0,0,1,0,0,0,1,2,89.5,161.5,1,8.75,0,0,0,0,0,1,1,0,0,0,0,1,0,1
9576-ANLXO,0,0,0,1,0,0,0,0,0,0,3,69.55,222.3,0,4.550000000000011,0,0,0,0,0,0,1,0,0,0,0,0,0,1
2024-BASKD,0,0,0,1,0,0,1,0,0,0,1,74.6,74.6,1,0.0,0,0,0,0,0,0,1,0,0,0,0,0,1,1
4160-AMJTL,1,0,0,0,0,0,0,0,0,0,8,19.65,164.3,0,0.8875000000000028,1,0,0,0,0,0,0,1,0,0,0,1,0,1
4464-JCOLN,0,1,0,0,0,0,0,0,0,0,2,19.85,35.9,0,1.9000000000000021,0,0,0,0,0,0,0,1,1,0,0,0,1,1
5650-VDUDS,0,0,0,1,0,0,0,0,0,0,4,24.25,96.05,0,0.2375000000000007,0,0,0,0,1,0,0,0,0,0,0,0,1,1
7538-GWHML,0,0,0,0,0,0,0,0,0,0,2,69.65,145.15,0,2.924999999999997,0,0,0,0,0,0,1,0,0,0,0,1,0,1
3859-CVCET,0,0,0,0,0,0,0,0,0,0,4,45.65,191.05,0,2.1125000000000043,0,0,0,0,0,0,0,0,0,0,0,0,1,1
3276-HDUEG,0,0,0,1,0,0,0,0,0,0,1,75.05,75.05,0,0.0,0,0,0,0,0,1,1,0,0,0,0,0,1,1
0823-HSCDJ,1,0,0,1,0,1,0,0,1,1,52,49.15,2550.9,1,0.09423076923076934,0,0,0,1,1,0,0,0,0,0,0,1,0,1
0822-GAVAP,0,0,0,1,0,0,0,0,0,1,2,34.7,62.25,0,3.575000000000003,0,0,0,0,1,0,0,0,0,0,0,1,0,1
1448-PWKYE,0,1,0,0,0,0,0,0,0,1,1,80.0,80.0,0,0.0,0,0,0,0,0,0,1,0,0,0,0,1,0,1
0067-DKWBL,1,0,0,1,1,0,0,0,0,0,2,49.25,91.1,1,3.700000000000003,0,0,0,0,0,0,0,0,0,0,0,1,0,1
2276-YDAVZ,0,0,0,1,0,0,0,0,0,0,3,75.1,270.7,0,15.13333333333334,0,0,0,0,0,1,1,0,0,0,1,0,0,1
5896-NPFWW,0,1,0,1,0,0,1,0,0,0,3,50.15,168.15,1,5.900000000000006,0,0,0,0,0,0,0,0,0,0,0,1,0,1
7133-VBDCG,0,0,0,1,1,1,0,0,0,0,25,79.85,2015.35,2,0.7639999999999958,0,0,1,0,0,0,1,0,0,0,0,0,0,1
1029-QFBEN,0,0,0,0,0,0,0,0,0,0,1,19.55,19.55,0,0.0,0,0,0,0,0,0,0,1,0,0,0,0,1,1
4952-YSOGZ,0,1,0,1,0,0,0,0,0,1,4,85.95,381.3,0,9.375,0,0,0,0,0,1,1,0,0,0,0,1,0,1
1589-AGTLK,0,0,0,1,0,0,0,0,0,0,3,45.35,141.5,0,1.8166666666666629,0,0,0,0,0,0,0,0,0,0,0,1,0,1
5244-IRFIH,1,1,0,1,0,0,0,0,1,1,33,94.5,3105.55,0,0.3924242424242408,0,0,1,0,0,1,1,0,0,0,0,1,0,1
2684-EIWEO,1,0,0,0,1,1,1,0,0,0,30,91.7,2758.15,3,0.23833333333332973,0,0,1,0,0,1,1,0,0,0,1,0,0,1
6439-GTPCA,0,0,0,1,0,0,1,1,0,0,45,87.25,3941.7,2,0.3433333333333337,0,0,1,0,0,1,1,0,0,0,0,1,0,1
5138-WVKYJ,0,0,0,0,1,0,0,0,1,1,10,98.55,1008.55,1,2.3049999999999926,1,0,0,0,0,1,1,0,0,0,0,1,0,1
6683-VLCTZ,1,0,0,1,0,0,1,0,1,1,20,98.55,1842.8,1,6.409999999999997,0,1,0,0,0,1,1,0,0,0,0,1,0,1
2189-WWOEW,0,0,0,1,0,1,0,0,0,1,15,85.9,1269.55,1,1.2633333333333354,0,1,0,0,0,0,1,0,0,0,0,0,0,1
1894-IGFSG,0,0,0,0,0,0,0,0,1,1,22,89.25,1907.85,0,2.529545454545456,0,1,0,0,0,0,1,0,0,0,0,1,0,1
7379-POKDZ,0,1,0,1,0,0,0,0,0,0,3,70.3,208.85,0,0.6833333333333371,0,0,0,0,0,0,1,0,0,0,0,1,0,1
0236-HFWSV,0,0,0,1,0,0,0,0,1,1,15,93.35,1444.65,0,2.960000000000008,0,1,0,0,0,1,1,0,0,0,0,1,0,1
3900-AQPHZ,0,0,0,0,0,0,0,0,0,0,1,19.9,19.9,0,0.0,0,0,0,0,0,0,0,1,0,0,0,0,1,1
5842-POCOP,0,1,0,1,1,0,1,0,0,1,5,88.9,454.15,2,1.9299999999999926,0,0,0,0,0,0,1,0,0,0,0,0,1,1
2037-XJFUP,0,1,0,1,0,0,1,0,1,1,33,95.8,3036.75,1,3.777272727272731,0,0,1,0,0,0,1,0,1,0,0,1,0,1
7314-OXENN,0,0,0,1,0,1,0,0,0,0,2,82.0,184.65,1,10.325000000000003,0,0,0,0,0,1,1,0,0,0,0,1,0,1
0322-CHQRU,0,0,0,0,0,0,0,0,0,0,2,45.35,89.5,0,0.6000000000000014,0,0,0,0,0,0,0,0,0,0,0,1,0,1
4678-DVQEO,0,0,0,1,0,0,0,1,0,0,1,52.2,52.2,1,0.0,0,0,0,0,0,0,0,0,0,0,0,1,0,1
0691-IFBQW,1,0,0,1,1,1,1,0,1,1,46,110.0,4874.8,3,4.026086956521738,0,0,1,0,0,1,1,0,1,0,0,1,0,1
3009-JWMPU,0,0,0,1,0,0,1,0,1,1,62,96.75,6125.4,1,2.046774193548387,0,0,0,1,0,1,1,0,1,0,0,1,0,1
1450-GALXR,0,0,0,1,0,0,0,1,1,1,10,98.5,1058.25,1,7.325000000000003,1,0,0,0,0,1,1,0,0,0,0,1,0,1
3138-BKYAV,0,0,0,1,0,1,0,0,1,0,6,85.35,489.45,1,3.7749999999999915,0,0,0,0,0,0,1,0,0,0,0,1,0,1
4289-DTDKW,0,1,0,1,0,1,0,0,1,1,40,101.3,4113.1,1,1.5275000000000176,0,0,1,0,0,1,1,0,0,0,0,1,0,1
1820-TQVEV,0,0,0,1,0,0,0,0,0,0,1,69.55,69.55,0,0.0,0,0,0,0,0,0,1,0,0,0,0,1,0,1
2239-JALAW,0,0,0,1,0,1,1,0,1,1,58,103.25,6017.65,2,0.5025862068965523,0,0,0,1,0,1,1,0,1,0,0,0,0,1
4853-RULSV,0,0,0,1,1,0,0,1,1,1,70,104.0,7250.15,2,0.4264285714285734,0,0,0,1,0,1,1,0,0,1,1,0,0,1
6275-YDUVO,0,0,0,1,0,0,1,0,0,1,2,86.2,178.7,1,3.1499999999999915,0,0,0,0,0,0,1,0,0,0,0,0,1,1
0115-TFERT,0,1,0,1,0,1,1,1,1,1,21,111.2,2317.1,3,0.8619047619047677,0,1,0,0,0,1,1,0,0,0,0,1,0,1
2311-QYMUQ,0,1,0,1,0,1,1,0,1,0,16,89.45,1430.25,2,0.05937500000000284,0,1,0,0,0,0,1,0,0,0,1,0,0,1
3643-AHCFP,1,1,0,1,0,0,0,0,1,1,7,95.6,644.35,0,3.549999999999997,1,0,0,0,0,1,1,0,0,0,0,0,0,1
3104-OWCGK,0,1,0,0,0,1,1,0,1,0,60,90.95,5453.4,2,0.060000000000002274,0,0,0,1,0,0,1,0,1,0,0,1,0,1
9101-BWFSS,0,1,0,0,1,1,0,1,1,1,50,108.55,5610.7,3,3.6640000000000015,0,0,0,1,0,1,1,0,1,0,0,1,0,1
9231-ZJYAM,1,0,0,1,0,0,0,0,1,0,4,78.85,292.8,0,5.6499999999999915,0,0,0,0,0,0,1,0,0,0,0,1,0,1
6982-SSHFK,0,0,0,0,0,0,0,0,0,0,1,44.4,44.4,0,0.0,0,0,0,0,0,0,0,0,0,0,0,0,1,1
0727-BMPLR,1,0,0,1,0,0,1,0,1,1,55,100.0,5509.3,1,0.16909090909091162,0,0,0,1,0,1,1,0,1,0,0,1,0,1
1038-ZAGBI,0,1,0,0,0,0,0,0,0,0,12,19.8,229.6,0,0.6666666666666679,1,0,0,0,0,0,0,1,1,0,0,0,0,1
3027-ZTDHO,0,0,0,1,0,0,0,0,1,1,1,89.9,89.9,0,0.0,0,0,0,0,0,0,1,0,0,0,0,1,0,1
2382-BCKQJ,0,0,0,1,0,0,1,0,1,1,62,100.15,6413.65,1,3.2959677419354705,0,0,0,1,0,1,1,0,1,0,0,1,0,1
2207-NHRJK,0,0,0,0,0,1,0,0,0,0,1,50.8,50.8,1,0.0,0,0,0,0,0,0,0,0,0,0,0,1,0,1
0947-MUGVO,1,1,0,1,0,1,0,0,0,0,20,73.65,1463.5,1,0.4750000000000085,0,1,0,0,0,0,1,0,0,0,0,1,0,1
9944-HKVVB,0,0,0,1,0,1,0,0,1,1,3,95.1,307.4,1,7.36666666666666,0,0,0,0,0,0,1,0,0,0,0,1,0,1
4124-MMETB,0,0,0,1,0,0,0,0,1,1,22,94.65,2104.55,0,1.0113636363636402,0,1,0,0,0,1,1,0,0,0,1,0,0,1
3671-SHRSP,0,1,0,1,0,0,1,1,0,0,4,80.6,319.15,2,0.8125,0,0,0,0,0,0,1,0,0,0,0,0,1,1
3313-QKNKB,0,1,0,0,0,0,0,0,0,1,59,85.55,5084.65,0,0.6305084745762741,0,0,0,1,0,1,1,0,1,0,0,1,0,1
5073-WXOYN,0,0,0,1,0,1,0,0,1,1,60,50.8,3027.4,1,0.3433333333333266,0,0,0,1,1,0,0,0,0,0,0,1,0,1
0207-MDKNV,0,0,0,0,1,0,1,1,1,1,15,105.1,1582.75,3,0.4166666666666714,0,1,0,0,0,0,1,0,0,0,0,1,0,1
9851-KIELU,0,0,0,1,1,1,1,1,1,1,10,110.1,1043.3,4,5.769999999999996,1,0,0,0,0,0,1,0,0,0,0,1,0,1
3908-BLSYF,0,0,0,0,0,0,1,0,0,1,6,83.9,497.55,1,0.9750000000000085,0,0,0,0,0,0,1,0,0,0,0,1,0,1
7549-MYGPK,0,1,0,1,1,1,1,0,1,0,63,100.55,6215.35,3,1.893650793650778,0,0,0,1,0,1,1,0,0,0,0,1,0,1
3804-RVTGV,0,1,0,1,0,1,1,0,1,1,50,103.85,5017.9,2,3.4920000000000044,0,0,0,1,0,1,1,0,0,0,0,0,0,1
9227-LUNBG,0,0,0,0,0,0,0,0,0,0,1,24.6,24.6,0,0.0,0,0,0,0,1,0,0,0,0,0,0,1,0,1
4315-MURBD,0,0,0,1,1,0,0,1,1,1,12,98.9,1120.95,2,5.487499999999997,1,0,0,0,0,0,1,0,0,0,0,0,0,1
9734-YWGEX,0,0,0,0,0,0,1,0,1,1,9,98.3,923.5,1,4.311111111111117,1,0,0,0,0,1,1,0,0,0,1,0,0,1
2719-BDAQO,0,0,0,0,1,0,0,0,1,1,17,93.85,1625.65,1,1.7764705882352985,0,1,0,0,0,0,1,0,0,0,0,1,0,1
0781-LKXBR,1,0,0,1,0,0,1,0,1,1,9,100.5,918.6,1,1.5666666666666629,1,0,0,0,0,1,1,0,0,0,0,1,0,1
1907-UBQFC,1,0,0,1,0,1,0,0,0,0,10,72.85,688.65,1,3.9849999999999994,1,0,0,0,0,0,1,0,0,0,0,1,0,1
6513-EECDB,1,1,0,1,0,0,0,0,0,0,1,73.55,73.55,0,0.0,0,0,0,0,0,1,1,0,0,0,0,1,0,1
7074-IEVOJ,1,0,0,1,0,1,0,0,0,0,3,79.4,205.05,1,11.049999999999997,0,0,0,0,0,1,1,0,0,0,0,1,0,1
9625-QSTYE,0,0,0,1,0,1,1,0,0,0,13,81.15,952.3,2,7.896153846153851,0,1,0,0,0,0,1,0,0,0,0,1,0,1
4750-ZRXIU,1,0,0,1,0,0,0,0,0,1,4,84.6,360.1,0,5.425000000000011,0,0,0,0,0,1,1,0,0,0,0,1,0,1
6400-BWQKW,0,0,0,1,1,0,0,0,0,0,6,79.05,434.5,1,6.633333333333326,0,0,0,0,0,1,1,0,0,0,0,1,0,1
6680-WKXRZ,0,0,0,0,0,0,0,0,0,0,3,74.4,215.8,0,2.4666666666666686,0,0,0,0,0,1,1,0,0,0,0,0,0,1
7028-DVOIQ,1,0,0,1,0,0,1,0,1,1,35,99.05,3395.8,1,2.0271428571428487,0,0,1,0,0,1,1,0,0,0,0,1,0,1
4208-UFFGW,1,0,0,0,0,0,0,0,0,0,2,44.95,85.15,0,2.375,0,0,0,0,0,0,0,0,0,0,0,0,1,1
9448-REEVD,0,1,0,0,0,0,0,0,0,0,1,44.7,44.7,0,0.0,0,0,0,0,0,0,0,0,0,0,1,0,0,1
9117-SHLZX,0,0,0,1,0,0,0,0,0,0,1,45.7,45.7,0,0.0,0,0,0,0,0,0,0,0,0,0,0,0,1,1
9889-TMAHG,1,0,0,0,1,0,0,1,1,1,8,100.3,832.35,2,3.7437500000000057,1,0,0,0,0,0,1,0,0,0,1,0,0,1
4541-RMRLG,0,0,0,0,0,0,0,0,0,0,7,19.25,112.3,0,3.207142857142859,1,0,0,0,0,0,0,1,0,0,0,1,0,1
3158-MOERK,0,0,0,1,0,0,0,0,1,1,2,96.0,174.8,0,8.599999999999994,0,0,0,0,0,1,1,0,0,0,0,1,0,1
7294-TMAOP,0,0,0,0,0,0,0,0,1,1,1,90.55,90.55,0,0.0,0,0,0,0,0,0,1,0,0,0,0,1,0,1
8919-FYFQZ,1,1,0,1,0,1,0,0,0,0,44,30.35,1359.7,1,0.5522727272727259,0,0,1,0,1,0,0,0,0,0,0,1,0,1
2834-JRTUA,0,0,0,1,1,0,1,1,1,1,71,108.05,7532.15,3,1.9633802816901493,0,0,0,1,0,1,1,0,0,1,0,1,0,1
5875-YPQFJ,0,0,0,1,0,0,0,0,0,0,1,69.9,69.9,0,0.0,0,0,0,0,0,0,1,0,0,0,0,1,0,1
6646-QVXLR,1,1,0,1,0,1,1,0,1,1,62,103.75,6383.35,2,0.7927419354838605,0,0,0,1,0,1,1,0,1,0,0,1,0,1
8603-IJWDN,0,0,0,1,0,0,0,0,0,1,1,86.6,86.6,0,0.0,0,0,0,0,0,1,1,0,0,0,0,1,0,1
9369-XFEHK,1,1,0,1,0,1,0,0,0,0,33,80.6,2656.5,1,0.09999999999999432,0,0,1,0,0,1,1,0,0,0,0,0,0,1
3842-IYKUE,0,0,0,0,0,1,0,1,0,0,35,85.3,2917.5,2,1.942857142857136,0,0,1,0,0,1,1,0,0,0,1,0,0,1
6641-XRPSU,0,0,0,1,0,0,0,0,0,0,34,70.0,2416.1,0,1.0617647058823536,0,0,1,0,0,0,1,0,0,0,1,0,0,1
1374-DMZUI,1,0,0,1,0,0,0,0,1,1,4,94.3,424.45,0,11.8125,0,0,0,0,0,1,1,0,0,0,0,1,0,1
8357-EQXFO,0,0,0,1,0,0,1,0,1,1,7,95.35,660.9,1,0.9357142857142833,1,0,0,0,0,0,1,0,0,0,0,1,0,1
1989-PRJHP,1,1,0,1,0,0,0,0,0,0,27,75.5,1893.95,0,5.353703703703701,0,0,1,0,0,1,1,0,0,0,0,1,0,1
9524-EGPJC,0,0,0,1,0,0,0,1,0,1,18,90.1,1612.75,1,0.5027777777777658,0,1,0,0,0,1,1,0,0,0,0,1,0,1
6993-OHLXR,0,0,0,0,0,0,0,0,0,0,2,68.95,119.75,0,9.075000000000003,0,0,0,0,0,0,1,0,0,0,0,1,0,1
8818-XYFCQ,0,1,0,1,1,0,0,0,1,1,32,99.55,3204.65,1,0.5953125000000057,0,0,1,0,0,1,1,0,0,0,1,0,0,1
4695-VADHF,0,1,0,0,0,0,1,0,0,1,18,57.45,990.85,1,2.4027777777777786,0,1,0,0,0,0,0,0,0,0,0,1,0,1
3863-IUBJR,0,1,0,0,0,0,0,0,0,1,12,53.65,696.35,0,4.37916666666667,1,0,0,0,0,0,0,0,1,0,1,0,0,1
4822-RVYBB,1,0,0,1,0,0,1,0,1,1,8,100.6,819.4,1,1.8250000000000028,1,0,0,0,0,1,1,0,0,0,0,1,0,1
8436-BJUMM,0,1,0,1,0,0,0,0,1,0,26,83.75,2070.6,0,4.1115384615384585,0,0,1,0,0,1,1,0,0,0,0,1,0,1
4184-TJFAN,1,1,0,1,1,0,0,1,1,0,3,88.3,273.75,2,2.950000000000003,0,0,0,0,0,0,1,0,0,0,0,0,1,1
4145-UQXUQ,1,0,0,1,0,0,1,0,1,1,8,92.1,729.95,1,0.8562499999999886,1,0,0,0,0,0,1,0,0,0,0,1,0,1
9948-YPTDG,0,1,0,1,1,1,0,0,0,0,38,79.45,3013.05,2,0.15921052631578902,0,0,1,0,0,0,1,0,0,0,0,1,0,1
1236-WFCDV,1,0,0,0,0,0,0,0,1,1,14,90.45,1266.1,0,0.014285714285719564,0,1,0,0,0,0,1,0,0,0,1,0,0,1
4883-QICIH,0,1,0,1,0,0,0,0,0,0,32,69.75,2347.9,0,3.621875000000003,0,0,1,0,0,0,1,0,0,0,0,0,0,1
8329-IBCTI,0,0,0,0,0,0,0,0,0,0,1,19.65,19.65,0,0.0,0,0,0,0,0,0,0,1,0,0,0,0,1,1
1271-SJBGZ,1,0,0,1,0,0,1,1,0,1,12,43.65,526.95,2,0.26250000000000284,1,0,0,0,1,0,0,0,0,0,0,1,0,1
5669-SRAIP,0,0,0,0,0,0,1,0,0,1,5,39.5,210.75,1,2.6499999999999986,0,0,0,0,1,0,0,0,0,0,0,1,0,1
5981-ITEMU,0,1,0,1,0,0,0,0,1,1,40,97.1,3706.95,0,4.426249999999996,0,0,1,0,0,1,1,0,0,0,0,0,0,1
6941-PMGEP,0,0,0,1,0,0,0,0,0,1,5,80.0,412.5,0,2.5,0,0,0,0,0,0,1,0,0,0,0,1,0,1
1624-WOIWJ,0,0,0,1,1,0,0,0,1,0,10,84.7,832.05,1,1.4950000000000045,1,0,0,0,0,0,1,0,0,0,0,0,1,1
2074-GKOWZ,0,1,0,1,0,0,0,0,1,1,2,89.55,185.55,0,3.2250000000000085,0,0,0,0,0,0,1,0,0,0,0,0,0,1
0376-YMCJC,0,0,0,1,0,0,0,1,1,0,23,90.6,1943.2,1,6.113043478260863,0,1,0,0,0,1,1,0,0,0,0,1,0,1
0634-SZPQA,0,0,0,1,1,0,0,0,1,0,23,90.05,2169.8,1,4.289130434782621,0,1,0,0,0,1,1,0,0,0,0,0,0,1
5536-RTPWK,0,1,0,1,0,1,0,0,1,1,49,99.05,4853.75,1,0.006122448979596129,0,0,0,1,0,1,1,0,0,0,0,0,0,1
6166-ILMNY,0,0,0,0,0,0,0,0,0,0,2,69.75,144.55,0,2.5250000000000057,0,0,0,0,0,0,1,0,0,0,0,0,0,1
3097-NNSPB,0,0,0,1,0,1,0,0,0,0,2,49.05,91.1,1,3.5,0,0,0,0,0,0,0,0,0,0,1,0,0,1
0655-RBDUG,0,0,0,1,0,0,1,0,1,1,7,98.05,713.0,1,3.807142857142864,1,0,0,0,0,1,1,0,0,0,0,0,0,1
4361-BKAXE,0,0,0,1,1,1,1,1,1,1,41,114.5,4527.45,4,4.074390243902442,0,0,1,0,0,1,1,0,0,0,0,0,0,1
9878-TNQGW,0,0,0,1,0,0,0,0,0,1,2,80.95,171.15,0,4.625,0,0,0,0,0,0,1,0,0,0,0,1,0,1
4441-NIHPT,1,0,0,1,0,0,1,0,0,0,13,74.3,940.35,1,1.9653846153846075,0,1,0,0,0,0,1,0,0,0,0,1,0,1
8999-BOHSE,1,0,0,0,0,0,0,0,1,1,11,89.7,1047.7,0,5.545454545454547,1,0,0,0,0,0,1,0,0,0,0,0,0,1
7029-RPUAV,1,1,0,1,0,0,1,0,1,1,17,100.45,1622.45,1,5.0117647058823565,0,1,0,0,0,1,1,0,0,0,1,0,0,1
4607-CHPCA,0,1,0,1,0,0,0,0,1,1,25,90.4,2178.6,0,3.2560000000000144,0,0,1,0,0,0,1,0,1,0,0,1,0,1
8824-RWFXJ,0,1,0,1,0,1,1,0,0,0,3,56.15,168.15,2,0.09999999999999432,0,0,0,0,0,0,0,0,0,0,0,0,1,1
9763-PDTKK,0,0,0,1,1,0,1,1,0,1,4,94.4,387.2,3,2.3999999999999915,0,0,0,0,0,0,1,0,0,0,0,0,0,1
7627-JKIAZ,0,1,0,1,0,0,1,0,0,0,37,78.95,2839.65,1,2.202702702702709,0,0,1,0,0,1,1,0,0,0,1,0,0,1
4081-DYXAV,0,0,0,1,0,0,0,0,1,1,19,44.85,893.55,0,2.178947368421049,0,1,0,0,1,0,0,0,1,0,1,0,0,1
8111-SLLHI,1,1,0,1,0,1,1,0,1,1,39,105.65,4284.8,2,4.216666666666669,0,0,1,0,0,1,1,0,0,0,0,1,0,1
0927-LCSMG,0,0,0,0,0,0,1,0,0,0,7,74.65,544.55,1,3.1428571428571246,1,0,0,0,0,0,1,0,0,0,0,0,1,1
8257-RZAHR,0,1,0,1,1,0,0,0,1,0,14,64.7,941.0,1,2.5142857142857054,0,1,0,0,0,1,0,0,0,0,0,0,0,1
5293-WXJAK,1,1,0,1,0,0,1,1,1,1,11,104.05,1133.65,2,0.990909090909085,1,0,0,0,0,1,1,0,0,0,0,0,0,1
0841-NULXI,0,0,0,1,0,0,0,0,0,1,1,35.55,35.55,0,0.0,0,0,0,0,1,0,0,0,0,0,0,1,0,1
7851-WZEKY,0,0,0,1,0,0,0,0,1,1,2,95.15,196.9,0,3.299999999999997,0,0,0,0,0,1,1,0,0,0,0,1,0,1
8844-TONUD,0,1,0,1,0,0,1,0,1,1,13,96.65,1162.85,1,7.200000000000017,0,1,0,0,0,0,1,0,0,0,0,0,1,1
4086-YQSNZ,1,1,0,1,0,0,0,0,1,0,3,80.4,224.05,0,5.716666666666669,0,0,0,0,0,0,1,0,0,0,0,1,0,1
5868-CZJDR,0,0,0,1,0,1,0,0,0,0,1,31.35,31.35,1,0.0,0,0,0,0,1,0,0,0,0,0,0,0,1,1
0135-NMXAP,0,0,0,1,0,1,0,0,1,0,12,89.75,1052.4,1,2.049999999999997,1,0,0,0,0,1,1,0,0,0,0,0,0,1
6270-OMFIW,0,1,0,1,0,1,0,0,1,1,60,94.4,5610.25,1,0.8958333333333428,0,0,0,1,0,0,1,0,1,0,0,1,0,1
0107-WESLM,0,0,0,1,0,0,0,0,0,0,1,19.85,19.85,0,0.0,0,0,0,0,0,0,0,1,0,0,0,1,0,1
3992-YWPKO,0,0,0,1,0,1,1,1,1,1,6,109.9,669.45,3,1.6749999999999972,0,0,0,0,0,1,1,0,0,0,1,0,0,1
0125-LZQXK,0,0,0,1,0,0,1,1,1,1,15,101.35,1553.95,2,2.2466666666666697,0,1,0,0,0,0,1,0,0,0,0,1,0,1
8399-YNDCH,1,0,0,1,0,0,1,0,1,0,21,60.05,1236.15,1,1.1857142857142762,0,1,0,0,0,0,0,0,0,0,0,0,0,1
5673-FSSMF,0,0,0,1,0,0,0,0,0,1,1,60.15,60.15,0,0.0,0,0,0,0,0,1,0,0,0,0,0,1,0,1
1579-KLYDT,0,0,0,1,0,0,1,0,1,0,7,90.45,593.45,1,5.671428571428564,1,0,0,0,0,1,1,0,0,0,0,1,0,1
3927-NLNRY,0,1,0,1,0,1,0,0,1,1,53,94.25,4867.95,1,2.401886792452828,0,0,0,1,0,0,1,0,1,0,0,0,0,1
6358-LYNGM,0,0,0,1,0,0,0,0,0,0,1,74.9,74.9,0,0.0,0,0,0,0,0,1,1,0,0,0,0,1,0,1
5494-HECPR,0,0,0,1,0,0,0,0,1,0,1,80.25,80.25,0,0.0,0,0,0,0,0,0,1,0,0,0,0,1,0,1
9824-BEMCV,0,1,0,1,0,0,0,0,0,0,17,69.0,1149.65,0,1.3735294117647072,0,1,0,0,0,0,1,0,0,0,0,1,0,1
1373-ORVIZ,0,1,0,1,0,0,0,1,0,1,11,66.35,740.8,1,0.9954545454545496,1,0,0,0,0,1,0,0,0,0,0,1,0,1
9866-QEVEE,0,0,0,1,0,0,0,0,0,1,19,86.0,1532.45,0,5.344736842105263,0,1,0,0,0,1,1,0,0,0,0,0,0,1
9897-KXHCM,0,1,0,1,0,0,0,0,0,1,3,80.3,250.05,0,3.0500000000000114,0,0,0,0,0,0,1,0,0,0,0,1,0,1
7979-CORPM,0,0,0,1,0,1,0,0,1,0,24,90.55,2282.55,1,4.556250000000006,0,1,0,0,0,1,1,0,0,0,1,0,0,1
1618-CFHME,0,0,0,1,0,0,0,0,0,0,2,75.9,143.35,0,4.2250000000000085,0,0,0,0,0,1,1,0,0,0,0,1,0,1
3165-HDOEW,0,1,0,1,0,0,0,0,0,0,1,45.85,45.85,0,0.0,0,0,0,0,0,0,0,0,0,0,0,0,1,1
6581-NQCBA,0,1,0,1,0,0,0,1,1,1,16,49.95,810.2,1,0.6875,0,1,0,0,1,0,0,0,0,0,0,1,0,1
1689-MRZQR,0,1,0,0,0,0,0,0,1,0,34,78.3,2564.3,0,2.8794117647058783,0,0,1,0,0,0,1,0,0,0,0,1,0,1
5835-BEQEU,0,0,0,1,0,0,0,0,0,0,3,76.95,228.4,0,0.8166666666666629,0,0,0,0,0,1,1,0,0,0,0,1,0,1
5565-FILXA,1,0,0,1,0,0,0,0,1,1,16,96.15,1529.2,0,0.5750000000000028,0,1,0,0,0,1,1,0,0,0,0,1,0,1
5552-ZNFSJ,0,0,0,0,0,0,0,0,0,0,1,45.3,45.3,0,0.0,0,0,0,0,0,0,0,0,0,0,0,1,0,1
2223-KAGMX,0,0,0,0,0,0,0,0,0,0,15,19.4,289.3,0,0.11333333333332973,0,1,0,0,0,0,0,1,0,0,0,0,0,1
7321-PKUYW,0,0,0,0,0,0,0,1,1,0,11,90.15,987.95,1,0.3363636363636431,1,0,0,0,0,1,1,0,0,0,0,1,0,1
2833-SLKDQ,0,0,0,0,0,0,0,0,0,0,1,45.05,45.05,0,0.0,0,0,0,0,0,0,0,0,0,0,0,0,1,1
7595-EUIVN,0,0,0,0,0,1,0,0,0,0,1,75.8,75.8,1,0.0,0,0,0,0,0,0,1,0,0,0,0,1,0,1
2026-TGDHM,0,0,0,1,0,0,0,0,0,1,7,79.3,523.15,0,4.564285714285717,1,0,0,0,0,0,1,0,0,0,0,1,0,1
4030-VPZBD,0,0,0,1,0,0,0,1,0,0,2,30.9,59.05,1,1.375,0,0,0,0,1,0,0,0,0,0,0,1,0,1
4187-CINZD,1,0,0,0,0,1,0,0,1,1,46,95.25,4424.2,1,0.9282608695652073,0,0,1,0,0,0,1,0,1,0,1,0,0,1
6818-WOBHJ,1,1,0,1,0,1,0,0,0,1,68,89.6,6127.6,1,0.5117647058823707,0,0,0,1,0,1,1,0,0,0,0,0,0,1
2408-TZMJL,0,1,0,1,1,1,1,0,1,1,59,110.15,6448.05,3,0.8610169491525426,0,0,0,1,0,1,1,0,1,0,0,1,0,1
9134-CEQMF,1,1,0,1,0,0,0,0,1,1,7,89.5,676.7,0,7.171428571428578,1,0,0,0,0,0,1,0,0,0,0,1,0,1
7993-PYKOF,0,1,0,0,1,0,0,0,0,0,8,75.0,632.95,1,4.118750000000006,1,0,0,0,0,0,1,0,0,0,0,1,0,1
5027-XWQHA,0,0,0,0,0,0,0,0,0,0,6,44.75,270.95,0,0.40833333333333144,0,0,0,0,0,0,0,0,0,0,0,1,0,1
4566-QVRRW,0,1,0,1,0,0,0,0,0,0,11,44.05,483.7,0,0.07727272727272805,1,0,0,0,0,0,0,0,0,0,0,1,0,1
8519-IMDHU,1,1,0,1,0,0,0,0,0,1,15,85.6,1345.55,0,4.103333333333339,0,1,0,0,0,1,1,0,0,0,0,0,0,1
0201-OAMXR,0,0,0,0,1,1,1,1,1,1,70,115.55,8127.6,4,0.5585714285714403,0,0,0,1,0,1,1,0,1,0,1,0,0,1
3372-KWFBM,1,0,0,1,0,0,0,0,1,0,16,86.6,1281.0,0,6.537499999999994,0,1,0,0,0,1,1,0,0,0,0,1,0,1
7831-QGOXH,0,0,0,1,0,0,0,0,1,0,18,85.2,1553.9,0,1.12777777777778,0,1,0,0,0,1,1,0,0,0,0,1,0,1
6393-WRYZE,0,1,0,1,0,0,0,0,1,1,34,97.65,3207.55,0,3.310294117647061,0,0,1,0,0,1,1,0,0,0,0,1,0,1
6599-RCLCJ,0,1,0,1,0,1,1,1,1,1,47,109.55,5124.55,3,0.5170212765957416,0,0,1,0,0,1,1,0,0,0,0,1,0,1
9831-BPFRI,0,1,0,1,0,1,1,1,0,0,39,89.55,3474.45,3,0.461538461538467,0,0,1,0,0,1,1,0,1,0,0,1,0,1
1725-MIMXW,0,0,0,1,0,0,0,0,0,0,1,19.45,19.45,0,0.0,0,0,0,0,0,0,0,1,0,0,0,0,1,1
0031-PVLZI,0,1,0,0,0,0,0,0,0,0,4,20.35,76.35,0,1.2625000000000028,0,0,0,0,0,0,0,1,0,0,0,0,1,1
7206-GZCDC,1,0,0,1,0,0,0,0,0,0,1,69.25,69.25,0,0.0,0,0,0,0,0,0,1,0,0,0,0,1,0,1
4791-QRGMF,0,1,0,1,0,0,1,0,1,1,59,99.5,5961.1,1,1.5355932203389955,0,0,0,1,0,1,1,0,1,0,0,0,0,1
1768-ZAIFU,1,0,0,1,0,0,0,0,0,0,1,25.2,25.2,0,0.0,0,0,0,0,1,0,0,0,0,0,0,1,0,1
4671-LXRDQ,0,0,0,1,0,0,0,0,0,0,2,45.0,96.45,0,3.2250000000000014,0,0,0,0,0,0,0,0,0,0,0,0,1,1
1934-SJVJK,0,0,0,0,0,0,0,0,0,0,1,20.15,20.15,0,0.0,0,0,0,0,0,0,0,1,0,0,0,0,1,1
3838-OZURD,0,1,0,1,0,1,1,0,1,1,66,105.0,7133.25,2,3.0795454545454533,0,0,0,1,0,1,1,0,0,0,1,0,0,1
9269-CQOOL,0,0,0,1,0,0,0,0,1,0,3,54.7,169.45,0,1.7833333333333243,0,0,0,0,0,0,0,0,0,0,1,0,0,1
2845-HSJCY,0,1,0,1,0,0,1,0,0,1,14,87.25,1258.6,1,2.6499999999999915,0,1,0,0,0,1,1,0,0,0,0,1,0,1
1184-PJVDB,0,1,0,1,0,0,0,0,1,0,10,79.95,857.2,0,5.769999999999996,1,0,0,0,0,0,1,0,0,0,0,1,0,1
9415-DPEWS,0,0,0,1,0,0,0,1,1,0,18,88.35,1639.3,1,2.7222222222222285,0,1,0,0,0,1,1,0,0,0,0,1,0,1
7943-RQCHR,0,0,0,1,0,0,0,0,1,1,9,94.75,889.9,0,4.12777777777778,1,0,0,0,0,1,1,0,0,0,0,1,0,1
3793-MMFUH,1,0,0,1,0,0,0,0,1,1,13,95.05,1290.0,0,4.180769230769229,0,1,0,0,0,1,1,0,0,0,0,1,0,1
3249-ZPQRG,0,0,0,0,0,1,0,0,0,0,4,78.45,330.05,1,4.0625,0,0,0,0,0,1,1,0,0,0,0,1,0,1
2568-BRGYX,0,0,0,1,0,0,0,0,0,0,4,70.2,237.95,0,10.712500000000006,0,0,0,0,0,0,1,0,0,0,0,1,0,1
7721-JXEAW,0,1,0,1,0,1,0,0,0,1,59,41.05,2452.7,1,0.5211864406779654,0,0,0,1,1,0,0,0,0,0,0,0,0,1
7249-WBIYX,0,1,0,1,0,0,0,0,1,0,10,85.6,813.85,0,4.214999999999989,1,0,0,0,0,1,1,0,0,0,0,1,0,1
6567-HOOPW,1,0,0,1,0,0,0,0,1,0,1,79.2,79.2,0,0.0,0,0,0,0,0,0,1,0,0,0,0,1,0,1
3164-AALRN,0,0,0,1,0,0,1,0,1,1,5,70.0,347.4,1,0.5200000000000102,0,0,0,0,0,0,0,0,1,0,0,0,1,1
3334-CTHOL,0,0,0,1,0,0,0,0,0,0,1,49.95,49.95,0,0.0,0,0,0,0,0,1,0,0,0,0,0,0,0,1
4704-ERYFC,0,1,0,1,0,0,0,0,0,0,22,69.25,1554.0,0,1.3863636363636402,0,1,0,0,0,0,1,0,0,0,0,1,0,1
8621-MNIHH,1,1,0,1,0,1,1,0,0,1,34,94.25,3217.55,2,0.3838235294117709,0,0,1,0,0,1,1,0,0,0,0,1,0,1
0471-LVHGK,0,1,0,1,0,0,1,0,1,1,41,73.0,3001.2,1,0.19999999999998863,0,0,1,0,0,1,0,0,1,0,0,1,0,1
9518-RWHZL,0,0,0,1,0,0,1,0,1,1,64,100.05,6254.2,1,2.328125,0,0,0,1,0,1,1,0,1,0,1,0,0,1
5419-CONWX,1,0,0,1,0,1,1,0,1,1,4,99.8,442.85,2,10.912500000000009,0,0,0,0,0,0,1,0,0,0,1,0,0,1
6240-EURKS,0,0,0,1,0,0,0,0,0,1,18,35.0,553.0,0,4.277777777777779,0,1,0,0,1,0,0,0,0,0,0,1,0,1
6960-HVYXR,0,0,0,0,0,0,0,0,0,0,1,76.0,76.0,0,0.0,0,0,0,0,0,1,1,0,0,0,0,1,0,1
7024-OHCCK,1,0,0,1,0,0,0,0,1,1,2,93.85,170.85,0,8.424999999999997,0,0,0,0,0,1,1,0,0,0,0,1,0,1
7861-UVUFT,0,1,0,1,0,0,1,0,1,0,15,84.3,1308.4,1,2.9266666666666765,0,1,0,0,0,0,1,0,0,0,0,1,0,1
5357-TZHPP,1,0,0,1,0,0,0,0,0,1,9,84.4,732.5,0,3.01111111111112,1,0,0,0,0,1,1,0,0,0,1,0,0,1
0680-DFNNY,0,1,0,1,0,0,1,0,1,1,15,101.1,1504.05,1,0.8299999999999983,0,1,0,0,0,1,1,0,0,0,0,1,0,1
7767-UXAGJ,0,0,0,1,0,0,0,0,0,0,1,50.45,50.45,0,0.0,0,0,0,0,0,1,0,0,0,0,0,1,0,1
1571-SAVHK,0,0,0,1,0,0,0,1,1,1,12,99.95,1132.75,1,5.554166666666674,1,0,0,0,0,1,1,0,0,0,0,0,1,1
9546-CQJSU,0,0,0,1,0,0,1,0,1,0,2,91.4,193.6,1,5.3999999999999915,0,0,0,0,0,1,1,0,0,0,0,1,0,1
0506-LVNGN,1,0,0,1,0,0,1,0,0,0,5,75.55,349.65,1,5.6200000000000045,0,0,0,0,0,0,1,0,0,0,1,0,0,1
2951-QOQTK,0,0,0,0,0,0,0,1,0,0,4,80.8,332.45,1,2.3125,0,0,0,0,0,1,1,0,0,0,1,0,0,1
3473-XIIIT,0,1,0,1,0,1,0,0,1,1,16,100.0,1534.75,1,4.078125,0,1,0,0,0,1,1,0,0,0,0,1,0,1
7893-IXHRQ,0,0,0,0,0,0,0,0,0,0,1,20.55,20.55,0,0.0,0,0,0,0,0,0,0,1,0,0,0,1,0,1
2952-QAYZF,0,0,0,1,0,1,1,0,0,0,5,85.3,424.15,2,0.46999999999999886,0,0,0,0,0,1,1,0,0,0,0,1,0,1
4763-PGDPO,0,0,0,0,0,0,0,0,0,0,4,70.4,281.0,0,0.15000000000000568,0,0,0,0,0,0,1,0,0,0,0,1,0,1
5394-SVGJV,0,0,0,0,0,0,0,1,1,1,37,98.8,3475.55,1,4.866216216216202,0,0,1,0,0,1,1,0,0,0,0,0,0,1
9283-LZQOH,0,1,0,1,0,0,0,0,0,0,13,74.4,896.75,0,5.419230769230779,0,1,0,0,0,1,1,0,0,0,1,0,0,1
7079-QRCBC,0,0,0,1,0,0,1,0,1,1,24,98.75,2407.3,1,1.5541666666666742,0,1,0,0,0,1,1,0,0,0,0,1,0,1
5469-CTCWN,0,1,0,1,1,1,0,0,1,1,61,106.0,6547.7,2,1.3393442622950857,0,0,0,1,0,1,1,0,1,0,0,1,0,1
9851-QXEEQ,0,0,0,1,0,1,1,0,1,1,41,104.7,4346.4,2,1.309756097560964,0,0,1,0,0,1,1,0,0,0,0,1,0,1
9809-IMGCQ,1,0,0,1,0,0,0,0,1,1,22,96.7,2082.95,0,2.0204545454545553,0,1,0,0,0,1,1,0,0,0,0,1,0,1
5208-HFSBT,0,0,0,1,0,1,0,1,0,0,2,55.05,102.75,2,3.674999999999997,0,0,0,0,0,0,0,0,0,0,1,0,0,1
3254-YRILK,1,0,0,1,0,1,0,0,1,0,19,88.2,1775.8,1,5.263157894736835,0,1,0,0,0,1,1,0,0,0,0,1,0,1
2667-WYLWJ,0,1,0,1,0,0,0,0,0,0,8,19.75,145.0,0,1.625,1,0,0,0,0,0,0,1,1,0,0,0,1,1
0529-ONKER,1,0,0,0,0,0,0,0,0,0,15,75.65,1146.65,0,0.7933333333333366,0,1,0,0,0,1,1,0,0,0,0,1,0,1
5240-IJOQT,1,0,0,1,0,0,0,0,0,0,1,74.7,74.7,0,0.0,0,0,0,0,0,1,1,0,0,0,0,1,0,1
1092-GANHU,0,0,0,1,0,0,1,0,0,0,17,76.65,1313.55,1,0.6176470588235219,0,1,0,0,0,0,1,0,0,0,0,1,0,1
0661-XEYAN,1,0,0,1,0,0,0,0,0,0,1,25.8,25.8,0,0.0,0,0,0,0,1,0,0,0,0,0,0,0,1,1
7881-EVUAD,0,0,0,1,1,1,0,0,0,1,2,42.6,72.4,2,6.399999999999999,0,0,0,0,1,0,0,0,0,0,0,1,0,1
5766-XQXMQ,0,0,0,1,1,1,1,0,0,1,29,68.85,1970.5,3,0.9017241379310263,0,0,1,0,0,0,0,0,0,0,0,0,0,1
3703-VAVCL,0,1,0,0,0,0,1,1,0,1,2,90.0,190.05,2,5.025000000000006,0,0,0,0,0,0,1,0,0,0,1,0,0,1
8519-QJGJD,0,0,0,0,0,0,1,0,0,0,14,75.35,1025.95,1,2.067857142857136,0,1,0,0,0,0,1,0,0,0,0,1,0,1
6326-MTTXK,0,0,0,0,0,1,0,0,1,1,8,100.85,819.55,1,1.59375,1,0,0,0,0,1,1,0,0,0,0,1,0,1
0330-IVZHA,0,1,0,0,0,0,0,0,0,0,5,69.95,330.15,0,3.9200000000000017,0,0,0,0,0,0,1,0,0,0,0,1,0,1
2886-KEFUM,0,1,0,1,0,1,1,0,1,1,63,107.5,6873.75,2,1.6071428571428612,0,0,0,1,0,1,1,0,1,0,0,1,0,1
4237-RLAQD,0,0,0,1,0,0,0,0,0,0,1,45.85,45.85,0,0.0,0,0,0,0,0,0,0,0,0,0,0,0,1,1
9651-GTSAQ,0,1,0,1,1,1,1,0,1,1,53,106.1,5769.75,3,2.763207547169813,0,0,0,1,0,0,1,0,1,0,0,0,0,1
3186-BAXNB,0,0,0,0,0,1,0,1,1,0,1,91.7,91.7,2,0.0,0,0,0,0,0,0,1,0,0,0,0,1,0,1
0637-YLETY,0,0,0,1,0,1,1,0,0,1,16,95.6,1555.65,2,1.6281250000000114,0,1,0,0,0,1,1,0,0,0,1,0,0,1
1157-BQCUW,0,0,0,1,0,0,0,0,0,0,1,74.95,74.95,0,0.0,0,0,0,0,0,1,1,0,0,0,0,1,0,1
2660-EMUBI,1,0,0,1,0,0,0,0,1,1,10,95.35,898.35,0,5.514999999999986,1,0,0,0,0,1,1,0,0,0,0,1,0,1
7675-OZCZG,1,0,0,0,0,0,0,0,0,0,3,45.0,127.1,0,2.633333333333333,0,0,0,0,0,0,0,0,0,0,0,1,0,1
2003-CKLOR,0,0,0,0,0,1,1,0,1,1,66,99.5,6710.5,2,2.174242424242422,0,0,0,1,0,0,1,0,0,0,0,1,0,1
9254-RBFON,0,1,0,0,0,0,1,1,1,1,17,98.6,1704.95,2,1.6911764705882462,0,1,0,0,0,0,1,0,1,0,0,0,0,1
1205-WNWPJ,0,0,0,1,0,0,0,1,1,0,7,59.5,415.95,1,0.07857142857142918,1,0,0,0,0,0,0,0,0,0,0,0,1,1
9391-EOYLI,1,1,0,1,0,0,0,0,0,1,12,80.45,950.2,0,1.2666666666666657,1,0,0,0,0,0,1,0,0,0,0,1,0,1
8387-MOJJT,0,1,0,1,0,0,0,0,1,0,42,77.95,3384.0,0,2.6214285714285666,0,0,1,0,0,0,1,0,0,0,1,0,0,1
2761-OCIAX,1,0,0,1,0,1,0,0,0,0,2,74.7,165.4,1,8.0,0,0,0,0,0,0,1,0,0,0,0,1,0,1
3068-OMWZA,1,0,0,1,0,0,1,0,1,0,1,88.8,88.8,1,0.0,0,0,0,0,0,1,1,0,0,0,0,1,0,1
6032-KRXXO,0,0,0,1,0,0,0,0,1,1,30,90.25,2755.35,0,1.5949999999999989,0,0,1,0,0,0,1,0,0,0,0,1,0,1
7459-RRWQZ,0,0,0,1,1,0,0,0,0,1,15,64.65,994.55,1,1.6533333333333218,0,1,0,0,0,1,0,0,0,0,0,0,0,1
4154-AQUGT,1,1,0,1,0,1,0,1,0,1,13,89.05,1169.35,2,0.8999999999999915,0,1,0,0,0,0,1,0,0,0,0,0,0,1
3092-IGHWF,0,1,0,0,0,1,1,0,0,0,67,87.4,5918.8,2,0.9402985074626855,0,0,0,1,0,1,1,0,1,0,0,1,0,1
8017-LXHFA,1,0,0,1,0,1,0,0,1,1,23,94.75,2293.6,1,4.971739130434784,0,1,0,0,0,0,1,0,0,0,0,1,0,1
6352-TWCAU,0,0,0,1,0,0,0,0,1,0,35,86.45,3029.1,0,0.09571428571427987,0,0,1,0,0,1,1,0,0,0,0,1,0,1
2929-QNSRW,0,1,0,1,0,1,0,0,1,1,56,98.25,5508.35,1,0.11339285714286973,0,0,0,1,0,1,1,0,1,0,0,1,0,1
1262-OPMFY,0,1,0,1,0,0,1,0,0,0,9,75.75,655.9,1,2.87222222222222,1,0,0,0,0,0,1,0,0,0,0,0,0,1
4248-QPAVC,1,1,0,1,1,0,1,0,0,0,17,85.35,1463.45,2,0.7352941176470722,0,1,0,0,0,1,1,0,0,0,0,0,0,1
1899-VXWXM,0,0,0,1,0,1,1,0,1,1,48,106.1,5082.8,2,0.2083333333333286,0,0,1,0,0,1,1,0,1,0,1,0,0,1
4690-LLKUA,1,0,0,1,0,0,0,0,0,0,17,45.05,770.6,0,0.279411764705884,0,1,0,0,0,0,0,0,0,0,0,1,0,1
3331-HQDTW,0,0,0,1,1,1,1,0,1,1,34,109.8,3587.25,3,4.292647058823533,0,0,1,0,0,1,1,0,0,0,0,0,1,1
9490-DFPMD,1,0,0,1,0,0,0,0,1,0,42,84.65,3541.35,0,0.33214285714286973,0,0,1,0,0,1,1,0,0,0,0,1,0,1
5442-XSDCW,0,1,0,1,0,0,0,0,1,0,11,79.5,868.5,0,0.5454545454545467,1,0,0,0,0,0,1,0,0,0,0,0,0,1
3049-NDXFL,0,0,0,0,0,0,0,0,0,1,1,85.8,85.8,0,0.0,0,0,0,0,0,1,1,0,0,0,0,0,1,1
8580-AECUZ,1,0,0,1,0,0,0,0,1,0,1,79.1,79.1,0,0.0,0,0,0,0,0,0,1,0,0,0,0,1,0,1
7963-GQRMY,0,1,0,0,0,0,0,0,0,0,3,44.3,134.5,0,0.5333333333333385,0,0,0,0,0,0,0,0,0,0,0,0,1,1
1228-FZFRV,0,1,0,0,1,0,1,0,1,1,50,105.95,5341.8,2,0.8859999999999957,0,0,0,1,0,1,1,0,0,0,1,0,0,1
2058-DCJBE,0,0,0,1,0,0,0,0,0,0,5,69.75,324.6,0,4.829999999999998,0,0,0,0,0,0,1,0,0,0,0,1,0,1
5364-XYIRR,0,1,0,1,0,0,0,0,1,1,51,94.65,4812.75,0,0.2823529411764696,0,0,0,1,0,1,1,0,0,0,0,1,0,1
4829-AUOAX,0,0,0,0,0,0,0,0,1,1,46,96.05,4399.5,0,0.408695652173904,0,0,1,0,0,1,1,0,0,0,0,0,0,1
5047-LHVLY,1,0,0,1,0,0,1,0,0,0,1,50.15,50.15,1,0.0,0,0,0,0,0,0,0,0,0,0,0,0,1,1
9158-VCTQB,0,1,0,1,1,1,1,1,1,1,41,113.6,4594.95,4,1.5280487804878078,0,0,1,0,0,1,1,0,0,0,0,0,0,1
6311-UEUME,0,0,0,1,0,0,0,0,1,0,29,78.9,2384.15,0,3.3120689655172413,0,0,1,0,0,0,1,0,0,0,0,1,0,1
6839-ITVZJ,0,1,0,1,0,1,0,1,0,0,26,60.05,1616.15,2,2.1096153846153882,0,0,1,0,0,1,0,0,0,0,0,1,0,1
0375-HVGXO,0,0,0,1,0,0,0,0,1,0,1,34.7,34.7,0,0.0,0,0,0,0,1,0,0,0,0,0,0,1,0,1
8593-WHYHV,0,0,0,1,0,0,0,0,0,1,3,85.3,264.8,0,2.9666666666666686,0,0,0,0,0,1,1,0,0,0,0,1,0,1
6097-EQISJ,0,1,0,1,0,1,1,0,1,1,66,102.45,6615.15,2,2.220454545454558,0,0,0,1,0,1,1,0,1,0,1,0,0,1
4423-YLHDV,0,1,0,1,1,0,1,0,1,1,21,104.4,2200.25,2,0.3738095238095127,0,1,0,0,0,1,1,0,0,0,0,0,0,1
0107-YHINA,0,0,0,1,0,0,1,0,1,1,1,99.75,99.75,1,0.0,0,0,0,0,0,1,1,0,0,0,0,1,0,1
8640-SDGKB,0,0,0,1,0,0,1,1,1,1,4,74.4,299.7,2,0.5249999999999915,0,0,0,0,0,0,0,0,0,0,0,1,0,1
4116-TZAQJ,0,0,0,1,1,0,0,0,0,0,9,74.25,639.65,1,3.177777777777777,1,0,0,0,0,0,1,0,0,0,1,0,0,1
3877-JRJIP,0,0,0,1,0,0,0,0,1,0,1,59.85,59.85,0,0.0,0,0,0,0,0,1,0,0,0,0,0,1,0,1
8375-DKEBR,1,0,0,1,0,0,0,0,0,0,1,69.6,69.6,0,0.0,0,0,0,0,0,0,1,0,0,0,0,1,0,1
7511-YMXVQ,0,0,0,1,0,0,0,0,1,1,9,45.4,418.8,0,1.1333333333333329,1,0,0,0,1,0,0,0,0,0,0,1,0,1
7551-JOHTI,0,0,0,0,0,0,0,0,0,0,1,19.5,19.5,0,0.0,0,0,0,0,0,0,0,1,0,0,0,0,1,1
9804-ICWBG,0,0,0,1,0,0,0,0,0,0,1,69.9,69.9,0,0.0,0,0,0,0,0,0,1,0,0,0,0,1,0,1
5318-IXUZF,0,0,0,1,0,1,0,0,1,0,2,87.15,183.75,1,4.724999999999994,0,0,0,0,0,0,1,0,0,0,0,0,0,1
3198-VELRD,0,1,0,1,0,0,0,0,0,1,3,84.75,264.85,0,3.5333333333333456,0,0,0,0,0,1,1,0,0,0,0,0,0,1
9436-ZBZCT,0,0,0,1,0,0,0,1,1,0,14,89.95,1178.4,1,5.778571428571425,0,1,0,0,0,1,1,0,0,0,0,1,0,1
7279-BUYWN,1,0,0,1,1,1,1,0,1,1,41,113.2,4689.5,3,1.1780487804877993,0,0,1,0,0,1,1,0,0,0,0,1,0,1
7156-MHUGY,1,0,0,1,0,0,0,0,1,1,13,90.5,1201.15,0,1.896153846153851,0,1,0,0,0,0,1,0,0,0,0,1,0,1
7198-GLXTC,0,0,0,0,0,0,0,0,1,0,2,79.0,143.65,0,7.174999999999997,0,0,0,0,0,0,1,0,0,0,0,1,0,1
0516-VRYBW,0,0,0,0,0,0,0,0,0,0,18,20.15,390.85,0,1.56388888888889,0,1,0,0,0,0,0,1,1,0,0,0,0,1
8380-PEFPE,0,0,0,1,0,0,0,0,0,0,1,71.65,71.65,0,0.0,0,0,0,0,0,0,1,0,0,0,0,1,0,1
5687-DKDTV,0,0,0,0,0,0,0,0,0,0,4,20.35,77.5,0,0.9750000000000014,0,0,0,0,0,0,0,1,0,0,0,0,1,1
7530-HDYDS,0,0,0,1,0,1,1,1,0,0,38,84.25,3264.5,3,1.6578947368421098,0,0,1,0,0,0,1,0,0,0,1,0,0,1
3096-IZETN,0,0,0,0,0,0,0,0,0,1,12,78.1,947.3,0,0.8416666666666686,1,0,0,0,0,0,1,0,0,0,0,0,0,1
5922-ABDVO,0,1,0,0,0,0,1,0,0,1,19,89.65,1761.05,1,3.0368421052631476,0,1,0,0,0,1,1,0,0,0,0,0,1,1
9172-ANCRX,0,0,0,1,1,0,0,0,1,1,10,98.7,973.25,1,1.375,1,0,0,0,0,1,1,0,0,0,0,1,0,1
6910-HADCM,0,0,0,0,0,0,1,0,0,0,1,76.35,76.35,1,0.0,0,0,0,0,0,0,1,0,0,0,0,1,0,1
4816-LXZYW,0,0,0,1,0,1,0,0,0,0,23,79.15,1676.95,1,6.239130434782609,0,1,0,0,0,1,1,0,0,0,0,1,0,1
9606-PBKBQ,1,1,0,1,0,0,0,0,0,1,32,85.0,2642.05,0,2.4359374999999943,0,0,1,0,0,1,1,0,0,0,0,1,0,1
3536-IQCTX,1,1,0,0,0,0,0,0,0,1,32,85.3,2661.1,0,2.140625,0,0,1,0,0,1,1,0,0,0,0,1,0,1
4911-BANWH,0,0,0,1,0,0,0,0,1,0,31,86.55,2697.4,0,0.46290322580645693,0,0,1,0,0,1,1,0,0,0,1,0,0,1
8496-EJAUI,0,0,0,1,0,1,0,0,0,0,19,73.85,1424.5,1,1.1236842105263207,0,1,0,0,0,0,1,0,0,0,1,0,0,1
3132-TVFDZ,1,1,0,1,0,0,0,0,1,1,57,44.85,2572.95,0,0.28947368421052033,0,0,0,1,1,0,0,0,0,0,0,1,0,1
8080-DDEMJ,1,0,0,0,0,0,0,0,0,0,1,45.1,45.1,0,0.0,0,0,0,0,0,0,0,0,0,0,0,1,0,1
6365-MTGZX,0,0,0,1,0,0,0,1,1,1,24,96.0,2122.45,1,7.564583333333346,0,1,0,0,0,0,1,0,0,0,0,1,0,1
1349-WXNGG,0,0,0,0,0,0,0,0,0,0,1,20.05,20.05,0,0.0,0,0,0,0,0,0,0,1,0,0,0,0,0,1
6990-YNRIO,0,1,0,0,1,0,1,1,1,1,65,108.65,6937.95,3,1.9123076923077065,0,0,0,1,0,1,1,0,0,1,0,0,0,1
0621-TWIEM,0,0,0,1,0,0,0,0,0,0,10,45.55,402.6,0,5.289999999999992,1,0,0,0,0,0,0,0,0,0,0,1,0,1
2485-ITVKB,0,1,0,1,0,0,0,0,0,1,2,35.1,68.75,0,0.7250000000000014,0,0,0,0,1,0,0,0,0,0,0,1,0,1
3669-OYSJI,0,0,0,0,0,0,0,0,0,0,1,46.2,46.2,0,0.0,0,0,0,0,0,0,0,0,0,0,1,0,0,1
1612-EOHDH,0,0,0,0,0,0,0,0,0,0,1,45.15,45.15,0,0.0,0,0,0,0,0,0,0,0,0,0,0,1,0,1
6702-OHFWR,1,0,0,1,0,1,1,0,0,1,1,43.3,43.3,2,0.0,0,0,0,0,1,0,0,0,0,0,0,1,0,1
4510-PYUSH,1,0,0,1,1,1,0,0,0,0,38,57.15,2250.65,2,2.0776315789473756,0,0,1,0,0,0,0,0,0,0,1,0,0,1
7517-SAWMO,0,1,0,1,1,0,0,0,0,0,19,73.2,1441.1,1,2.6473684210526187,0,1,0,0,0,0,1,0,0,0,0,1,0,1
4143-HHPMK,0,0,0,1,0,1,0,0,0,1,52,85.35,4338.6,1,1.9153846153845961,0,0,0,1,0,0,1,0,0,0,0,1,0,1
7054-LGEQW,0,0,0,0,0,0,0,0,0,0,1,45.95,45.95,0,0.0,0,0,0,0,0,0,0,0,0,0,0,0,1,1
0923-PNFUB,0,0,0,0,0,1,0,0,1,0,3,83.75,247.25,1,1.3333333333333286,0,0,0,0,0,0,1,0,0,0,0,1,0,1
3494-JCHRQ,0,0,0,1,0,0,0,0,0,0,1,70.05,70.05,0,0.0,0,0,0,0,0,0,1,0,0,0,0,1,0,1
6474-FVJLC,0,0,0,1,0,0,0,0,0,1,2,86.0,165.45,0,3.2750000000000057,0,0,0,0,0,1,1,0,0,0,0,1,0,1
8840-DQLGN,1,1,0,1,1,1,0,1,1,0,35,100.5,3653.35,3,3.8814285714285717,0,0,1,0,0,1,1,0,0,0,0,0,0,1
4547-LYTDD,0,0,0,0,0,0,0,0,0,0,16,72.65,1194.3,0,1.9937499999999915,0,1,0,0,0,1,1,0,0,0,0,1,0,1
6770-XUAGN,0,1,0,1,0,0,0,0,0,0,1,21.0,21.0,0,0.0,0,0,0,0,0,0,0,1,0,0,0,1,0,1
4193-ORFCL,1,0,0,0,0,0,0,0,0,0,1,45.1,45.1,0,0.0,0,0,0,0,0,0,0,0,0,0,0,0,1,1
7776-QWNFX,1,1,0,1,0,1,0,0,0,0,30,50.4,1527.5,1,0.5166666666666657,0,0,1,0,0,0,0,0,0,0,0,0,0,1
6689-TCZHQ,1,0,0,0,0,0,0,0,0,1,5,78.95,378.4,0,3.2700000000000102,0,0,0,0,0,0,1,0,0,0,0,1,0,1
3143-ILDAL,0,0,0,1,0,1,0,1,0,1,56,94.45,5124.6,2,2.9392857142857167,0,0,0,1,0,1,1,0,0,0,0,1,0,1
4720-VSTSI,0,0,0,1,0,1,1,0,0,0,44,84.8,3862.55,2,2.985227272727286,0,0,1,0,0,1,1,0,0,0,0,0,0,1
3946-MHCZW,0,0,0,0,0,0,1,0,0,0,1,50.9,50.9,1,0.0,0,0,0,0,0,0,0,0,0,0,0,0,1,1
6651-AZVTJ,0,1,0,1,0,0,1,0,1,1,49,99.8,4872.45,1,0.3622448979591866,0,0,0,1,0,1,1,0,0,0,0,1,0,1
4566-GOLUK,0,1,0,1,0,0,1,1,1,1,47,107.35,5118.95,2,1.5638297872340416,0,0,1,0,0,1,1,0,0,0,0,0,0,1
2484-DGXPZ,0,1,0,1,0,0,0,0,0,0,31,19.55,658.95,0,1.7064516129032263,0,0,1,0,0,0,0,1,0,0,0,0,1,1
4587-NUKOX,0,0,0,1,1,1,0,0,0,0,3,79.1,246.5,2,3.066666666666677,0,0,0,0,0,0,1,0,0,0,0,1,0,1
0420-BWTPW,0,0,0,0,0,0,0,0,0,0,8,25.5,215.2,0,1.3999999999999986,1,0,0,0,1,0,0,0,0,0,0,0,1,1
8183-ONMXC,0,0,0,0,0,0,0,0,0,1,2,80.75,159.45,0,1.0250000000000057,0,0,0,0,0,0,1,0,0,0,0,1,0,1
9614-RMGHA,0,1,0,1,0,1,0,0,1,0,65,91.85,5940.85,1,0.4523076923076843,0,0,0,1,0,1,1,0,0,0,0,0,0,1
5054-IEXZT,0,0,0,1,0,1,0,0,0,0,1,75.35,75.35,1,0.0,0,0,0,0,0,0,1,0,0,0,0,1,0,1
5834-ASPWA,0,0,0,1,0,0,0,0,0,0,1,75.45,75.45,0,0.0,0,0,0,0,0,1,1,0,0,0,0,1,0,1
3948-XHGNA,0,0,0,1,1,0,0,0,0,0,24,49.55,1210.4,1,0.88333333333334,0,1,0,0,0,0,0,0,0,0,0,0,0,1
0565-IYCGT,0,0,0,1,1,1,1,1,0,1,69,78.6,5356.45,4,0.9702898550724655,0,0,0,1,0,1,0,0,1,0,1,0,0,1
5445-UTODQ,0,1,0,1,0,0,0,0,1,0,7,81.1,576.65,0,1.278571428571425,1,0,0,0,0,0,1,0,0,0,0,1,0,1
1024-VRZHF,0,1,0,1,0,0,0,0,0,0,11,74.95,825.7,0,0.11363636363635976,1,0,0,0,0,1,1,0,0,0,0,1,0,1
9497-QCMMS,1,0,0,1,0,0,0,0,1,1,1,93.55,93.55,0,0.0,0,0,0,0,0,1,1,0,0,0,0,1,0,1
0348-SDKOL,0,1,0,1,0,0,1,1,1,1,58,102.1,5885.4,2,0.6275862068965523,0,0,0,1,0,1,1,0,0,0,1,0,0,1
4373-MAVJG,0,1,0,1,0,1,0,0,0,1,14,90.9,1259.0,1,0.9714285714285751,0,1,0,0,0,1,1,0,0,0,0,0,0,1
8901-HJXTF,0,1,0,0,0,1,0,0,0,0,12,29.2,309.1,1,3.441666666666663,1,0,0,0,1,0,0,0,0,0,0,0,1,1
5419-KLXBN,0,1,0,1,0,1,1,0,1,0,25,89.15,2257.75,2,1.1599999999999966,0,0,1,0,0,0,1,0,0,0,0,0,0,1
3424-NMNBO,1,1,0,1,1,1,1,0,1,1,58,108.85,6287.25,3,0.4491379310344712,0,0,0,1,0,1,1,0,1,0,0,1,0,1
4514-GFCFI,1,0,0,1,0,0,0,0,1,0,16,84.75,1350.15,0,0.3656249999999943,0,1,0,0,0,1,1,0,0,0,0,1,0,1
9828-AOQLM,0,1,0,1,0,0,0,0,0,0,1,45.7,45.7,0,0.0,0,0,0,0,0,0,0,0,0,0,0,1,0,1
8000-REIQB,1,0,0,1,0,0,0,0,0,0,1,69.95,69.95,0,0.0,0,0,0,0,0,0,1,0,0,0,0,1,0,1
7615-ESMYF,0,1,0,0,0,0,0,0,1,1,2,44.6,97.1,0,3.9499999999999957,0,0,0,0,1,0,0,0,0,0,0,1,0,1
3858-VOBET,0,0,0,1,0,0,0,0,0,0,23,74.95,1710.45,0,0.5826086956521692,0,1,0,0,0,1,1,0,0,0,0,1,0,1
1447-PJGGA,0,0,0,1,0,0,1,0,1,1,57,95.25,5464.65,1,0.621052631578948,0,0,0,1,0,0,1,0,0,1,0,1,0,1
8565-CLBZW,0,0,0,1,0,0,1,0,1,0,24,89.85,2165.05,1,0.36041666666667993,0,1,0,0,0,1,1,0,0,0,0,0,1,1
9139-WQQDY,0,1,0,0,0,1,0,0,1,1,49,100.45,4941.8,1,0.40306122448980375,0,0,0,1,0,1,1,0,1,0,0,0,1,1
0224-HJAPT,0,0,0,0,0,0,0,0,0,0,5,47.15,223.15,0,2.519999999999996,0,0,0,0,0,1,0,0,0,0,0,1,0,1
8086-OVPWV,0,0,0,1,0,0,0,0,0,1,2,80.2,181.1,0,10.349999999999994,0,0,0,0,0,0,1,0,0,0,0,1,0,1
9430-FRQOC,0,0,0,1,0,0,1,1,0,0,4,87.1,341.45,2,1.7374999999999972,0,0,0,0,0,1,1,0,0,0,0,0,1,1
3074-GQWYX,0,0,0,1,0,0,0,0,0,0,5,75.9,357.75,0,4.3500000000000085,0,0,0,0,0,1,1,0,0,0,0,0,0,1
6845-RGTYS,0,1,0,1,1,1,1,0,1,0,47,98.75,4533.7,3,2.2882978723404364,0,0,1,0,0,1,1,0,0,0,0,1,0,1
8861-HGGKB,0,0,0,0,0,0,0,0,0,1,10,86.45,830.85,0,3.364999999999995,1,0,0,0,0,1,1,0,0,0,0,1,0,1
7065-YUNRY,0,0,0,1,0,0,0,0,0,0,1,45.3,45.3,0,0.0,0,0,0,0,0,0,0,0,0,0,0,0,1,1
7694-VLBWQ,0,1,0,0,0,1,1,0,1,1,67,104.1,7040.85,2,0.9873134328358333,0,0,0,1,0,1,1,0,1,0,0,1,0,1
4795-KTRTH,1,1,0,1,0,1,0,0,0,0,5,81.0,371.65,1,6.670000000000002,0,0,0,0,0,1,1,0,0,0,0,1,0,1
6481-OGDOO,0,1,0,1,1,1,0,0,0,1,67,90.6,6056.15,2,0.20970149253732018,0,0,0,1,0,0,1,0,1,0,1,0,0,1
3753-TSEMP,0,1,0,0,0,0,0,0,1,1,15,88.15,1390.6,0,4.556666666666658,0,1,0,0,0,0,1,0,0,0,0,1,0,1
8305-VHZBZ,0,0,0,1,0,0,0,0,0,0,1,20.2,20.2,0,0.0,0,0,0,0,0,0,0,1,0,0,0,0,1,1
9172-JITSM,0,1,0,1,0,0,0,0,1,1,26,90.8,2361.8,0,0.03846153846154721,0,0,1,0,0,0,1,0,0,0,0,1,0,1
6298-QDFNH,0,0,0,1,0,1,0,0,0,0,22,79.35,1730.35,1,0.6977272727272776,0,1,0,0,0,1,1,0,0,0,0,1,0,1
9961-JBNMK,1,0,0,1,0,0,1,0,1,1,21,96.8,2030.3,1,0.1190476190476204,0,1,0,0,0,0,1,0,0,0,0,0,0,1
6173-ITPWD,0,1,0,1,0,1,1,0,0,0,47,83.35,4065.0,2,3.1393617021276583,0,0,1,0,0,1,1,0,0,0,0,0,0,1
9734-UYXQI,0,0,0,1,0,0,0,0,0,0,2,49.4,106.55,0,3.875,0,0,0,0,0,1,0,0,0,0,0,1,0,1
2189-UXTKY,0,1,0,1,1,0,0,1,1,1,22,79.2,1742.75,2,0.01590909090909065,0,1,0,0,0,1,0,0,0,0,0,1,0,1
4958-GZWIY,0,1,0,0,0,0,1,0,0,0,7,48.7,340.25,1,0.09285714285714874,1,0,0,0,0,0,0,0,0,0,0,1,0,1
6356-ELRKD,0,0,0,1,1,0,0,0,1,1,1,95.6,95.6,1,0.0,0,0,0,0,0,0,1,0,0,0,0,1,0,1
8624-GIOUT,0,0,0,1,1,1,0,0,0,0,49,59.75,2934.3,2,0.13367346938775881,0,0,0,1,0,1,0,0,0,0,1,0,0,1
6179-GJPSO,1,0,0,1,1,1,0,1,1,1,43,108.15,4600.7,3,1.1569767441860535,0,0,1,0,0,0,1,0,0,0,1,0,0,1
3177-LASXD,0,0,0,0,0,0,0,0,0,0,1,71.35,71.35,0,0.0,0,0,0,0,0,0,1,0,0,0,0,1,0,1
4897-QSUYC,0,0,0,1,0,0,0,0,0,0,1,20.15,20.15,0,0.0,0,0,0,0,0,0,0,1,0,0,0,0,1,1
1084-UQCHV,0,0,0,0,0,0,0,0,0,0,1,69.75,69.75,0,0.0,0,0,0,0,0,0,1,0,0,0,0,0,0,1
8290-YWKHZ,1,1,0,1,0,0,0,0,1,1,32,93.2,2931.0,0,1.6062500000000028,0,0,1,0,0,1,1,0,0,0,0,1,0,1
2955-BJZHG,0,1,0,0,0,0,0,0,1,0,17,80.85,1400.85,0,1.5529411764705827,0,1,0,0,0,0,1,0,0,0,0,1,0,1
3806-DXQOM,0,0,0,1,1,1,0,0,0,0,4,33.65,137.85,2,0.8125,0,0,0,0,1,0,0,0,0,0,0,1,0,1
9300-RENDD,0,0,0,1,0,0,0,0,1,0,1,79.95,79.95,0,0.0,0,0,0,0,0,0,1,0,0,0,0,1,0,1
0761-AETCS,0,0,0,0,0,0,0,0,0,0,1,19.3,19.3,0,0.0,0,0,0,0,0,0,0,1,0,0,0,1,0,1
2153-MREFK,0,1,0,1,1,0,1,1,0,1,37,99.2,3754.6,3,2.2756756756756715,0,0,1,0,0,1,1,0,1,0,0,1,0,1
3106-ULWFW,0,1,0,1,0,0,0,0,0,1,8,85.2,627.4,0,6.775000000000006,1,0,0,0,0,1,1,0,0,0,1,0,0,1
0925-VYDLG,0,0,0,0,0,0,0,0,0,0,3,75.25,242.0,0,5.416666666666671,0,0,0,0,0,1,1,0,0,0,0,1,0,1
4349-GFQHK,0,0,0,0,0,0,1,0,0,0,1,54.35,54.35,1,0.0,0,0,0,0,0,1,0,0,0,0,0,1,0,1
7802-EFKNY,0,1,0,1,0,0,0,0,0,0,5,24.95,100.4,0,4.869999999999997,0,0,0,0,1,0,0,0,0,0,0,1,0,1
8035-BUYVG,0,1,0,1,1,1,1,0,0,0,40,42.35,1716.45,3,0.5612500000000011,0,0,1,0,1,0,0,0,1,0,0,1,0,1
9787-XVQIU,0,0,0,1,0,0,0,0,0,0,1,75.3,75.3,0,0.0,0,0,0,0,0,1,1,0,0,0,0,1,0,1
8945-MUQUF,0,0,0,1,1,1,0,0,1,0,51,94.8,4837.6,2,0.054901960784320636,0,0,0,1,0,1,1,0,1,0,0,1,0,1
8051-HJRLT,1,0,0,1,0,0,0,0,0,0,1,70.55,70.55,0,0.0,0,0,0,0,0,0,1,0,0,0,0,1,0,1
3023-GFLBR,0,1,0,0,0,0,0,0,0,1,33,86.15,2745.7,0,2.9469696969697026,0,0,1,0,0,1,1,0,0,0,1,0,0,1
0524-IAVZO,0,1,0,1,0,0,0,0,0,1,30,85.0,2624.25,0,2.4749999999999943,0,0,1,0,0,1,1,0,0,0,0,1,0,1
2737-YNGYW,0,0,0,0,0,0,0,0,0,1,2,80.55,184.1,0,11.5,0,0,0,0,0,0,1,0,0,0,0,1,0,1
5159-YFPKQ,0,0,0,1,0,0,1,0,0,0,2,75.8,160.75,1,4.575000000000003,0,0,0,0,0,0,1,0,0,0,0,1,0,1
4021-RQSNY,1,1,0,1,0,0,1,0,1,1,29,98.5,3004.15,1,5.091379310344834,0,0,1,0,0,1,1,0,0,0,0,1,0,1
9061-TIHDA,1,1,0,1,0,0,0,0,1,1,13,95.25,1233.65,0,0.35384615384614904,0,1,0,0,0,1,1,0,0,0,0,1,0,1
8699-ASUFO,1,1,0,1,0,0,0,0,0,0,7,74.4,527.9,0,1.0142857142857054,1,0,0,0,0,1,1,0,0,0,0,0,1,1
7927-AUXBZ,0,0,0,0,0,0,0,1,1,0,30,85.15,2555.9,1,0.046666666666666856,0,0,1,0,0,0,1,0,0,0,0,1,0,1
4695-WJZUE,1,0,0,1,0,0,1,0,0,1,2,88.55,179.25,1,1.0750000000000028,0,0,0,0,0,1,1,0,0,0,0,1,0,1
7619-ODSGN,0,1,1,0,1,0,0,0,0,0,24,54.75,1338.15,1,1.0062500000000014,0,1,0,0,0,1,0,0,0,0,0,1,0,1
3988-RQIXO,1,0,0,1,0,0,0,0,1,1,1,91.3,91.3,0,0.0,0,0,0,0,0,0,1,0,0,0,0,1,0,1
2514-GINMM,0,0,0,1,0,0,0,0,1,0,1,79.5,79.5,0,0.0,0,0,0,0,0,0,1,0,0,0,0,1,0,1
5931-FLJJF,1,1,0,1,0,0,0,0,0,0,7,70.1,467.55,0,3.30714285714285,1,0,0,0,0,0,1,0,0,0,0,0,1,1
2659-VXMWZ,0,1,0,1,1,1,1,0,1,1,67,111.3,7482.1,3,0.37313432835821914,0,0,0,1,0,1,1,0,1,0,0,1,0,1
3207-OYBWH,1,1,0,1,0,1,1,0,0,1,57,95.25,5427.05,2,0.038596491228062746,0,0,0,1,0,1,1,0,0,0,0,0,0,1
4285-GYRQC,0,1,0,1,0,0,1,0,1,0,7,86.25,587.1,1,2.3785714285714192,1,0,0,0,0,0,1,0,0,0,0,1,0,1
7216-EWTRS,1,1,0,1,0,0,1,0,1,1,1,100.8,100.8,1,0.0,0,0,0,0,0,1,1,0,0,0,0,1,0,1
8337-MSSXB,0,0,0,1,0,1,0,0,0,1,14,86.3,1180.95,1,1.9464285714285694,0,1,0,0,0,0,1,0,0,0,0,1,0,1
8182-BJDSI,0,0,0,1,0,1,0,0,0,1,28,89.95,2625.55,1,3.819642857142867,0,0,1,0,0,1,1,0,0,0,0,1,0,1
2528-HFYZX,1,1,0,1,0,1,0,0,0,0,17,76.45,1233.4,1,3.897058823529406,0,1,0,0,0,0,1,0,0,0,0,1,0,1
2482-CZGBB,0,0,0,1,0,0,0,0,0,0,10,70.0,740.0,0,4.0,1,0,0,0,0,0,1,0,0,0,0,1,0,1
0866-QLSIR,0,0,0,1,1,1,0,1,0,0,34,64.4,2088.75,3,2.9661764705882376,0,0,1,0,0,1,0,0,1,0,0,0,1,1
7181-BQYBV,0,1,0,1,1,0,1,0,1,1,1,102.45,102.45,2,0.0,0,0,0,0,0,1,1,0,0,0,0,1,0,1
6204-IEUXJ,0,0,0,0,0,0,1,1,0,0,3,80.1,217.55,2,7.583333333333329,0,0,0,0,0,0,1,0,0,0,1,0,0,1
4529-CKBCL,0,0,0,1,0,0,0,0,1,0,2,80.2,146.05,0,7.174999999999997,0,0,0,0,0,0,1,0,0,0,0,1,0,1
2506-CLAKW,0,0,0,1,1,1,1,1,0,1,6,98.15,567.45,4,3.575000000000003,0,0,0,0,0,0,1,0,0,0,0,0,0,1
1583-IHQZE,0,0,0,1,0,1,1,1,1,1,12,112.95,1384.75,3,2.4458333333333258,1,0,0,0,0,1,1,0,0,0,0,0,1,1
0151-ONTOV,0,0,0,0,0,0,0,0,0,0,1,70.9,70.9,0,0.0,0,0,0,0,0,0,1,0,0,0,0,0,1,1
4140-MUHUG,1,0,0,1,0,0,1,0,1,0,3,86.85,220.95,1,13.200000000000003,0,0,0,0,0,0,1,0,0,0,0,1,0,1
0320-JDNQG,0,1,0,1,1,0,0,1,1,1,23,99.85,2331.3,2,1.510869565217405,0,1,0,0,0,0,1,0,0,0,0,1,0,1
7180-PISOG,0,1,0,1,0,0,0,0,0,0,1,74.5,74.5,0,0.0,0,0,0,0,0,1,1,0,0,0,0,1,0,1
3571-RFHAR,0,0,0,1,0,1,1,1,1,1,65,109.15,6941.2,3,2.362307692307695,0,0,0,1,0,1,1,0,0,0,0,1,0,1
9578-VRMNM,0,0,0,1,0,0,1,0,0,1,16,65.2,1043.35,1,0.009374999999991473,0,1,0,0,0,1,0,0,0,0,1,0,0,1
1587-FKLZB,1,1,0,1,0,0,1,0,1,1,66,99.5,6822.15,1,3.865909090909085,0,0,0,1,0,1,1,0,0,0,1,0,0,1
6140-QNRQQ,0,0,0,1,0,0,0,0,0,0,1,71.55,71.55,0,0.0,0,0,0,0,0,0,1,0,0,0,0,0,1,1
4307-KTUMW,0,1,0,0,1,0,1,0,0,1,53,93.9,5029.2,2,0.9905660377358458,0,0,0,1,0,1,1,0,0,0,0,1,0,1
5440-FLBQG,1,1,0,1,0,1,1,1,1,1,69,108.4,7318.2,3,2.339130434782618,0,0,0,1,0,1,1,0,0,1,0,0,0,1
7470-MCQTK,0,1,0,1,0,0,1,0,1,1,13,48.75,633.4,1,0.02692307692307594,0,1,0,0,1,0,0,0,0,0,0,0,0,1
7488-MXJIV,0,0,0,1,0,0,0,0,1,0,4,85.65,321.65,0,5.237500000000011,0,0,0,0,0,1,1,0,0,0,0,1,0,1
2027-FECZV,0,0,0,1,0,1,1,0,1,1,12,106.7,1253.9,2,2.2083333333333286,1,0,0,0,0,1,1,0,0,0,0,1,0,1
2672-DZUOY,0,0,0,1,0,0,0,0,0,0,1,25.15,25.15,0,0.0,0,0,0,0,1,0,0,0,0,0,0,1,0,1
3870-MQAMG,0,1,0,0,0,1,1,1,1,1,54,110.35,5893.15,3,1.2175925925925952,0,0,0,1,0,1,1,0,1,0,0,1,0,1
4800-CZMPC,0,1,0,1,1,1,0,0,1,1,48,103.25,5037.55,2,1.6989583333333371,0,0,1,0,0,1,1,0,1,0,1,0,0,1
7377-DMMRI,0,0,0,1,1,0,0,0,0,0,2,47.8,92.45,1,1.5749999999999957,0,0,0,0,0,0,0,0,0,0,0,1,0,1
8949-JTMAY,0,0,0,1,0,0,1,0,1,1,29,98.6,2933.2,1,2.5448275862068925,0,0,1,0,0,1,1,0,0,0,1,0,0,1
2774-LVQUS,1,1,0,1,0,0,1,1,0,0,15,83.05,1258.3,2,0.8366666666666731,0,1,0,0,0,1,1,0,0,0,0,1,0,1
3211-ILJTT,0,1,0,1,0,0,0,0,0,0,17,70.4,1214.05,0,1.0147058823529278,0,1,0,0,0,0,1,0,0,0,0,0,0,1
4612-THJBS,1,0,0,1,0,1,1,0,1,1,56,104.75,5510.65,2,6.345535714285717,0,0,0,1,0,1,1,0,1,0,0,0,0,1
4094-NSEDU,1,0,0,1,0,0,0,0,1,1,21,94.25,1973.75,0,0.2619047619047592,0,1,0,0,0,1,1,0,0,0,0,1,0,1
5103-MHMHY,0,0,1,0,0,0,0,0,0,0,1,45.95,45.95,0,0.0,0,0,0,0,0,0,0,0,0,0,0,0,1,1
1846-XWOQN,1,0,0,1,0,0,0,0,0,0,1,70.15,70.15,0,0.0,0,0,0,0,0,0,1,0,0,0,0,1,0,1
0235-KGSLC,0,0,0,1,0,0,1,0,1,0,1,85.55,85.55,1,0.0,0,0,0,0,0,0,1,0,0,0,1,0,0,1
2884-GBPFB,0,1,0,1,0,0,0,0,0,0,35,70.3,2416.55,0,1.2557142857142765,0,0,1,0,0,0,1,0,0,0,0,1,0,1
3757-NJYBX,1,1,0,0,0,1,1,0,1,1,32,106.35,3520.75,2,3.6734375000000057,0,0,1,0,0,1,1,0,0,0,0,0,0,1
5136-KCKGI,0,1,0,1,1,0,1,0,1,1,33,103.7,3467.0,2,1.3606060606060595,0,0,1,0,0,1,1,0,1,0,0,0,1,1
3722-WPXTK,0,0,0,1,0,0,0,0,1,1,1,88.35,88.35,0,0.0,0,0,0,0,0,0,1,0,0,0,0,1,0,1
2929-ERCFZ,0,1,0,1,0,0,1,0,1,1,8,94.2,777.3,1,2.9624999999999915,1,0,0,0,0,0,1,0,0,0,0,1,0,1
7548-SEPYI,0,0,0,1,0,1,0,0,1,1,5,96.25,512.45,1,6.240000000000009,0,0,0,0,0,0,1,0,0,0,0,1,0,1
8835-VSDSE,0,1,0,1,0,0,0,0,0,0,2,70.7,141.45,0,0.024999999999991473,0,0,0,0,0,0,1,0,0,0,0,1,0,1
1623-NLDOT,0,1,0,0,0,1,0,1,0,0,42,33.55,1445.3,2,0.8619047619047606,0,0,1,0,1,0,0,0,1,0,0,0,1,1
9898-KZQDZ,1,1,0,1,0,0,0,0,1,1,40,94.55,3640.45,0,3.5387500000000074,0,0,1,0,0,1,1,0,0,0,1,0,0,1
5236-PERKL,0,0,0,1,1,1,1,0,1,1,57,112.95,6465.0,3,0.4710526315789423,0,0,0,1,0,1,1,0,0,1,0,0,0,1
7854-FOKSF,0,0,0,0,0,0,0,0,0,1,1,35.9,35.9,0,0.0,0,0,0,0,1,0,0,0,0,0,0,1,0,1
2519-FAKOD,0,0,0,1,0,0,1,0,1,1,38,99.25,3777.15,1,0.1486842105263122,0,0,1,0,0,1,1,0,0,0,0,0,0,1
8263-JQAIK,1,0,0,1,0,0,0,0,0,0,2,24.45,47.5,0,0.6999999999999993,0,0,0,0,1,0,0,0,0,0,0,0,1,1
7089-IVVAZ,0,0,0,1,1,0,0,1,1,1,8,103.35,847.3,2,2.5625,1,0,0,0,0,1,1,0,0,0,0,0,0,1
2205-YMZZJ,1,0,0,1,0,0,0,0,1,0,7,84.8,546.95,0,6.664285714285711,1,0,0,0,0,1,1,0,0,0,0,1,0,1
1254-IZEYF,1,0,0,1,0,1,0,0,1,1,31,99.95,3186.65,1,2.8451612903225794,0,0,1,0,0,1,1,0,0,0,0,1,0,1
9492-TOKRI,0,0,0,1,0,1,0,0,1,0,18,90.0,1527.35,1,5.147222222222226,0,1,0,0,0,1,1,0,0,0,1,0,0,1
9221-OTIVJ,1,0,0,1,0,1,1,0,1,1,14,104.85,1531.4,2,4.535714285714292,0,1,0,0,0,1,1,0,0,0,0,1,0,1
3325-FUYCG,0,1,0,0,1,1,0,0,1,1,28,106.1,2847.4,2,4.407142857142844,0,0,1,0,0,1,1,0,1,0,0,1,0,1
5908-QMGOE,1,0,0,1,0,0,0,0,0,0,15,74.2,1133.9,0,1.3933333333333309,0,1,0,0,0,1,1,0,0,0,1,0,0,1
8481-YYXWG,0,0,0,1,0,1,0,1,0,1,5,89.35,461.7,2,2.990000000000009,0,0,0,0,0,0,1,0,0,0,0,1,0,1
2609-IAICY,0,0,0,1,0,0,0,0,0,0,1,77.15,77.15,0,0.0,0,0,0,0,0,1,1,0,0,0,0,1,0,1
1740-CSDJP,0,0,0,1,0,0,0,0,0,1,1,35.25,35.25,0,0.0,0,0,0,0,1,0,0,0,0,0,0,0,0,1
2636-OHFMN,0,1,0,1,0,1,0,0,1,1,4,48.55,201.0,1,1.7000000000000028,0,0,0,0,1,0,0,0,0,0,0,1,0,1
1323-OOEPC,0,1,0,1,0,1,0,0,1,1,53,98.4,5149.5,1,1.2396226415094418,0,0,0,1,0,1,1,0,0,0,1,0,0,1
0397-GZBBC,1,1,0,1,0,0,0,0,1,1,59,93.85,5574.75,0,0.6372881355932236,0,0,0,1,0,1,1,0,0,0,0,0,0,1
7641-EUYET,1,1,0,1,1,1,1,0,1,0,46,100.7,4541.2,3,1.9782608695652186,0,0,1,0,0,1,1,0,0,0,0,1,0,1
9921-ZVRHG,0,0,0,1,0,0,1,0,0,0,14,80.45,1072.0,1,3.8785714285714334,0,1,0,0,0,1,1,0,0,0,0,1,0,1
4701-MLJPN,0,0,0,1,0,0,1,1,0,0,31,55.25,1715.65,2,0.09354838709677438,0,0,1,0,0,0,0,0,0,0,0,1,0,1
9206-GVPEQ,0,1,0,1,1,0,0,1,1,1,13,54.45,706.85,2,0.0769230769230802,0,1,0,0,1,0,0,0,0,0,0,1,0,1
1596-BBVTG,0,0,0,0,0,0,0,0,0,0,35,75.35,2636.05,0,0.034285714285701374,0,0,1,0,0,1,1,0,0,0,1,0,0,1
8433-WXGNA,0,0,0,1,1,0,0,0,0,0,2,75.7,189.2,1,18.89999999999999,0,0,0,0,0,0,1,0,0,0,0,1,0,1
3707-GNWHM,0,0,0,1,0,0,0,0,0,0,1,74.25,74.25,0,0.0,0,0,0,0,0,1,1,0,0,0,0,0,1,1
8922-LIEGH,1,0,0,1,0,1,0,0,0,1,25,89.7,2187.55,1,2.1979999999999933,0,0,1,0,0,1,1,0,0,0,0,1,0,1
8245-UMPYT,1,0,0,1,0,0,0,0,1,1,16,96.4,1581.2,0,2.424999999999997,0,1,0,0,0,1,1,0,0,0,0,1,0,1
5186-SAMNZ,1,0,0,1,0,0,0,0,0,0,1,69.5,69.5,0,0.0,0,0,0,0,0,0,1,0,0,0,0,0,0,1
5373-SFODM,1,1,0,1,0,0,0,0,0,1,36,85.25,3132.75,0,1.7708333333333286,0,0,1,0,0,1,1,0,0,0,1,0,0,1
5766-ZJYBB,0,0,0,0,0,0,0,0,0,0,1,19.4,19.4,0,0.0,0,0,0,0,0,0,0,1,0,0,0,0,1,1
8931-GJJIQ,0,0,0,1,0,0,0,0,0,1,9,83.3,803.3,0,5.955555555555549,1,0,0,0,0,1,1,0,0,0,0,1,0,1
4277-PVRAN,0,0,0,1,0,0,0,0,1,0,8,80.1,679.3,0,4.8125,1,0,0,0,0,0,1,0,0,0,0,0,0,1
0022-TCJCI,1,0,0,0,1,0,1,0,0,1,45,62.7,2791.5,2,0.6666666666666714,0,0,1,0,0,0,0,0,1,0,1,0,0,1
0203-HHYIJ,0,0,0,0,0,0,0,0,0,0,25,25.3,676.35,0,1.7540000000000013,0,0,1,0,0,1,0,1,1,0,0,0,0,1
0952-KMEEH,0,0,0,0,1,0,0,0,1,1,13,98.15,1230.25,1,3.515384615384619,0,1,0,0,0,1,1,0,0,0,0,0,1,1
8178-EYZUO,0,0,0,1,1,1,0,0,0,1,46,93.7,4154.8,2,3.37826086956521,0,0,1,0,0,1,1,0,0,0,0,1,0,1
5130-IEKQT,1,0,0,0,0,1,1,0,1,1,25,105.95,2655.25,2,0.2599999999999909,0,0,1,0,0,1,1,0,0,0,0,0,1,1
3230-WYKIR,0,0,0,1,0,0,1,1,1,1,18,82.0,1425.45,2,2.808333333333337,0,1,0,0,0,1,0,0,1,0,1,0,0,1
0407-BDJKB,0,1,0,1,0,1,1,0,1,0,60,95.75,5742.9,2,0.0350000000000108,0,0,0,1,0,1,1,0,0,0,0,1,0,1
9600-UDOPK,0,1,0,1,0,0,0,0,1,1,30,94.05,2866.45,0,1.4983333333333348,0,0,1,0,0,1,1,0,0,0,1,0,0,1
4074-SJFFA,0,0,0,1,0,0,0,0,0,1,1,54.75,54.75,0,0.0,0,0,0,0,0,0,0,0,0,0,0,0,1,1
3269-ATYWD,1,0,0,1,0,0,0,0,1,1,39,95.65,3759.05,0,0.735897435897428,0,0,1,0,0,1,1,0,0,0,0,0,0,1
4910-GMJOT,0,0,0,1,0,0,0,0,1,1,1,94.6,94.6,0,0.0,0,0,0,0,0,1,1,0,0,0,0,1,0,1
0354-WYROK,1,1,0,1,0,0,1,1,1,1,31,98.9,2911.3,2,4.987096774193546,0,0,1,0,0,0,1,0,0,0,0,1,0,1
7576-OYWBN,1,0,0,1,0,0,0,0,0,0,3,76.05,231.8,0,1.2166666666666686,0,0,0,0,0,1,1,0,0,0,0,1,0,1
5539-TMZLF,1,0,0,1,0,0,0,0,0,0,1,69.75,69.75,0,0.0,0,0,0,0,0,0,1,0,0,0,0,1,0,1
4323-SADQS,0,1,1,1,1,0,0,1,0,0,7,34.5,279.25,2,5.392857142857146,1,0,0,0,1,0,0,0,0,0,0,1,0,1
4446-BZKHU,0,1,0,1,0,1,1,0,1,1,61,105.55,6281.45,2,2.5754098360655746,0,0,0,1,0,1,1,0,0,0,0,1,0,1
5202-IVJNU,0,0,1,0,0,0,1,0,0,0,39,30.1,1131.3,1,1.0923076923076955,0,0,1,0,1,0,0,0,0,0,1,0,0,1
5976-JCJRH,0,1,0,1,0,0,0,0,0,0,10,70.3,738.2,0,3.5200000000000102,1,0,0,0,0,0,1,0,0,0,0,1,0,1
0137-OCGAB,0,0,0,1,0,1,0,0,0,0,1,80.2,80.2,1,0.0,0,0,0,0,0,1,1,0,0,0,0,0,1,1
3351-NQLDI,0,1,0,1,1,0,0,1,0,1,67,94.35,6341.45,2,0.29850746268657247,0,0,0,1,0,1,1,0,1,0,1,0,0,1
7593-JNWRU,0,1,1,1,0,0,0,0,0,0,6,44.6,260.8,0,1.1333333333333329,0,0,0,0,0,0,0,0,0,0,0,0,0,1
4588-YBNIB,0,0,0,1,0,0,0,0,0,0,1,19.6,19.6,0,0.0,0,0,0,0,0,0,0,1,0,0,0,0,1,1
3336-JORSO,1,0,0,1,0,1,1,1,1,1,33,110.45,3655.45,3,0.3212121212121133,0,0,1,0,0,1,1,0,0,0,0,1,0,1
5028-GZLDO,0,0,0,0,0,0,0,0,0,0,2,70.7,140.7,0,0.3500000000000085,0,0,0,0,0,0,1,0,0,0,1,0,0,1
6861-XWTWQ,1,1,0,1,0,0,1,0,1,1,7,99.25,665.45,1,4.185714285714283,1,0,0,0,0,1,1,0,0,0,0,1,0,1
6877-TJMBR,0,1,0,1,0,0,0,1,1,0,1,84.8,84.8,1,0.0,0,0,0,0,0,0,1,0,0,0,0,1,0,1
6769-DCQLI,0,0,0,1,0,1,1,1,1,1,52,105.0,5426.85,3,0.6374999999999886,0,0,0,1,0,0,1,0,1,0,0,0,0,1
2433-KMEAS,0,0,0,1,1,0,0,0,0,0,22,54.45,1127.35,1,3.2068181818181856,0,1,0,0,0,1,0,0,0,0,0,1,0,1
2195-ZRVAX,0,1,0,1,0,0,1,0,0,1,47,85.3,4045.65,1,0.777659574468089,0,0,1,0,0,0,1,0,0,0,0,1,0,1
3550-SAHFP,0,0,0,1,0,0,0,0,0,1,33,83.35,2757.85,0,0.22121212121211897,0,0,1,0,0,1,1,0,0,0,0,1,0,1
2011-TRQYE,0,0,0,1,0,1,1,0,0,0,18,33.5,600.0,2,0.1666666666666643,0,1,0,0,1,0,0,0,0,0,1,0,0,1
4873-ILOLJ,0,0,0,1,0,0,0,0,1,1,24,90.35,2238.5,0,2.9208333333333343,0,1,0,0,0,0,1,0,0,0,0,1,0,1
2725-KXXWT,0,1,0,1,0,0,0,0,1,1,1,90.75,90.75,0,0.0,0,0,0,0,0,0,1,0,0,0,0,1,0,1
9565-DJPIB,0,0,0,0,0,1,0,0,1,0,4,89.6,365.65,1,1.8125,0,0,0,0,0,1,1,0,0,0,0,0,1,1
8348-HFYIV,0,0,0,1,0,0,1,0,1,1,2,49.25,90.35,1,4.075000000000003,0,0,0,0,1,0,0,0,0,0,0,1,0,1
6849-WLEYG,0,0,1,0,0,0,0,0,0,0,1,19.75,19.75,0,0.0,0,0,0,0,0,0,0,1,0,0,0,0,1,1
4659-NZRUF,0,0,0,1,1,1,0,0,0,1,19,95.15,1789.25,2,0.9789473684210606,0,1,0,0,0,1,1,0,0,0,0,1,0,1
8429-XIBUM,0,0,0,1,1,0,0,0,1,1,22,101.35,2317.1,1,3.972727272727269,0,1,0,0,0,1,1,0,0,0,0,0,0,1
2608-BHKFN,0,0,0,1,0,0,0,0,0,0,4,70.05,266.9,0,3.325000000000003,0,0,0,0,0,0,1,0,0,0,1,0,0,1
7341-LXCAF,0,1,0,1,0,0,0,0,0,0,4,74.65,301.4,0,0.6999999999999886,0,0,0,0,0,1,1,0,0,0,0,1,0,1
9462-MJUAW,0,0,0,0,0,0,0,0,0,0,4,50.4,206.6,0,1.25,0,0,0,0,0,1,0,0,0,0,0,0,1,1
8128-YVJRG,0,0,0,1,1,0,0,0,0,0,7,79.65,604.7,1,6.73571428571428,1,0,0,0,0,1,1,0,0,0,0,0,1,1
4283-FUTGF,1,0,0,1,0,0,1,0,0,0,19,79.85,1471.75,1,2.3894736842105146,0,1,0,0,0,1,1,0,0,0,0,1,0,1
1569-TTNYJ,0,1,0,1,0,1,0,0,0,0,5,78.75,412.1,1,3.6700000000000017,0,0,0,0,0,1,1,0,0,0,0,1,0,1
2397-BRLOM,1,1,0,1,0,0,0,0,1,0,8,80.45,583.45,0,7.518749999999997,1,0,0,0,0,0,1,0,0,0,1,0,0,1
4749-VFKVB,0,0,0,1,0,0,0,0,0,0,1,50.1,50.1,0,0.0,0,0,0,0,0,1,0,0,0,0,0,0,1,1
7598-UAASY,0,1,0,0,0,0,1,0,0,0,2,76.4,151.8,1,0.5,0,0,0,0,0,0,1,0,0,0,0,1,0,1
7938-OUHIO,0,0,0,1,0,0,1,1,1,1,3,98.7,293.65,2,0.8166666666666771,0,0,0,0,0,0,1,0,0,0,0,1,0,1
8510-AWCXC,1,0,0,1,1,0,0,0,1,1,13,100.8,1308.1,1,0.17692307692307452,0,1,0,0,0,1,1,0,0,0,0,1,0,1
0431-APWVY,0,1,0,1,0,0,0,0,1,1,28,90.1,2598.95,0,2.7196428571428584,0,0,1,0,0,0,1,0,1,0,0,0,0,1
3426-NIYYL,0,0,0,0,0,0,0,0,0,0,15,51.55,765.5,0,0.5166666666666657,0,1,0,0,0,1,0,0,0,0,0,1,0,1
8225-BTJAU,1,0,0,1,0,0,0,0,0,1,10,79.25,793.55,0,0.10499999999998977,1,0,0,0,0,0,1,0,0,0,0,1,0,1
3387-VATUS,0,0,0,1,0,0,0,0,1,1,5,94.85,462.8,0,2.289999999999992,0,0,0,0,0,1,1,0,0,0,0,0,0,1
1143-NMNQJ,0,0,0,1,0,0,0,0,0,1,2,85.7,169.8,0,0.7999999999999972,0,0,0,0,0,1,1,0,0,0,0,1,0,1
0415-MOSGF,0,0,0,0,0,0,0,0,0,0,1,44.4,44.4,0,0.0,0,0,0,0,0,0,0,0,0,0,0,0,1,1
1724-BQUHA,1,0,0,1,0,0,0,0,1,1,5,89.5,477.7,0,6.039999999999992,0,0,0,0,0,0,1,0,0,0,0,1,0,1
4826-XTSOH,1,1,0,1,0,0,0,0,1,0,1,86.05,86.05,0,0.0,0,0,0,0,0,1,1,0,0,0,0,1,0,1
2495-INZWQ,0,0,0,1,0,0,0,0,1,1,4,44.55,174.3,0,0.9749999999999943,0,0,0,0,1,0,0,0,0,0,0,1,0,1
4139-SUGLD,0,1,1,0,1,0,0,1,0,0,31,35.4,1077.5,2,0.6419354838709666,0,0,1,0,1,0,0,0,0,0,0,0,0,1
6857-VWJDT,0,0,0,0,0,0,0,0,1,1,1,95.65,95.65,0,0.0,0,0,0,0,0,1,1,0,0,0,0,0,1,1
5624-BQSSA,0,0,0,0,0,0,0,0,0,0,1,20.95,20.95,0,0.0,0,0,0,0,0,0,0,1,0,0,0,0,1,1
2408-WITXK,1,0,0,1,0,0,0,0,0,1,10,34.7,329.8,0,1.7199999999999989,1,0,0,0,1,0,0,0,0,0,0,1,0,1
5577-OTWWW,0,0,0,0,0,0,0,0,0,0,15,19.75,297.3,0,0.07000000000000028,0,1,0,0,0,0,0,1,0,0,0,0,0,1
6100-QQHEB,0,1,0,1,0,0,0,0,1,1,17,92.55,1515.1,0,3.42647058823529,0,1,0,0,0,1,1,0,0,0,0,1,0,1
2634-HCZGT,1,1,0,1,1,0,0,1,0,0,53,60.05,3229.65,2,0.8867924528301927,0,0,0,1,0,1,0,0,1,0,0,1,0,1
7503-QQRVF,1,1,0,1,0,1,0,0,0,0,16,74.3,1178.25,1,0.6593749999999972,0,1,0,0,0,0,1,0,0,0,1,0,0,1
2691-NZETQ,0,0,0,1,0,0,0,0,1,0,9,85.35,758.6,0,1.061111111111103,1,0,0,0,0,1,1,0,0,0,0,1,0,1
4404-HIBDJ,0,0,0,0,1,1,1,1,1,0,25,74.3,1863.8,4,0.25199999999999534,0,0,1,0,0,0,0,0,1,0,0,0,1,1
7295-JOMMD,0,0,0,1,0,0,1,1,1,1,4,98.1,396.3,2,0.9750000000000085,0,0,0,0,0,0,1,0,0,0,0,0,0,1
5013-SBUIH,0,0,0,1,1,1,0,1,1,1,50,109.65,5551.15,3,1.3729999999999905,0,0,0,1,0,1,1,0,0,1,0,1,0,1
0709-TVGUR,1,0,0,1,0,0,0,0,0,0,9,74.55,622.9,0,5.338888888888889,1,0,0,0,0,1,1,0,0,0,0,1,0,1
6023-YEBUP,0,0,0,1,0,0,1,0,1,1,3,100.95,329.95,1,9.033333333333331,0,0,0,0,0,1,1,0,0,0,0,1,0,1
7209-JCUDS,0,0,0,1,0,0,1,0,1,1,10,94.9,1048.85,1,9.984999999999985,1,0,0,0,0,0,1,0,0,0,0,1,0,1
3001-CBHLQ,1,1,0,1,0,0,1,1,1,1,32,104.9,3351.55,2,0.1640625,0,0,1,0,0,1,1,0,0,0,0,1,0,1
6158-DWPZT,0,1,0,0,0,0,0,0,0,0,9,24.1,259.8,0,4.766666666666666,1,0,0,0,1,0,0,0,1,0,0,0,0,1
3763-GCZHZ,0,1,0,1,0,1,0,1,1,1,66,104.05,6890.0,2,0.34393939393939377,0,0,0,1,0,1,1,0,1,0,0,1,0,1
0772-GYEQQ,0,0,0,1,0,0,1,1,1,0,3,88.35,262.05,2,0.9999999999999858,0,0,0,0,0,0,1,0,0,0,0,0,1,1
4831-EOBFE,0,1,0,0,1,0,0,0,1,1,29,94.65,2649.15,1,3.299999999999997,0,0,1,0,0,0,1,0,0,0,1,0,0,1
4102-OQUPX,1,1,0,1,0,0,0,0,0,0,1,74.4,74.4,0,0.0,0,0,0,0,0,1,1,0,0,0,0,1,0,1
9170-GYZJC,0,1,1,0,1,1,1,1,0,1,41,79.9,3326.2,4,1.2268292682926756,0,0,1,0,0,1,0,0,0,0,1,0,0,1
3999-QGRJH,1,0,0,1,0,0,0,0,0,0,8,69.7,560.85,0,0.40625,1,0,0,0,0,0,1,0,0,0,0,1,0,1
2454-RPBRZ,1,1,0,1,0,1,1,0,1,0,12,98.1,1060.2,2,9.749999999999986,1,0,0,0,0,1,1,0,0,0,0,1,0,1
2002-MZHWP,0,0,0,0,0,0,0,0,0,0,1,20.5,20.5,0,0.0,0,0,0,0,0,0,0,1,0,0,0,0,1,1
2265-CYWIV,1,1,0,1,1,0,0,0,1,1,4,99.6,347.65,1,12.6875,0,0,0,0,0,1,1,0,0,0,0,1,0,1
2004-OCQXK,0,0,0,1,0,0,0,0,0,1,1,81.95,81.95,0,0.0,0,0,0,0,0,0,1,0,0,0,0,1,0,1
5027-QPKTE,0,1,0,1,0,0,0,0,0,0,7,69.35,451.1,0,4.907142857142844,1,0,0,0,0,0,1,0,0,0,0,1,0,1
2672-HUYVI,0,0,0,1,0,0,0,0,1,1,6,91.1,455.3,0,15.216666666666654,0,0,0,0,0,0,1,0,0,0,0,1,0,1
7508-MYBOG,0,1,0,1,0,0,0,0,1,0,14,86.1,1235.55,0,2.153571428571425,0,1,0,0,0,1,1,0,0,0,0,1,0,1
0148-DCDOS,0,0,0,1,0,0,0,0,1,1,25,94.7,2362.1,0,0.21600000000000819,0,0,1,0,0,1,1,0,0,0,0,0,0,1
9992-RRAMN,0,1,0,1,0,0,0,0,0,1,22,85.1,1873.7,0,0.06818181818182723,0,1,0,0,0,1,1,0,0,0,0,1,0,1
0310-MVLET,0,1,0,1,0,1,0,0,1,1,61,99.15,6010.05,1,0.6245901639344282,0,0,0,1,0,1,1,0,0,0,0,1,0,1
4550-VBOFE,1,1,0,1,0,1,1,0,1,1,70,102.95,7101.5,2,1.5,0,0,0,1,0,1,1,0,0,0,0,1,0,1
5696-QURRL,0,0,0,1,0,0,0,0,0,0,1,45.05,45.05,0,0.0,0,0,0,0,0,0,0,0,0,0,0,0,1,1
7409-KIUTL,1,0,0,1,0,0,0,0,0,0,1,71.0,71.0,0,0.0,0,0,0,0,0,0,1,0,0,0,0,1,0,1
1732-VHUBQ,1,1,0,0,0,0,0,0,0,0,47,70.55,3309.25,0,0.14042553191488594,0,0,1,0,0,0,1,0,0,0,0,0,0,1
0495-RVCBF,0,0,0,1,0,0,0,0,0,1,1,79.7,79.7,0,0.0,0,0,0,0,0,0,1,0,0,0,0,1,0,1
7854-EDSSA,0,0,0,0,1,1,0,0,0,0,22,59.0,1254.7,2,1.9681818181818187,0,1,0,0,0,1,0,0,0,0,0,1,0,1
8869-TORSS,0,0,0,1,1,0,1,1,0,0,48,60.35,2896.4,3,0.00833333333333286,0,0,1,0,0,0,0,0,1,0,1,0,0,1
0679-IDSTG,1,1,0,1,0,0,0,0,0,0,1,69.25,69.25,0,0.0,0,0,0,0,0,0,1,0,0,0,0,1,0,1
2115-BFTIW,0,0,0,0,0,0,0,0,0,0,25,70.95,1767.35,0,0.2560000000000002,0,0,1,0,0,0,1,0,0,0,0,0,1,1
0611-DFXKO,0,1,0,1,0,0,0,0,1,1,20,89.0,1820.45,0,2.022500000000008,0,1,0,0,0,0,1,0,0,0,0,0,1,1
7780-OTDSO,0,1,0,1,1,0,0,0,1,1,18,99.4,1742.95,1,2.569444444444443,0,1,0,0,0,1,1,0,0,0,0,1,0,1
9747-DDZOS,0,0,0,0,0,0,1,0,0,0,1,73.5,73.5,1,0.0,0,0,0,0,0,0,1,0,0,0,0,0,0,1
0564-JJHGS,0,0,0,1,0,0,0,0,1,1,9,95.5,829.1,0,3.37777777777778,1,0,0,0,0,1,1,0,0,0,0,1,0,1
3348-CFRNX,0,1,0,1,1,0,0,0,1,1,28,92.35,2602.9,1,0.6107142857142946,0,0,1,0,0,0,1,0,0,0,0,0,1,1
1428-GTBJJ,0,0,0,1,0,1,0,0,0,0,11,74.55,824.75,1,0.4272727272727366,1,0,0,0,0,0,1,0,0,0,0,1,0,1
8802-UNOJF,1,0,0,1,0,1,1,1,0,0,12,83.8,1029.75,3,2.012500000000003,1,0,0,0,0,0,1,0,0,0,0,0,1,1
6313-GIDIT,1,0,0,1,0,1,1,0,1,1,53,54.45,2854.55,2,0.5905660377358473,0,0,0,1,1,0,0,0,0,0,0,1,0,1
2845-AFFTX,1,1,0,1,0,0,1,0,1,1,41,99.8,4259.3,1,4.085365853658544,0,0,1,0,0,1,1,0,0,0,0,1,0,1
2249-YPRNG,0,1,0,1,0,1,1,0,1,1,20,105.85,2239.65,2,6.132500000000007,0,1,0,0,0,1,1,0,0,0,0,0,0,1
7410-YTJIK,0,0,0,0,0,0,0,0,0,0,7,75.45,480.75,0,6.771428571428572,1,0,0,0,0,1,1,0,0,0,0,0,1,1
4626-GYCZP,0,0,0,1,0,0,0,0,1,1,7,93.85,635.6,0,3.049999999999997,1,0,0,0,0,1,1,0,0,0,0,1,0,1
5590-BYNII,0,0,0,1,1,0,0,0,1,1,22,100.75,2095.0,1,5.522727272727266,0,1,0,0,0,1,1,0,0,0,0,1,0,1
3237-AJGEH,0,1,1,1,0,0,0,1,0,0,3,31.0,95.05,1,0.6833333333333336,0,0,0,0,1,0,0,0,0,0,0,0,1,1
1591-NFNLQ,0,0,0,0,0,0,1,0,0,0,51,80.0,4242.35,1,3.183333333333337,0,0,0,1,0,1,1,0,0,0,1,0,0,1
2815-CPTUL,1,0,0,1,0,0,0,0,0,0,5,70.25,331.9,0,3.8700000000000045,0,0,0,0,0,0,1,0,0,0,0,0,1,1
0596-BQCEQ,0,1,0,1,0,1,1,0,1,1,62,100.15,6283.3,2,1.1935483870967687,0,0,0,1,0,0,1,0,0,0,0,1,0,1
1481-ZUWZA,0,0,0,1,1,1,0,0,0,1,28,94.5,2659.4,2,0.47857142857142776,0,0,1,0,0,1,1,0,0,0,1,0,0,1
2309-OSFEU,0,0,0,1,0,0,0,0,0,1,10,33.9,298.45,0,4.055,1,0,0,0,1,0,0,0,0,0,0,0,1,1
1891-FZYSA,1,1,0,1,0,1,0,0,1,0,69,89.95,6143.15,1,0.9188405797101495,0,0,0,1,0,1,1,0,0,0,0,1,0,1
7613-LLQFO,0,0,0,1,0,0,0,0,1,0,12,84.45,1059.55,0,3.8458333333333314,1,0,0,0,0,1,1,0,0,0,0,1,0,1
2640-PMGFL,0,0,0,1,0,0,0,1,0,0,27,79.5,2180.55,1,1.26111111111112,0,0,1,0,0,1,1,0,0,0,0,1,0,1
3801-HMYNL,0,1,0,0,0,0,0,0,1,1,1,89.15,89.15,0,0.0,0,0,0,0,0,0,1,0,0,0,0,0,1,1
9685-WKZGT,1,0,0,1,0,0,0,0,0,0,14,74.95,1036.75,0,0.8964285714285722,0,1,0,0,0,1,1,0,0,0,0,1,0,1
6022-UGGSO,1,0,0,1,0,1,0,0,0,0,32,74.4,2276.95,1,3.2453125000000114,0,0,1,0,0,0,1,0,0,0,0,1,0,1
4484-CGXFK,0,0,0,1,0,0,0,0,0,1,3,55.3,196.15,0,10.083333333333343,0,0,0,0,0,0,0,0,0,0,0,1,0,1
6214-EDAKZ,0,1,1,0,0,1,0,1,0,0,22,55.15,1206.05,2,0.32954545454545325,0,1,0,0,0,0,0,0,0,0,0,1,0,1
6127-ISGTU,0,1,0,1,0,0,0,0,1,0,16,84.95,1378.25,0,1.1906249999999972,0,1,0,0,0,1,1,0,0,0,0,1,0,1
8740-XLHDR,0,0,0,1,1,1,1,1,0,0,5,43.25,219.0,4,0.5499999999999972,0,0,0,0,1,0,0,0,0,0,0,0,1,1
1208-DNHLN,0,1,0,1,0,0,0,0,0,0,23,48.35,1067.15,0,1.9521739130434739,0,1,0,0,0,1,0,0,1,0,1,0,0,1
1761-AEZZR,0,0,0,1,0,0,0,0,1,0,1,79.55,79.55,0,0.0,0,0,0,0,0,0,1,0,0,0,0,1,0,1
3923-CSIHK,1,1,0,1,0,0,0,0,0,0,50,71.05,3444.85,0,2.153000000000006,0,0,0,1,0,0,1,0,0,0,0,1,0,1
7120-RFMVS,0,0,0,0,0,0,0,0,1,0,1,84.5,84.5,0,0.0,0,0,0,0,0,1,1,0,0,0,0,1,0,1
7317-GGVPB,0,1,0,1,0,1,1,1,1,1,71,108.6,7690.9,3,0.277464788732388,0,0,0,1,0,1,1,0,0,1,1,0,0,1
1322-AGOQM,0,0,0,0,0,1,0,0,0,0,46,30.3,1380.1,1,0.2978260869565261,0,0,1,0,1,0,0,0,0,0,0,0,0,1
3677-IYRBF,1,0,0,1,0,0,1,0,0,0,2,30.4,78.65,1,8.925000000000004,0,0,0,0,1,0,0,0,0,0,0,1,0,1
5692-FPTAH,0,0,0,1,0,0,0,0,0,0,1,45.4,45.4,0,0.0,0,0,0,0,0,0,0,0,0,0,0,0,1,1
1550-LOAHA,0,1,0,0,0,1,0,0,0,1,32,84.15,2585.95,1,3.3390625000000114,0,0,1,0,0,0,1,0,0,0,0,0,0,1
0268-QKIWO,0,0,0,0,0,0,0,0,0,0,3,19.75,58.85,0,0.13333333333333286,0,0,0,0,0,0,0,1,0,0,0,1,0,1
0876-WDUUZ,0,0,0,1,0,0,0,1,0,1,5,85.4,425.9,1,0.22000000000001307,0,0,0,0,0,0,1,0,0,0,1,0,0,1
0617-FHSGK,0,0,0,0,0,0,0,0,0,0,49,75.2,3678.3,0,0.13265306122448806,0,0,0,1,0,1,1,0,0,0,1,0,0,1
2858-MOFSQ,0,0,0,1,0,0,1,0,0,0,17,55.85,937.5,1,0.7029411764705884,0,1,0,0,0,1,0,0,1,0,0,0,1,1
8118-LSUEL,1,0,0,1,0,1,1,0,1,1,23,106.4,2483.5,2,1.578260869565213,0,1,0,0,0,1,1,0,0,0,0,1,0,1
7005-CCBKV,0,0,0,1,0,1,0,0,0,1,6,84.4,556.35,1,8.325000000000003,0,0,0,0,0,0,1,0,0,0,0,1,0,1
4250-FDVOU,0,0,0,0,1,1,0,0,0,0,6,56.25,389.1,2,8.600000000000009,0,0,0,0,0,0,0,0,0,0,0,1,0,1
5277-ZLOOR,1,0,0,1,0,0,0,0,1,0,2,85.55,187.45,0,8.174999999999997,0,0,0,0,0,1,1,0,0,0,0,1,0,1
2141-RRYGO,0,0,0,1,0,1,0,0,1,1,4,68.65,261.25,1,3.3375000000000057,0,0,0,0,0,0,0,0,0,0,0,0,0,1
6376-GAHQE,0,0,0,0,0,0,0,0,1,0,4,77.85,299.2,0,3.049999999999997,0,0,0,0,0,0,1,0,0,0,0,1,0,1
5052-PNLOS,0,0,0,1,0,1,1,0,1,1,3,105.35,323.25,2,2.4000000000000057,0,0,0,0,0,1,1,0,0,0,0,0,0,1
6979-ZNSFF,0,0,0,1,0,0,0,0,1,0,8,87.05,762.1,0,8.212500000000006,1,0,0,0,0,1,1,0,0,0,0,1,0,1
2386-LAHRK,0,0,0,1,0,0,0,0,1,0,1,53.5,53.5,0,0.0,0,0,0,0,0,0,0,0,0,0,0,0,1,1
6032-IGALN,0,0,0,1,0,0,0,0,0,0,1,25.1,25.1,0,0.0,0,0,0,0,1,0,0,0,0,0,0,0,1,1
4248-HCETZ,1,1,0,1,0,1,1,0,0,0,30,79.65,2365.15,2,0.8116666666666674,0,0,1,0,0,0,1,0,0,0,0,0,1,1
0516-WJVXC,0,0,0,0,1,0,0,1,0,0,5,54.2,308.25,2,7.449999999999996,0,0,0,0,0,0,0,0,0,0,0,1,0,1
9174-FKWZE,1,0,0,1,0,0,0,0,0,0,1,19.45,19.45,0,0.0,0,0,0,0,0,0,0,1,0,0,0,1,0,1
8809-RIHDD,0,1,0,1,0,1,1,0,1,1,72,103.4,7372.65,2,1.0020833333333456,0,0,0,1,0,1,1,0,0,1,0,1,0,1
4822-NGOCH,0,0,0,1,0,1,1,0,0,0,13,84.45,1058.6,2,3.0192307692307736,0,1,0,0,0,1,1,0,0,0,0,1,0,1
5307-DZCVC,1,1,0,1,0,0,0,0,1,0,32,85.95,2628.6,0,3.8062500000000057,0,0,1,0,0,1,1,0,0,0,1,0,0,1
8679-JOEVF,1,0,0,0,0,0,0,1,1,0,16,59.4,1023.9,1,4.59375,0,1,0,0,0,0,0,0,0,0,0,1,0,1
1432-FPAXX,0,0,0,1,0,1,0,0,0,0,29,30.6,856.35,1,1.0706896551724157,0,0,1,0,1,0,0,0,0,0,0,1,0,1
4803-AXVYP,1,0,0,1,0,0,0,1,1,1,38,99.55,3734.25,1,1.280263157894737,0,0,1,0,0,1,1,0,0,0,0,1,0,1
3884-HCSWG,0,0,0,1,0,0,0,0,0,0,17,70.0,1144.5,0,2.67647058823529,0,1,0,0,0,0,1,0,0,0,0,1,0,1
5077-DXTCG,0,0,0,1,0,0,0,0,0,0,1,45.3,45.3,0,0.0,0,0,0,0,0,0,0,0,0,0,0,1,0,1
1142-WACZW,0,0,0,0,0,0,0,1,0,0,2,29.85,75.6,1,7.949999999999996,0,0,0,0,1,0,0,0,0,0,0,0,0,1
5649-ANRML,1,0,0,1,0,1,1,1,0,1,2,95.1,180.25,3,4.974999999999994,0,0,0,0,0,0,1,0,0,0,1,0,0,1
4892-VLANZ,0,0,0,0,0,0,0,0,0,0,1,19.8,19.8,0,0.0,0,0,0,0,0,0,0,1,0,0,0,0,1,1
2919-HBCJO,0,0,0,1,0,1,0,0,0,0,4,76.65,333.6,1,6.75,0,0,0,0,0,0,1,0,0,0,0,0,0,1
4236-XPXAV,0,1,0,1,0,1,0,1,1,1,5,99.15,465.05,2,6.140000000000001,0,0,0,0,0,0,1,0,0,0,0,0,1,1
3030-YZADT,0,0,0,0,0,0,0,0,0,0,9,44.95,431.0,0,2.938888888888883,1,0,0,0,0,0,0,0,0,0,0,0,1,1
7410-KTVFV,0,1,0,1,0,0,1,0,0,0,18,49.55,878.35,1,0.7527777777777729,0,1,0,0,0,0,0,0,0,0,0,0,1,1
8393-DLHGA,0,0,0,1,0,1,0,0,1,1,25,95.9,2448.75,1,2.049999999999997,0,0,1,0,0,0,1,0,0,0,0,1,0,1
7395-IGJOS,1,1,0,0,0,0,0,0,0,1,17,81.5,1329.2,0,3.3117647058823536,0,1,0,0,0,0,1,0,0,0,0,0,0,1
2834-SPCJV,0,1,0,0,1,0,0,0,1,0,52,84.1,4348.65,1,0.4721153846153925,0,0,0,1,0,0,1,0,0,0,0,1,0,1
7890-VYYWG,1,1,0,1,0,0,0,0,1,0,3,36.45,93.7,0,5.216666666666669,0,0,0,0,1,0,0,0,0,0,0,0,1,1
9907-SWKKF,1,0,0,0,0,0,0,0,0,0,1,25.05,25.05,0,0.0,0,0,0,0,1,0,0,0,0,0,0,0,1,1
0587-DMGBH,0,0,0,1,1,0,0,0,0,0,8,49.85,365.55,1,4.15625,1,0,0,0,0,0,0,0,0,0,0,1,0,1
6397-JNZZG,1,1,0,0,0,1,1,0,1,1,43,55.55,2342.2,2,1.0802325581395351,0,0,1,0,1,0,0,0,0,0,1,0,0,1
3523-QRQLL,0,1,0,1,0,1,0,0,1,1,22,69.5,1498.2,1,1.3999999999999915,0,1,0,0,0,0,0,0,1,0,0,0,0,1
0895-DQHEW,0,1,0,1,0,1,1,0,1,1,54,104.3,5278.15,2,6.556481481481484,0,0,0,1,0,1,1,0,0,0,0,1,0,1
8149-RSOUN,0,0,0,1,0,0,0,0,1,1,1,93.85,93.85,0,0.0,0,0,0,0,0,1,1,0,0,0,0,1,0,1
7250-EQKIY,0,1,1,0,0,0,1,0,0,0,1,50.45,50.45,1,0.0,0,0,0,0,0,0,0,0,0,0,0,0,1,1
4013-UBXWQ,0,0,0,1,0,0,0,1,1,1,7,74.65,521.1,1,0.20714285714285552,1,0,0,0,0,1,0,0,0,0,0,1,0,1
5519-NPHVG,0,0,0,1,0,0,0,0,1,1,12,94.2,1046.1,0,7.025000000000006,1,0,0,0,0,1,1,0,0,0,0,1,0,1
8849-GYOKR,0,1,0,0,1,1,0,0,1,1,54,106.55,5763.3,2,0.17777777777777715,0,0,0,1,0,1,1,0,1,0,0,0,0,1
3148-BLQJT,0,0,0,0,0,0,0,0,0,0,1,20.1,20.1,0,0.0,0,0,0,0,0,0,0,1,0,0,0,0,1,1
0461-CVKMU,0,1,0,0,0,1,1,1,0,0,23,83.8,1900.25,3,1.1804347826086996,0,1,0,0,0,0,1,0,0,0,0,1,0,1
8806-EAGWC,0,0,0,0,0,0,0,0,1,0,3,55.15,159.15,0,2.0999999999999943,0,0,0,0,0,0,0,0,0,0,0,0,1,1
7779-LGOVN,1,1,0,1,0,0,0,0,0,1,10,86.65,856.65,0,0.9850000000000136,1,0,0,0,0,1,1,0,0,0,0,1,0,1
9710-ZUSHQ,1,0,0,1,1,1,0,0,1,1,37,106.75,4056.75,2,2.8918918918918877,0,0,1,0,0,1,1,0,0,0,0,0,0,1
4183-WCSEP,0,0,0,1,0,1,0,1,0,0,31,78.45,2435.15,2,0.1032258064516185,0,0,1,0,0,0,1,0,0,0,0,1,0,1
5498-TXHLF,0,1,0,0,0,0,1,0,1,0,34,87.45,2874.15,1,2.9161764705882405,0,0,1,0,0,1,1,0,0,0,0,1,0,1
9722-UJOJR,0,1,0,1,0,0,0,0,0,0,29,70.75,1974.8,0,2.6534482758620754,0,0,1,0,0,0,1,0,0,0,0,1,0,1
3902-FOIGH,1,1,0,1,0,1,0,0,1,1,12,101.35,1218.55,1,0.19583333333333997,1,0,0,0,0,1,1,0,0,0,0,1,0,1
6772-KSATR,0,0,0,1,1,0,0,0,0,0,1,81.7,81.7,1,0.0,0,0,0,0,0,1,1,0,0,0,0,1,0,1
7112-OPOTK,0,0,0,0,0,0,0,0,0,0,33,68.25,2171.15,0,2.4575757575757535,0,0,1,0,0,0,1,0,0,0,0,1,0,1
4210-QFJMF,0,0,0,1,0,0,0,0,0,1,4,79.15,317.25,0,0.16249999999999432,0,0,0,0,0,0,1,0,0,0,0,1,0,1
3318-OSATS,1,0,0,1,0,0,0,0,1,1,35,95.45,3474.05,0,3.808571428571426,0,0,1,0,0,1,1,0,0,0,0,1,0,1
5828-AVIPD,0,1,0,1,0,0,0,1,1,1,19,100.95,1875.55,1,2.2368421052631646,0,1,0,0,0,1,1,0,1,0,0,1,0,1
1086-LXKFY,0,1,0,1,0,0,0,0,0,0,1,69.1,69.1,0,0.0,0,0,0,0,0,0,1,0,0,0,0,0,1,1
2636-ALXXZ,1,0,0,1,0,0,0,0,0,0,1,69.6,69.6,0,0.0,0,0,0,0,0,0,1,0,0,0,0,1,0,1
7774-OJSXI,0,0,0,1,0,1,1,0,1,1,31,103.45,3066.45,2,4.532258064516142,0,0,1,0,0,1,1,0,1,0,0,1,0,1
7786-WBJYI,0,0,0,0,0,1,0,0,0,0,4,77.95,305.55,1,1.5625,0,0,0,0,0,1,1,0,0,0,0,0,0,1
9885-CSMWE,1,0,0,0,0,0,0,0,1,0,1,78.45,78.45,0,0.0,0,0,0,0,0,0,1,0,0,0,0,1,0,1
5016-ETTFF,0,0,0,0,0,0,1,0,0,0,10,29.5,255.25,1,3.9750000000000014,1,0,0,0,1,0,0,0,0,0,0,0,1,1
3866-MDTUB,0,0,0,1,1,0,0,0,1,1,2,70.75,146.9,1,2.700000000000003,0,0,0,0,0,0,0,0,0,0,0,1,0,1
8058-JMEQO,1,0,0,1,0,0,0,0,0,1,9,84.45,762.5,0,0.2722222222222257,1,0,0,0,0,1,1,0,0,0,0,1,0,1
0697-ZMSWS,0,0,0,1,0,0,0,0,0,1,4,85.65,338.9,0,0.9250000000000114,0,0,0,0,0,1,1,0,0,0,0,1,0,1
7657-DYEPJ,1,0,0,1,0,1,1,1,1,0,38,70.15,2497.35,3,4.430263157894743,0,0,1,0,0,0,0,0,1,0,1,0,0,1
8276-MQBYC,1,0,0,1,0,0,1,0,1,1,51,97.8,4913.3,1,1.4607843137254832,0,0,0,1,0,1,1,0,0,0,0,1,0,1
7593-XFKDI,0,0,0,0,0,0,0,0,0,0,1,46.3,46.3,0,0.0,0,0,0,0,0,0,0,0,0,0,0,0,1,1
0337-CNPZE,0,0,0,1,0,1,1,0,1,1,41,106.3,4443.45,2,2.076829268292684,0,0,1,0,0,1,1,0,0,0,0,1,0,1
1513-XNPPH,0,0,0,1,0,0,1,1,0,1,12,89.4,1095.65,2,1.9041666666666686,1,0,0,0,0,0,1,0,0,0,0,1,0,1
6015-VVHHE,1,0,0,1,0,0,0,0,1,0,5,83.15,446.05,0,6.060000000000002,0,0,0,0,0,1,1,0,0,0,1,0,0,1
6347-DCUIK,0,0,0,1,0,0,0,0,0,0,10,74.15,811.8,0,7.029999999999987,1,0,0,0,0,1,1,0,0,0,0,0,1,1
0897-FEGMU,0,1,0,1,0,0,1,0,1,1,11,99.5,1056.95,1,3.413636363636357,1,0,0,0,0,1,1,0,0,0,0,1,0,1
7663-RGWBC,0,0,0,1,0,0,0,0,0,0,1,44.15,44.15,0,0.0,0,0,0,0,0,0,0,0,0,0,0,0,1,1
1120-BMWUB,0,0,0,1,0,1,0,1,0,0,16,53.9,834.15,2,1.765625,0,1,0,0,0,0,0,0,0,0,0,0,1,1
9124-LHCJQ,0,0,0,1,0,0,0,0,0,1,1,85.45,85.45,0,0.0,0,0,0,0,0,1,1,0,0,0,0,0,1,1
2235-ZGKPT,0,1,1,0,0,0,0,0,0,0,4,50.85,239.55,0,9.037500000000001,0,0,0,0,0,1,0,0,0,0,0,0,1,1
3891-PUQOD,0,0,1,0,0,0,1,0,0,1,1,59.2,59.2,1,0.0,0,0,0,0,0,0,0,0,0,0,0,1,0,1
0689-NKYLF,0,0,0,1,0,0,1,0,1,0,13,83.2,1060.6,1,1.6153846153846274,0,1,0,0,0,0,1,0,0,0,0,1,0,1
3658-KIBGF,0,0,0,1,1,1,0,0,0,0,1,54.9,54.9,2,0.0,0,0,0,0,0,0,0,0,0,0,0,1,0,1
5519-YLDGW,0,1,0,1,1,0,1,0,1,1,21,103.9,2254.2,2,3.4428571428571217,0,1,0,0,0,1,1,0,0,0,0,1,0,1
4946-EDSEW,0,1,1,1,0,0,0,0,0,0,11,19.25,180.3,0,2.8590909090909093,1,0,0,0,0,0,0,1,0,0,0,0,1,1
2516-VQRRV,1,0,0,1,0,0,0,0,0,0,2,75.45,158.4,0,3.75,0,0,0,0,0,1,1,0,0,0,0,0,1,1
7580-UGXNC,1,0,0,0,1,1,0,0,0,0,2,54.85,104.2,2,2.75,0,0,0,0,0,0,0,0,0,0,0,0,1,1
5178-LMXOP,1,1,0,1,0,0,0,0,1,1,1,95.1,95.1,0,0.0,0,0,0,0,0,1,1,0,0,0,0,1,0,1
8185-UPYBR,0,1,0,1,0,0,0,0,0,0,6,75.5,438.0,0,2.5,0,0,0,0,0,1,1,0,0,0,0,1,0,1
4585-HETAI,0,1,0,1,0,0,1,0,0,0,4,73.75,325.45,1,7.612499999999997,0,0,0,0,0,0,1,0,0,0,0,1,0,1
7526-BEZQB,0,0,0,1,0,0,0,0,1,1,12,96.05,1148.1,0,0.375,1,0,0,0,0,1,1,0,0,0,0,1,0,1
4951-UKAAQ,0,0,0,1,0,1,0,0,0,1,4,88.95,355.2,1,0.15000000000000568,0,0,0,0,0,1,1,0,0,0,0,1,0,1
2108-YKQTY,0,0,0,0,0,1,0,0,0,0,4,50.7,151.3,1,12.875,0,0,0,0,0,0,0,0,0,0,1,0,0,1
4918-QLLIW,0,0,0,0,0,0,0,0,1,0,3,53.4,188.7,0,9.5,0,0,0,0,0,0,0,0,0,0,1,0,0,1
7056-IMHCC,1,1,0,1,0,1,0,0,1,1,53,101.9,5549.4,1,2.8056603773584783,0,0,0,1,0,1,1,0,0,0,0,1,0,1
1625-JAIIY,0,1,0,1,0,0,0,0,1,0,68,83.0,5685.8,0,0.6147058823529505,0,0,0,1,0,1,1,0,1,0,0,1,0,1
2947-DOMLJ,0,0,1,0,1,0,0,0,0,0,1,50.6,50.6,1,0.0,0,0,0,0,0,0,0,0,0,0,0,0,1,1
4112-LUEIZ,0,0,0,1,0,0,0,0,1,1,10,89.5,863.1,0,3.1899999999999977,1,0,0,0,0,0,1,0,0,0,0,1,0,1
4510-HIMLV,0,0,0,1,0,0,0,0,0,0,1,69.8,69.8,0,0.0,0,0,0,0,0,0,1,0,0,0,0,1,0,1
8749-JMNKX,1,1,0,1,1,0,1,0,1,0,51,93.8,4750.95,2,0.6441176470588204,0,0,0,1,0,1,1,0,0,0,0,0,0,1
2430-USGXP,0,1,0,1,0,0,1,0,1,1,24,101.05,2391.8,1,1.3916666666666515,0,1,0,0,0,1,1,0,0,0,0,1,0,1
5955-ERIHD,0,1,0,1,0,0,0,0,1,1,18,94.7,1687.95,0,0.9249999999999972,0,1,0,0,0,1,1,0,0,0,0,1,0,1
0917-EZOLA,1,1,0,1,0,1,1,0,1,1,72,104.15,7689.95,2,2.654861111111103,0,0,0,1,0,1,1,0,0,1,0,0,0,1
5949-EBSQK,0,1,1,0,0,0,0,1,0,1,4,61.45,229.55,1,4.0625,0,0,0,0,0,0,0,0,0,0,1,0,0,1
7274-RTAPZ,0,0,0,1,0,0,0,0,1,1,1,90.55,90.55,0,0.0,0,0,0,0,0,0,1,0,0,0,0,1,0,1
0311-UNPFF,0,0,0,1,0,0,0,0,1,1,26,88.8,2274.35,0,1.3250000000000028,0,0,1,0,0,0,1,0,0,0,0,0,0,1
3834-XUIFC,0,0,0,1,0,0,0,0,0,1,7,85.2,602.55,0,0.8785714285714192,1,0,0,0,0,1,1,0,0,0,0,0,1,1
8414-MYSHR,1,0,0,1,0,0,0,0,1,1,5,91.4,449.75,0,1.4500000000000028,0,0,0,0,0,0,1,0,0,0,0,1,0,1
7599-FKVXZ,0,1,0,1,0,0,1,1,1,1,42,106.15,4512.7,2,1.2952380952380906,0,0,1,0,0,1,1,0,0,0,0,0,0,1
8229-TNIQA,0,0,0,1,0,0,0,0,0,0,4,45.3,196.95,0,3.9375,0,0,0,0,0,0,0,0,0,0,0,0,1,1
6221-AVQYL,0,0,0,1,0,0,0,0,0,0,2,73.25,131.05,0,7.724999999999994,0,0,0,0,0,1,1,0,0,0,1,0,0,1
7743-EXURX,0,1,1,1,0,0,1,0,0,0,8,51.05,415.05,1,0.8312500000000043,1,0,0,0,0,0,0,0,0,0,0,1,0,1
5569-KGJHX,0,1,0,1,0,0,0,0,1,0,9,85.35,754.65,0,1.5,1,0,0,0,0,1,1,0,0,0,0,0,0,1
4988-IQIGL,1,0,0,1,0,0,0,0,0,0,1,75.35,75.35,0,0.0,0,0,0,0,0,1,1,0,0,0,0,1,0,1
7730-IUTDZ,0,0,0,1,1,0,0,0,0,0,43,75.2,3198.6,1,0.8139534883720927,0,0,1,0,0,0,1,0,0,0,0,1,0,1
0426-TIRNE,0,0,0,0,0,0,0,0,0,0,1,20.9,20.9,0,0.0,0,0,0,0,0,0,0,1,0,0,0,0,1,1
7587-RZNME,0,0,0,1,0,0,0,0,0,0,3,43.3,123.65,0,2.0833333333333286,0,0,0,0,0,0,0,0,0,0,0,1,0,1
0748-RDGGM,0,1,0,1,1,1,1,1,1,1,70,109.5,7534.65,4,1.8621428571428567,0,0,0,1,0,0,1,0,1,0,0,0,0,1
4706-AXVKM,1,0,0,1,0,0,0,0,0,1,11,84.8,906.85,0,2.3590909090909093,1,0,0,0,0,1,1,0,0,0,1,0,0,1
5889-JTMUL,1,1,0,1,0,1,1,0,1,0,50,95.05,4888.7,2,2.7240000000000038,0,0,0,1,0,1,1,0,0,0,0,1,0,1
9026-RNUJS,1,0,0,0,0,0,1,0,0,0,5,50.35,237.25,1,2.8999999999999986,0,0,0,0,0,0,0,0,0,0,0,1,0,1
3746-EUBYR,0,1,0,1,0,0,0,0,0,0,1,74.6,74.6,0,0.0,0,0,0,0,0,1,1,0,0,0,0,0,0,1
2332-EFBJY,0,0,0,1,0,0,0,0,0,0,16,19.7,342.4,0,1.6999999999999993,0,1,0,0,0,0,0,1,0,0,0,0,1,1
9474-PHLYD,0,0,0,1,0,0,1,0,0,1,15,59.45,892.65,1,0.05999999999999517,0,1,0,0,0,0,0,0,0,0,0,1,0,1
2165-VOEGB,0,0,0,1,1,1,0,1,1,1,46,105.2,4822.85,3,0.35543478260869676,0,0,1,0,0,0,1,0,1,0,0,0,0,1
2219-MVUSO,0,0,0,1,0,0,0,0,0,0,8,45.15,438.4,0,9.649999999999999,1,0,0,0,0,0,0,0,0,0,0,0,1,1
8914-RBTSB,0,1,0,0,0,1,1,0,1,0,31,93.8,3019.5,2,3.6032258064516185,0,0,1,0,0,1,1,0,0,0,0,1,0,1
0963-ZBDRN,0,0,0,1,0,0,0,1,1,1,32,96.2,3183.4,1,3.28125,0,0,1,0,0,0,1,0,0,0,0,1,0,1
7594-RQHXR,0,0,0,1,0,0,0,0,0,1,1,79.6,79.6,0,0.0,0,0,0,0,0,0,1,0,0,0,0,1,0,1
6331-EWIEB,0,0,0,1,0,0,0,0,1,0,20,85.25,1734.5,0,1.4749999999999943,0,1,0,0,0,1,1,0,0,0,0,1,0,1
5998-VVEJY,0,0,0,1,0,0,0,1,0,0,26,80.5,2088.8,1,0.16153846153845564,0,0,1,0,0,1,1,0,0,0,0,1,0,1
1624-NALOJ,1,0,0,1,0,1,0,0,0,1,5,89.8,502.6,1,10.720000000000013,0,0,0,0,0,1,1,0,0,0,0,1,0,1
4317-VTEOA,0,0,0,1,0,1,0,0,0,0,1,50.75,50.75,1,0.0,0,0,0,0,0,0,0,0,0,0,0,1,0,1
1670-SVOWZ,0,1,0,1,0,1,0,1,0,1,14,89.65,1208.35,2,3.3392857142857224,0,1,0,0,0,0,1,0,0,0,1,0,0,1
7541-YLXCL,0,0,0,1,0,1,0,1,0,1,36,65.4,2498.4,2,4.0,0,0,1,0,0,0,0,0,1,0,0,0,1,1
0260-ZDLGK,0,0,1,1,0,0,1,1,1,1,9,72.9,651.4,2,0.5222222222222257,1,0,0,0,0,0,0,0,0,0,0,0,1,1
8722-NGNBH,0,0,0,0,1,0,1,1,0,0,5,40.0,223.45,3,4.689999999999998,0,0,0,0,1,0,0,0,0,0,0,0,1,1
6210-KBBPI,1,0,0,1,0,1,0,0,1,1,9,99.45,919.4,1,2.7055555555555486,1,0,0,0,0,1,1,0,0,0,1,0,0,1
0133-BMFZO,0,0,0,1,1,1,0,1,0,0,2,86.25,181.65,3,4.575000000000003,0,0,0,0,0,0,1,0,0,0,0,1,0,1
6128-CZOMY,0,0,0,1,0,0,0,0,0,0,1,45.65,45.65,0,0.0,0,0,0,0,0,0,0,0,0,0,0,1,0,1
9540-JYROE,0,0,0,1,0,0,0,0,0,0,8,70.1,551.35,0,1.1812499999999915,1,0,0,0,0,0,1,0,0,0,0,0,1,1
2260-USTRB,1,0,0,1,0,0,0,0,0,0,2,70.2,115.95,0,12.225000000000001,0,0,0,0,0,0,1,0,0,0,0,0,0,1
3656-TKRVZ,0,0,0,0,1,1,0,0,0,0,3,55.35,165.2,2,0.28333333333333854,0,0,0,0,0,0,0,0,0,0,0,1,0,1
8623-TMRBY,1,1,0,1,0,1,1,0,0,0,51,84.2,4146.05,2,2.904901960784315,0,0,0,1,0,1,1,0,0,0,0,1,0,1
1501-SGHBW,0,0,0,0,0,0,0,0,0,0,2,45.85,81.0,0,5.350000000000001,0,0,0,0,0,0,0,0,0,0,0,0,1,1
3208-YPIOE,0,0,0,0,0,0,0,0,0,0,39,75.25,3017.65,0,2.1256410256410305,0,0,1,0,0,1,1,0,0,0,0,1,0,1
2612-RANWT,0,0,0,1,0,0,1,0,1,1,12,100.15,1164.3,1,3.125000000000014,1,0,0,0,0,1,1,0,0,0,0,0,0,1
6900-PXRMS,1,1,0,0,0,1,1,0,1,1,26,105.75,2710.25,2,1.5096153846153868,0,0,1,0,0,1,1,0,0,0,0,1,0,1
3346-BRMIS,1,1,0,1,0,0,1,0,1,1,18,48.35,810.7,1,3.31111111111111,0,1,0,0,1,0,0,0,0,0,0,1,0,1
2933-FILNV,0,1,1,1,0,0,0,0,0,0,2,24.4,36.55,0,6.125,0,0,0,0,1,0,0,0,0,0,0,0,1,1
9986-BONCE,0,0,0,0,0,0,0,0,0,0,4,20.95,85.5,0,0.4250000000000007,0,0,0,0,0,0,0,1,0,0,0,0,0,1
2722-JMONI,1,1,0,1,1,0,0,0,0,0,1,49.55,49.55,1,0.0,0,0,0,0,0,0,0,0,0,0,0,1,0,1
4083-EUGRJ,0,0,0,0,0,0,0,0,0,0,9,20.25,178.5,0,0.41666666666666785,1,0,0,0,0,0,0,1,0,0,0,0,1,1
7579-OOPEC,1,1,0,0,0,1,0,0,0,0,2,50.15,115.1,1,7.399999999999999,0,0,0,0,0,0,0,0,0,0,1,0,0,1
1771-OADNZ,1,1,0,1,0,1,1,0,0,1,29,95.9,2745.2,2,1.23793103448277,0,0,1,0,0,1,1,0,0,0,0,1,0,1
0612-RTZZA,1,0,0,0,0,0,0,0,0,0,1,25.25,25.25,0,0.0,0,0,0,0,1,0,0,0,0,0,0,1,0,1
6410-LEFEN,0,0,0,0,0,0,0,0,0,0,9,45.15,416.45,0,1.12222222222222,1,0,0,0,0,0,0,0,0,0,0,1,0,1
3194-ORPIK,0,1,0,1,0,0,0,0,1,0,50,84.4,4116.15,0,2.0770000000000124,0,0,0,1,0,1,1,0,0,0,0,0,0,1
8816-VXNZD,0,0,0,1,0,0,0,0,0,0,1,75.1,75.1,0,0.0,0,0,0,0,0,1,1,0,0,0,0,1,0,1
9378-FXTIZ,0,1,0,1,0,0,0,0,1,1,54,70.15,3715.65,0,1.3416666666666686,0,0,0,1,0,1,0,0,1,0,1,0,0,1
1723-HKXJQ,0,0,0,1,0,1,0,0,1,1,42,101.75,4273.45,1,0.0011904761904872885,0,0,1,0,0,1,1,0,0,0,0,1,0,1
7825-GKXMW,0,0,0,0,0,0,0,0,0,0,1,45.8,45.8,0,0.0,0,0,0,0,0,0,0,0,0,0,0,1,0,1
1240-KNSEZ,0,0,0,1,0,0,0,0,0,0,1,20.1,20.1,0,0.0,0,0,0,0,0,0,0,1,0,0,0,0,1,1
0836-SEYLU,0,1,0,0,0,0,0,1,1,0,9,40.65,328.95,1,4.100000000000001,1,0,0,0,1,0,0,0,0,0,0,0,1,1
4433-JCGCG,1,1,0,1,0,0,1,0,1,1,46,101.0,4680.05,1,0.7402173913043555,0,0,1,0,0,1,1,0,0,0,0,1,0,1
3716-BDVDB,0,0,0,1,0,0,0,0,0,0,1,69.1,69.1,0,0.0,0,0,0,0,0,0,1,0,0,0,0,1,0,1
5899-MQZZL,0,0,0,1,0,0,0,0,0,0,13,75.0,999.45,0,1.880769230769232,0,1,0,0,0,1,1,0,0,0,0,0,1,1
6849-OYAMU,0,1,0,0,0,1,0,1,1,1,19,100.0,1888.65,2,0.5973684210526216,0,1,0,0,0,0,1,0,1,0,0,0,0,1
9488-HGMJH,1,0,0,1,0,0,0,0,0,0,1,71.15,71.15,0,0.0,0,0,0,0,0,0,1,0,0,0,0,1,0,1
6038-GCYEC,0,0,0,1,0,1,1,0,1,1,24,54.15,1240.25,2,2.472916666666663,0,1,0,0,1,0,0,0,0,0,1,0,0,1
1150-WFARN,0,1,0,1,1,0,1,1,1,1,67,108.75,7156.2,3,1.941044776119412,0,0,0,1,0,1,1,0,0,1,1,0,0,1
3144-AUDBS,0,1,0,1,0,0,0,1,0,0,6,49.15,270.8,1,4.016666666666666,0,0,0,0,0,0,0,0,0,0,0,1,0,1
5616-PRTNT,0,0,1,1,0,0,0,0,0,0,20,19.4,374.5,0,0.6749999999999972,0,1,0,0,0,0,0,1,0,0,0,1,0,1
4818-QIUFN,1,0,0,1,1,0,0,0,0,0,20,79.15,1520.9,1,3.105000000000004,0,1,0,0,0,1,1,0,0,0,0,1,0,1
6961-VCPMC,1,1,0,1,0,0,0,0,0,1,46,80.4,3605.2,0,2.026086956521752,0,0,1,0,0,0,1,0,0,0,0,1,0,1
6688-UZPWD,0,1,0,1,0,1,0,0,1,1,11,102.0,1145.35,1,2.1227272727272606,1,0,0,0,0,1,1,0,0,0,0,1,0,1
2839-RFSQE,0,0,0,0,0,0,0,0,0,0,2,20.65,38.7,0,1.2999999999999972,0,0,0,0,0,0,0,1,0,0,0,0,1,1
0968-GSIKN,0,0,0,1,0,0,0,0,0,0,1,70.8,70.8,0,0.0,0,0,0,0,0,0,1,0,0,0,0,0,1,1
1965-DDBWU,0,0,0,1,0,0,0,1,0,1,16,89.05,1448.6,1,1.4874999999999972,0,1,0,0,0,1,1,0,0,0,1,0,0,1
9057-SIHCH,0,0,0,1,0,0,0,0,1,1,3,96.6,291.9,0,0.7000000000000028,0,0,0,0,0,1,1,0,0,0,0,1,0,1
6771-XWBDM,0,1,0,1,0,1,1,0,1,1,57,104.5,5921.35,2,0.61666666666666,0,0,0,1,0,1,1,0,0,0,1,0,0,1
8601-QACRS,0,0,0,1,0,0,0,0,0,0,5,50.6,249.95,0,0.6100000000000065,0,0,0,0,0,1,0,0,0,0,0,0,1,1
2391-SOORI,0,0,1,0,1,0,0,0,0,0,4,49.35,219.65,1,5.5625,0,0,0,0,0,0,0,0,0,0,0,1,0,1
2645-QTLMB,0,0,0,1,0,1,0,0,1,1,7,94.25,669.0,1,1.3214285714285694,1,0,0,0,0,0,1,0,0,0,0,1,0,1
4806-HIPDW,0,1,0,1,0,0,0,0,0,0,1,68.95,68.95,0,0.0,0,0,0,0,0,0,1,0,0,0,0,1,0,1
4424-TKOPW,1,0,0,1,0,0,0,0,1,1,2,93.85,196.75,0,4.525000000000006,0,0,0,0,0,1,1,0,0,0,0,1,0,1
8443-ZRDBZ,0,0,0,1,0,0,0,0,0,0,4,76.05,318.9,0,3.674999999999997,0,0,0,0,0,1,1,0,0,0,0,1,0,1
9136-ALYBR,0,0,0,1,0,0,0,0,0,0,1,24.45,24.45,0,0.0,0,0,0,0,1,0,0,0,0,0,0,0,1,1
7479-NITWS,0,0,0,1,0,0,1,0,1,0,7,89.35,631.85,1,0.9142857142857252,1,0,0,0,0,1,1,0,0,0,1,0,0,1
2959-MJHIC,0,1,0,1,0,0,0,0,1,0,4,80.35,307.4,0,3.5,0,0,0,0,0,0,1,0,0,0,0,1,0,1
4201-JMNGR,1,0,0,1,1,0,1,0,0,0,1,55.8,55.8,2,0.0,0,0,0,0,0,0,0,0,0,0,0,1,0,1
5960-WPXQM,0,0,0,1,0,0,0,0,1,0,1,79.05,79.05,0,0.0,0,0,0,0,0,0,1,0,0,0,0,1,0,1
0684-AOSIH,0,1,0,1,1,0,0,0,1,1,1,95.0,95.0,1,0.0,0,0,0,0,0,0,1,0,0,0,0,1,0,1
8260-NGFNY,0,0,0,0,0,0,0,0,0,0,1,25.2,25.2,0,0.0,0,0,0,0,1,0,0,0,0,0,0,0,1,1
1866-RZZQS,1,0,0,1,0,0,1,0,1,1,41,98.4,4187.75,1,3.740243902439019,0,0,1,0,0,1,1,0,0,0,0,1,0,1
8631-NBHFZ,1,1,0,0,1,1,1,1,1,0,66,79.4,5154.6,4,1.2999999999999972,0,0,0,1,0,1,0,0,0,1,1,0,0,1
4958-XCBDQ,1,0,0,1,0,0,1,0,1,1,35,101.4,3496.3,1,1.5057142857142907,0,0,1,0,0,1,1,0,0,0,0,1,0,1
8337-UPOAQ,1,1,0,1,0,0,1,0,0,1,10,89.8,914.3,1,1.6299999999999955,1,0,0,0,0,1,1,0,0,0,0,1,0,1
1725-IQNIY,0,1,0,0,1,1,1,1,1,1,54,109.75,6110.2,4,3.401851851851845,0,0,0,1,0,0,1,0,0,1,0,0,0,1
6598-RFFVI,0,0,0,0,0,0,0,0,0,0,2,19.3,28.3,0,5.15,0,0,0,0,0,0,0,1,1,0,1,0,0,1
6712-OAWRH,1,0,0,1,0,0,0,0,1,1,26,91.25,2351.8,0,0.7961538461538424,0,0,1,0,0,0,1,0,0,0,0,1,0,1
8614-VGMMV,0,0,0,1,0,0,0,0,0,0,15,49.1,679.55,0,3.796666666666674,0,1,0,0,0,1,0,0,0,0,0,1,0,1
2930-UOTMB,0,0,0,0,1,0,1,1,0,0,31,65.25,1994.3,3,0.9177419354838747,0,0,1,0,0,1,0,0,0,0,1,0,0,1
5914-DVBWJ,1,0,0,1,0,1,0,1,0,0,18,85.45,1505.85,2,1.7916666666666714,0,1,0,0,0,1,1,0,0,0,0,1,0,1
2533-QVMSK,0,1,0,1,0,1,0,1,1,0,61,94.1,5638.3,2,1.668852459016378,0,0,0,1,0,1,1,0,0,1,0,1,0,1
8644-XLFBW,1,0,0,1,0,0,0,0,0,0,1,71.65,71.65,0,0.0,0,0,0,0,0,0,1,0,0,0,0,1,0,1
8625-AZYZY,0,1,0,1,0,1,1,0,1,1,24,104.65,2542.45,2,1.2854166666666487,0,1,0,0,0,1,1,0,0,0,0,1,0,1
9306-CPCBC,0,0,0,1,0,0,0,0,0,0,3,74.25,210.3,0,4.1499999999999915,0,0,0,0,0,1,1,0,0,0,0,1,0,1
1833-VGRUM,1,0,0,1,0,0,0,0,0,0,1,74.2,74.2,0,0.0,0,0,0,0,0,1,1,0,0,0,0,1,0,1
8374-XGEJJ,1,1,0,1,0,1,0,0,1,1,43,101.0,4388.4,1,1.055813953488368,0,0,1,0,0,1,1,0,0,0,0,1,0,1
2656-TABEH,0,1,0,1,0,1,0,0,1,1,4,100.2,420.2,1,4.849999999999994,0,0,0,0,0,1,1,0,0,0,0,1,0,1
6946-LMSQS,1,1,0,1,1,0,0,0,0,1,25,89.05,2177.45,1,1.9519999999999982,0,0,1,0,0,1,1,0,1,0,0,1,0,1
2325-ZUSFD,0,1,0,1,1,0,0,0,1,1,57,70.1,3913.3,1,1.445614035087715,0,0,0,1,0,0,0,0,1,0,0,0,0,1
3932-CMDTD,0,0,0,1,0,1,1,1,1,1,4,105.65,443.9,3,5.324999999999989,0,0,0,0,0,0,1,0,1,0,0,1,0,1
4039-HEUNW,1,1,0,1,0,1,0,0,1,1,36,96.5,3436.1,1,1.0527777777777771,0,0,1,0,0,1,1,0,0,0,0,1,0,1
0812-WUPTB,1,1,0,0,0,0,0,0,0,0,1,70.85,70.85,0,0.0,0,0,0,0,0,0,1,0,0,0,0,0,1,1
3594-UVONA,0,0,0,1,1,0,1,1,1,1,35,85.95,3110.1,3,2.9099999999999966,0,0,1,0,0,1,0,0,1,0,1,0,0,1
0004-TLHLJ,0,0,0,1,0,0,1,0,0,0,4,73.9,280.85,1,3.6875,0,0,0,0,0,0,1,0,0,0,0,1,0,1
5089-IFSDP,0,1,0,1,1,1,1,0,1,1,58,109.45,6144.55,3,3.509482758620692,0,0,0,1,0,1,1,0,0,1,0,0,0,1
4817-VYYWS,0,0,0,1,0,1,0,0,1,1,30,100.2,2983.8,1,0.7399999999999949,0,0,1,0,0,1,1,0,0,0,0,1,0,1
1396-QWFBJ,0,1,0,1,0,1,0,0,0,0,21,74.05,1565.7,1,0.5071428571428669,0,1,0,0,0,0,1,0,0,0,0,0,0,1
5299-SJCZT,0,0,0,1,0,0,1,0,1,1,3,101.55,298.35,1,2.0999999999999943,0,0,0,0,0,1,1,0,0,0,0,0,0,1
2403-BCASL,1,1,0,1,0,1,1,1,1,1,41,111.95,4534.9,3,1.3426829268292835,0,0,1,0,0,1,1,0,1,0,0,1,0,1
2898-LSJGD,0,1,0,1,1,0,1,0,1,1,21,55.95,1157.05,2,0.8523809523809547,0,1,0,0,1,0,0,0,1,0,0,1,0,1
7359-PTSXY,0,0,0,0,0,0,0,0,0,0,1,45.75,45.75,0,0.0,0,0,0,0,0,0,0,0,0,0,0,1,0,1
4503-BDXBD,0,0,0,0,0,1,0,0,0,0,11,74.95,815.5,1,0.8136363636363626,1,0,0,0,0,0,1,0,0,0,0,1,0,1
6086-ESGRL,0,0,0,0,0,0,0,0,0,1,1,80.15,80.15,0,0.0,0,0,0,0,0,0,1,0,0,0,1,0,0,1
3886-CERTZ,0,1,0,1,0,1,1,1,1,1,72,109.25,8109.8,3,3.38611111111112,0,0,0,1,0,1,1,0,1,0,0,1,0,1
5759-RCVCB,0,0,0,0,0,0,0,0,1,0,3,35.2,108.95,0,1.1166666666666671,0,0,0,0,1,0,0,0,0,0,1,0,0,1
6372-RFVNS,0,1,0,0,0,0,0,0,1,0,1,78.8,78.8,0,0.0,0,0,0,0,0,0,1,0,0,0,0,1,0,1
8938-UMKPI,0,0,0,1,0,1,1,0,1,1,47,106.4,5127.95,2,2.705319148936155,0,0,1,0,0,1,1,0,0,0,0,1,0,1
0991-BRRFB,0,0,0,0,1,0,0,0,0,0,18,49.4,874.8,1,0.8000000000000043,0,1,0,0,0,0,0,0,0,0,0,1,0,1
3871-IKPYH,1,0,0,0,0,0,0,0,0,0,1,69.1,69.1,0,0.0,0,0,0,0,0,0,1,0,0,0,0,1,0,1
6319-IEJWJ,0,1,0,1,0,0,0,0,1,1,20,90.2,1776.55,0,1.3725000000000023,0,1,0,0,0,0,1,0,0,0,0,1,0,1
9025-AOMKI,0,0,0,1,0,0,0,0,1,1,6,93.55,536.4,0,4.150000000000006,0,0,0,0,0,1,1,0,0,0,0,0,0,1
5275-SQEIZ,0,0,0,1,0,0,0,0,0,1,1,80.85,80.85,0,0.0,0,0,0,0,0,0,1,0,0,0,0,0,1,1
7716-YTYHG,0,1,0,1,0,0,0,0,0,1,48,82.05,4029.95,0,1.9072916666666657,0,0,1,0,0,1,1,0,1,0,0,0,1,1
4390-KYULV,0,1,0,1,0,0,0,0,0,0,3,20.55,51.15,0,3.5,0,0,0,0,0,0,0,1,0,0,1,0,0,1
1304-NECVQ,1,0,0,1,0,0,1,0,0,0,2,78.55,149.55,1,3.7749999999999915,0,0,0,0,0,1,1,0,0,0,0,1,0,1
8945-GRKHX,0,0,0,0,0,0,0,0,0,1,1,78.65,78.65,0,0.0,0,0,0,0,0,0,1,0,0,0,0,1,0,1
6959-UWKHF,0,0,0,1,0,0,0,0,0,0,1,42.9,42.9,0,0.0,0,0,0,0,0,0,0,0,0,0,0,1,0,1
3815-SLMEF,0,0,0,0,1,0,0,1,0,0,3,34.25,139.35,2,12.199999999999996,0,0,0,0,1,0,0,0,0,0,0,0,1,1
5154-VEKBL,0,0,0,0,1,0,1,1,1,1,9,58.5,539.85,3,1.4833333333333343,1,0,0,0,1,0,0,0,0,0,0,0,1,1
5655-JSMZM,1,0,0,1,0,0,0,0,1,1,49,96.2,4718.25,0,0.09081632653061433,0,0,0,1,0,1,1,0,0,0,0,1,0,1
4505-EXZHB,1,0,0,0,0,0,1,0,0,0,6,74.4,434.1,1,2.049999999999997,0,0,0,0,0,0,1,0,0,0,0,1,0,1
4587-VVTOX,0,1,0,1,0,1,1,0,1,1,6,105.3,545.2,2,14.433333333333323,0,0,0,0,0,1,1,0,0,0,0,1,0,1
4652-NNHNY,0,1,0,1,0,0,0,0,0,0,16,73.85,1284.2,0,6.4125000000000085,0,1,0,0,0,1,1,0,0,0,0,0,0,1
8972-HJWNV,1,1,0,1,0,0,0,0,0,1,7,84.55,646.85,0,7.857142857142861,1,0,0,0,0,1,1,0,0,0,0,1,0,1
8515-OCTJS,0,0,0,0,0,0,0,0,0,0,25,24.75,692.1,0,2.934000000000001,0,0,1,0,0,1,0,1,0,1,1,0,0,1
2860-RANUS,1,0,0,1,0,0,0,0,0,1,20,85.8,1727.5,0,0.5750000000000028,0,1,0,0,0,1,1,0,0,0,1,0,0,1
5261-QSHQM,0,0,0,1,0,0,0,0,0,0,4,24.45,86.6,0,2.8000000000000007,0,0,0,0,1,0,0,0,0,0,0,1,0,1
8868-WOZGU,0,0,0,1,0,1,1,0,1,1,28,105.7,2979.5,2,0.710714285714289,0,0,1,0,0,1,1,0,0,0,0,1,0,1
1334-FJSVR,0,0,0,1,0,0,0,0,0,0,1,24.25,24.25,0,0.0,0,0,0,0,1,0,0,0,0,0,0,1,0,1
7625-XCQRH,0,0,0,1,0,0,0,0,0,0,11,76.5,837.95,0,0.3227272727272634,1,0,0,0,0,1,1,0,0,0,0,1,0,1
1731-TVIUK,0,0,0,1,0,1,0,1,0,1,4,93.5,362.2,2,2.950000000000003,0,0,0,0,0,1,1,0,0,0,0,1,0,1
0406-BPDVR,1,1,0,1,0,1,0,0,1,1,54,101.5,5373.1,1,1.9981481481481467,0,0,0,1,0,1,1,0,1,0,1,0,0,1
0618-XWMSS,0,0,0,1,1,0,0,0,0,0,28,74.9,2068.55,1,1.023214285714289,0,0,1,0,0,0,1,0,0,0,0,0,0,1
5276-KQWHG,1,0,0,1,0,0,0,0,0,0,2,69.6,131.65,0,3.7749999999999915,0,0,0,0,0,0,1,0,0,0,0,1,0,1
2565-JSLRY,0,0,0,1,0,0,0,0,0,0,1,24.05,24.05,0,0.0,0,0,0,0,0,1,0,1,0,0,0,0,1,1
6689-KXGBO,0,0,0,0,0,1,0,0,0,0,1,50.55,50.55,1,0.0,0,0,0,0,0,0,0,0,0,0,0,1,0,1
6615-NGGZJ,0,0,0,1,0,1,0,0,1,1,14,100.55,1415.55,1,0.5607142857142833,0,1,0,0,0,1,1,0,0,0,0,1,0,1
4255-DDUOU,0,1,1,1,0,0,0,0,0,0,1,20.5,20.5,0,0.0,0,0,0,0,0,0,0,1,0,0,0,0,1,1
2984-MIIZL,0,0,0,1,0,0,1,0,0,0,4,74.8,321.9,1,5.674999999999997,0,0,0,0,0,0,1,0,0,0,0,0,0,1
5590-YRFJT,0,1,0,1,0,0,0,0,0,0,20,24.45,482.8,0,0.3099999999999987,0,1,0,0,1,0,0,0,0,0,0,1,0,1
3677-TNKIO,0,0,0,1,0,0,0,0,0,0,14,71.0,914.0,0,5.714285714285708,0,1,0,0,0,0,1,0,0,0,1,0,0,1
9667-EQRXU,1,0,0,1,0,0,1,0,1,0,30,40.3,1172.95,1,1.2016666666666609,0,0,1,0,1,0,0,0,0,0,0,1,0,1
3329-WDIOK,0,0,0,1,0,1,0,0,1,1,3,50.6,155.35,1,1.18333333333333,0,0,0,0,1,0,0,0,0,0,0,1,0,1
2873-ZLIWT,0,1,0,1,0,0,1,1,0,0,40,84.85,3303.05,2,2.2737499999999926,0,0,1,0,0,1,1,0,0,0,0,1,0,1
3415-TAILE,0,1,1,0,0,0,0,0,1,1,2,65.7,134.35,0,1.4749999999999943,0,0,0,0,0,0,0,0,0,0,0,0,1,1
1915-IOFGU,0,0,0,0,0,0,0,0,0,0,1,70.5,70.5,0,0.0,0,0,0,0,0,0,1,0,0,0,0,1,0,1
3045-XETSH,0,0,0,1,0,1,1,0,0,1,10,94.85,953.45,2,0.49500000000000455,1,0,0,0,0,1,1,0,0,0,0,1,0,1
7239-HZZCX,0,0,0,0,0,0,0,0,0,0,1,19.75,19.75,0,0.0,0,0,0,0,0,0,0,1,0,0,0,0,1,1
7683-CBDKJ,0,1,1,1,1,1,0,0,1,0,14,65.45,937.6,2,1.5214285714285722,0,1,0,0,0,0,0,0,0,0,0,1,0,1
0946-CLJTI,1,1,0,1,0,0,1,0,1,1,58,98.7,5812.6,1,1.5172413793103487,0,0,0,1,0,1,1,0,0,0,0,1,0,1
0628-CNQRM,0,1,0,1,1,0,1,1,1,0,22,67.5,1544.05,3,2.684090909090912,0,1,0,0,0,0,0,0,1,0,0,0,0,1
7665-TOALD,0,0,0,1,0,0,0,0,0,0,1,69.6,69.6,0,0.0,0,0,0,0,0,0,1,0,0,0,0,1,0,1
0112-QWPNC,0,1,0,0,1,0,1,1,1,1,49,84.35,4059.35,3,1.506122448979582,0,0,0,1,0,1,0,0,1,0,0,1,0,1
0324-BRPCJ,1,1,0,1,0,1,0,0,1,1,68,100.2,6851.65,1,0.5595588235294002,0,0,0,1,0,1,1,0,0,0,0,1,0,1
2777-PHDEI,0,0,0,0,0,0,0,0,1,0,1,78.05,78.05,0,0.0,0,0,0,0,0,0,1,0,0,0,0,1,0,1
1196-AMORA,0,0,0,0,0,0,0,0,0,0,7,73.6,520.0,0,0.6857142857142975,1,0,0,0,0,1,1,0,0,0,0,1,0,1
4282-YMKNA,0,0,0,1,0,0,0,0,0,0,9,74.75,706.6,0,3.76111111111112,1,0,0,0,0,1,1,0,0,0,0,1,0,1
5356-RHIPP,0,0,0,1,0,0,0,0,0,0,1,20.2,20.2,0,0.0,0,0,0,0,0,0,0,1,0,0,0,0,1,1
9189-JWSHV,1,1,0,1,0,0,0,0,1,1,24,93.55,2264.05,0,0.7854166666666771,0,1,0,0,0,1,1,0,0,0,0,1,0,1
0746-JTRFU,0,0,0,1,0,0,0,0,0,0,2,25.05,56.35,0,3.125,0,0,0,0,1,0,0,0,0,0,0,1,0,1
0576-WNXXC,1,1,0,1,0,1,1,0,0,1,27,95.55,2510.2,2,2.579629629629636,0,0,1,0,0,1,1,0,0,0,0,1,0,1
4628-CTTLA,0,0,0,1,0,1,0,0,1,0,57,39.3,2111.45,1,2.2570175438596465,0,0,0,1,1,0,0,0,0,0,0,1,0,1
2876-VBBBL,0,0,0,1,0,0,0,0,0,0,1,20.25,20.25,0,0.0,0,0,0,0,0,0,0,1,0,0,0,0,1,1
6834-NXDCA,0,0,0,1,0,0,0,0,0,0,13,23.9,300.8,0,0.7615384615384606,0,1,0,0,1,0,0,0,0,0,0,1,0,1
5597-GLBUC,0,0,0,1,0,0,1,0,1,0,1,85.45,85.45,1,0.0,0,0,0,0,0,0,1,0,0,0,0,1,0,1
2748-MYRVK,0,0,0,0,0,1,0,0,1,1,63,99.9,6137.0,1,2.4873015873015873,0,0,0,1,0,1,1,0,1,0,0,0,0,1
4822-YCXMX,0,0,0,1,0,0,0,0,0,1,25,84.8,2043.45,0,3.0619999999999976,0,0,1,0,0,1,1,0,0,0,0,1,0,1
9821-POOTN,0,1,0,1,0,0,0,0,0,0,35,75.2,2576.2,0,1.5942857142857179,0,0,1,0,0,1,1,0,0,0,0,1,0,1
6559-ILWKJ,0,1,0,0,0,1,0,0,1,1,71,49.35,3515.25,1,0.16056338028168682,0,0,0,1,1,0,0,0,0,1,0,1,0,1
4229-CZMLL,0,0,0,1,0,0,0,0,0,0,6,74.9,469.8,0,3.3999999999999915,0,0,0,0,0,1,1,0,0,0,0,1,0,1
3663-MITLP,0,0,0,1,0,1,1,0,1,1,15,101.25,1457.25,2,4.099999999999994,0,1,0,0,0,0,1,0,0,0,0,1,0,1
9025-ZRPVR,0,0,0,1,0,0,0,0,0,0,9,18.95,185.6,0,1.6722222222222207,1,0,0,0,0,0,0,1,0,0,0,0,1,1
3285-UCQVC,0,0,0,0,0,0,0,1,0,0,37,28.6,973.55,1,2.2878378378378414,0,0,1,0,1,0,0,0,0,0,1,0,0,1
5482-PLVPE,1,0,0,0,0,0,0,0,0,0,2,24.35,41.85,0,3.4250000000000007,0,0,0,0,1,0,0,0,0,0,0,1,0,1
4902-OHLSK,1,0,0,0,0,0,0,1,1,1,29,98.65,2862.75,1,0.06551724137931103,0,0,1,0,0,1,1,0,0,0,0,1,0,1
0495-ZBNGW,1,1,0,1,0,0,1,0,0,0,5,79.9,343.95,1,11.110000000000014,0,0,0,0,0,1,1,0,0,0,0,0,0,1
2357-COQEK,1,0,0,1,0,0,1,1,1,1,28,103.3,2890.65,2,0.0625,0,0,1,0,0,1,1,0,0,0,0,1,0,1
3737-GCSPV,0,1,0,1,1,0,0,1,1,0,11,96.2,1222.05,2,14.895454545454541,1,0,0,0,0,1,1,0,0,0,1,0,0,1
4088-YLDSU,0,1,0,1,0,0,1,1,1,1,55,104.15,5743.05,2,0.26909090909090594,0,0,0,1,0,1,1,0,1,0,0,1,0,1
2034-CGRHZ,1,0,0,1,0,1,1,0,1,1,24,102.95,2496.7,2,1.0791666666666515,0,1,0,0,0,1,1,0,0,0,1,0,0,1
5797-APWZC,0,0,0,0,0,0,0,0,1,1,1,90.6,90.6,0,0.0,0,0,0,0,0,0,1,0,0,0,0,1,0,1
3683-QKIUE,0,0,0,1,0,0,0,1,0,0,6,50.8,288.05,1,2.7916666666666643,0,0,0,0,0,0,0,0,0,0,0,0,0,1
4228-ZGYUW,0,0,0,1,0,1,0,0,0,1,4,90.05,368.1,1,1.9750000000000085,0,0,0,0,0,1,1,0,0,0,0,1,0,1
3519-ZKXGG,0,1,0,1,0,0,0,0,0,0,3,75.85,256.6,0,9.683333333333351,0,0,0,0,0,1,1,0,0,0,0,1,0,1
6416-TVAIH,0,1,0,1,0,0,0,0,0,0,1,68.5,68.5,0,0.0,0,0,0,0,0,0,1,0,0,0,0,1,0,1
5108-ADXWO,0,0,0,1,1,0,0,0,0,0,11,73.5,791.75,1,1.5227272727272663,1,0,0,0,0,0,1,0,0,0,0,1,0,1
3066-RRJIO,0,0,0,1,0,0,0,0,0,0,1,69.95,69.95,0,0.0,0,0,0,0,0,0,1,0,0,0,0,0,1,1
6715-OFDBP,0,0,0,1,0,0,1,0,1,1,5,70.05,346.4,1,0.769999999999996,0,0,0,0,0,0,0,0,0,0,0,1,0,1
1567-DSCIC,0,0,0,1,0,1,1,0,1,0,8,94.0,773.65,2,2.706249999999997,1,0,0,0,0,1,1,0,0,0,0,1,0,1
2150-UWTFY,0,1,1,0,1,1,1,0,0,0,22,61.15,1422.05,3,3.488636363636367,0,1,0,0,0,0,0,0,0,0,0,0,1,1
2683-BPJSO,0,1,0,1,1,1,0,0,0,0,29,84.45,2467.1,2,0.6224137931034477,0,0,1,0,0,1,1,0,0,0,0,1,0,1
2157-MXBJS,0,1,0,1,0,0,1,0,1,1,13,75.3,989.45,1,0.8115384615384613,0,1,0,0,0,1,0,0,1,0,0,0,1,1
9360-AHGNL,1,1,0,1,1,0,1,1,1,1,43,109.55,4830.25,3,2.781395348837208,0,0,1,0,0,1,1,0,1,0,0,0,1,1
1087-UDSIH,0,0,0,1,0,0,0,0,0,0,3,19.6,59.75,0,0.31666666666666643,0,0,0,0,0,0,0,1,0,0,0,0,1,1
5485-WUYWF,1,0,0,0,1,0,1,0,1,0,2,66.4,94.55,2,19.125000000000007,0,0,0,0,0,0,0,0,0,0,0,0,0,1
2632-UCGVD,1,1,0,1,0,0,0,1,1,1,66,100.05,6871.9,1,4.069696969696963,0,0,0,1,0,1,1,0,0,0,1,0,0,1
5445-PZWGX,0,0,0,0,1,1,0,1,0,1,62,102.0,6529.25,3,3.3104838709677438,0,0,0,1,0,1,1,0,1,0,0,1,0,1
9170-CCKOU,0,1,0,0,1,1,1,0,0,0,17,90.2,1454.15,3,4.661764705882348,0,1,0,0,0,1,1,0,0,0,1,0,0,1
1043-YCUTE,0,1,0,1,0,0,0,0,0,0,56,25.15,1327.15,0,1.450892857142854,0,0,0,1,0,1,0,1,0,1,1,0,0,1
3814-MLAXC,0,0,0,1,0,0,0,1,0,0,31,79.85,2404.15,1,2.296774193548373,0,0,1,0,0,1,1,0,0,0,1,0,0,1
1226-UDFZR,0,0,0,1,0,1,0,0,0,0,2,49.6,114.7,1,7.75,0,0,0,0,0,0,0,0,0,0,0,0,1,1
6425-YQLLO,1,1,0,1,0,0,1,1,1,1,66,105.95,6975.25,2,0.2643939393939405,0,0,0,1,0,1,1,0,1,0,1,0,0,1
5442-UTCVD,0,0,0,0,0,0,1,0,0,1,3,91.85,257.05,1,6.166666666666657,0,0,0,0,0,1,1,0,0,0,0,1,0,1
7734-DBOAI,0,1,1,0,0,0,0,1,1,0,1,40.1,40.1,1,0.0,0,0,0,0,1,0,0,0,0,0,0,1,0,1
2091-RFFBA,1,0,0,1,0,0,0,0,0,0,31,73.9,2217.15,0,2.3790322580645125,0,0,1,0,0,1,1,0,0,0,0,1,0,1
2114-MGINA,0,0,0,1,0,0,0,0,1,1,14,89.8,1129.1,0,9.150000000000006,0,1,0,0,0,0,1,0,0,0,0,0,1,1
4489-SNOJF,0,1,1,0,1,0,1,1,1,0,35,72.25,2568.55,3,1.1371428571428623,0,0,1,0,0,1,0,0,0,0,0,1,0,1
6899-PPEEA,1,0,0,1,0,0,0,0,1,1,37,96.55,3580.3,0,0.21486486486487877,0,0,1,0,0,1,1,0,0,0,0,1,0,1
2187-LZGPL,0,0,0,1,0,1,0,0,0,1,7,40.1,293.3,1,1.7999999999999972,1,0,0,0,1,0,0,0,0,0,1,0,0,1
4597-NUCQV,1,0,0,1,0,1,0,0,1,1,24,101.25,2440.15,1,0.4229166666666657,0,1,0,0,0,1,1,0,0,0,0,1,0,1
9019-QVLZD,0,0,0,0,0,0,0,0,1,0,1,79.55,79.55,0,0.0,0,0,0,0,0,0,1,0,0,0,0,1,0,1
3707-LRWZD,0,0,0,0,0,0,0,0,1,0,32,84.05,2781.85,0,2.8828125,0,0,1,0,0,1,1,0,1,0,0,1,0,1
1455-ESIQH,0,0,0,1,0,0,0,0,1,1,1,89.1,89.1,0,0.0,0,0,0,0,0,0,1,0,0,0,0,1,0,1
2979-SXESE,0,1,0,0,1,0,1,0,1,0,17,94.4,1607.2,2,0.1411764705882348,0,1,0,0,0,1,1,0,0,0,0,1,0,1
4013-TLDHQ,0,0,0,1,0,1,1,0,0,0,19,78.25,1490.95,2,0.2210526315789565,0,1,0,0,0,0,1,0,0,0,0,1,0,1
3754-DXMRT,1,0,0,1,0,0,0,0,0,0,2,44.15,92.65,0,2.1750000000000043,0,0,0,0,0,0,0,0,0,0,0,1,0,1
7130-VTEWQ,1,0,0,1,0,0,0,0,0,0,8,75.75,606.25,0,0.03125,1,0,0,0,0,1,1,0,0,0,0,1,0,1
6121-VZNQB,0,0,0,1,0,0,0,0,0,0,1,19.1,19.1,0,0.0,0,0,0,0,0,0,0,1,0,0,0,0,1,1
7903-CMPEY,1,1,0,1,1,0,0,0,0,0,1,80.3,80.3,1,0.0,0,0,0,0,0,1,1,0,0,0,0,1,0,1
6996-KNSML,0,0,0,1,0,0,1,0,0,0,1,74.9,74.9,1,0.0,0,0,0,0,0,0,1,0,0,0,0,1,0,1
1704-NRWYE,1,0,0,1,0,0,0,0,1,0,9,80.85,751.65,0,2.6666666666666714,1,0,0,0,0,0,1,0,0,0,0,1,0,1
2592-SEIFQ,0,0,0,0,0,0,0,0,0,0,3,24.75,66.95,0,2.4333333333333336,0,0,0,0,1,0,0,0,0,0,0,1,0,1
7481-ATQQS,1,0,0,1,0,0,1,0,0,1,49,90.85,4515.85,1,1.310204081632662,0,0,0,1,0,1,1,0,0,0,1,0,0,1
8642-GVWRF,0,1,0,0,0,1,1,0,0,0,2,79.7,165.0,2,2.799999999999997,0,0,0,0,0,0,1,0,0,0,0,0,0,1
3400-ESFUW,0,1,0,0,1,1,0,1,0,0,55,57.55,3046.4,3,2.1609090909090867,0,0,0,1,0,0,0,0,0,1,0,0,0,1
2057-ZBLPD,0,1,0,1,0,0,0,0,0,1,21,86.5,1808.7,0,0.37142857142856656,0,1,0,0,0,1,1,0,0,0,0,1,0,1
5502-RLUYV,0,1,0,1,0,1,1,0,1,1,69,103.95,7446.9,2,3.9760869565217263,0,0,0,1,0,1,1,0,0,0,0,1,0,1
0023-HGHWL,1,0,0,1,0,0,0,0,0,0,1,25.1,25.1,0,0.0,0,0,0,0,1,0,0,0,0,0,0,1,0,1
9039-RBEEE,0,0,0,1,1,1,0,1,1,0,39,48.95,1880.85,3,0.7230769230769312,0,0,1,0,1,0,0,0,0,0,1,0,0,1
8417-FMLZI,0,1,0,1,0,1,0,0,0,1,6,83.55,477.55,1,3.9583333333333286,0,0,0,0,0,0,1,0,0,0,1,0,0,1
1792-UXAFY,1,0,0,1,0,1,1,0,1,0,17,89.15,1496.9,2,1.0970588235294088,0,1,0,0,0,0,1,0,0,0,0,1,0,1
0515-YPMCW,0,0,0,1,0,0,0,0,0,0,1,70.45,70.45,0,0.0,0,0,0,0,0,0,1,0,0,0,0,0,1,1
0378-XSZPU,0,1,0,0,1,1,1,0,0,0,58,60.3,3563.8,3,1.144827586206901,0,0,0,1,0,0,0,0,1,0,1,0,0,1
4729-XKASR,0,0,1,0,0,0,0,0,0,0,1,24.75,24.75,0,0.0,0,0,0,0,1,0,0,0,0,0,0,1,0,1
5449-FIBXJ,0,1,0,0,0,0,1,1,1,1,19,103.3,2012.7,2,2.631578947368425,0,1,0,0,0,1,1,0,0,0,0,1,0,1
9837-BMCLM,0,0,0,1,0,0,0,0,1,0,3,78.5,242.05,0,2.183333333333337,0,0,0,0,0,0,1,0,0,0,0,1,0,1
0137-UDEUO,0,0,0,0,0,0,0,0,0,0,3,19.85,63.75,0,1.3999999999999986,0,0,0,0,0,0,0,1,0,0,0,0,1,1
6161-UUUTA,1,0,0,1,0,0,0,0,1,0,3,79.9,260.9,0,7.066666666666649,0,0,0,0,0,0,1,0,0,0,0,1,0,1
6543-XRMYR,1,0,0,1,0,1,0,0,1,1,30,99.7,2967.35,1,0.7883333333333411,0,0,1,0,0,1,1,0,0,0,0,1,0,1
4925-LMHOK,0,0,0,1,0,1,0,1,0,0,15,58.6,939.7,2,4.046666666666667,0,1,0,0,0,1,0,0,0,0,1,0,0,1
1455-UGQVH,0,1,0,1,0,0,1,0,1,1,10,98.5,1037.75,1,5.275000000000006,1,0,0,0,0,1,1,0,0,0,0,1,0,1
8280-MQRQN,0,0,0,1,0,0,1,0,0,0,1,50.45,50.45,1,0.0,0,0,0,0,0,0,0,0,0,0,0,0,1,1
2037-SGXHH,0,1,0,1,0,1,1,0,1,0,38,94.65,3624.3,2,0.7263157894736878,0,0,1,0,0,1,1,0,0,0,0,1,0,1
3178-FESZO,0,0,0,1,0,1,0,0,1,1,1,100.25,100.25,1,0.0,0,0,0,0,0,1,1,0,0,0,1,0,0,1
6087-MVHJH,0,0,0,1,0,0,1,0,0,1,16,88.45,1422.1,1,0.4312499999999915,0,1,0,0,0,1,1,0,0,0,0,1,0,1
4603-JANFB,0,0,0,1,0,0,0,0,0,0,1,69.85,69.85,0,0.0,0,0,0,0,0,0,1,0,0,0,0,1,0,1
3018-TFTSU,0,0,0,0,1,0,1,0,0,0,12,81.7,858.6,2,10.150000000000006,1,0,0,0,0,0,1,0,0,0,0,0,0,1
4806-KEXQR,0,0,0,1,0,0,0,0,0,1,4,79.9,324.3,0,1.1749999999999972,0,0,0,0,0,0,1,0,0,0,0,1,0,1
7083-YNSKY,0,0,0,1,0,0,0,0,0,0,15,25.4,399.6,0,1.240000000000002,0,1,0,0,0,1,0,1,0,0,1,0,0,1
2479-BRAMR,1,1,0,1,1,0,1,0,0,0,41,83.75,3273.55,2,3.9073170731707307,0,0,1,0,0,1,1,0,0,0,0,0,0,1
7434-SHXLS,0,0,0,0,0,0,0,0,0,0,1,20.9,20.9,0,0.0,0,0,0,0,0,0,0,1,0,0,0,0,1,1
7908-QCBCA,0,1,0,1,0,0,0,0,0,0,1,69.4,69.4,0,0.0,0,0,0,0,0,0,1,0,0,0,0,0,1,1
6711-FLDFB,0,0,0,1,0,0,0,0,0,0,7,74.9,541.15,0,2.407142857142844,1,0,0,0,0,1,1,0,0,0,0,1,0,1
3714-JTVOV,1,1,0,1,1,0,0,0,0,0,42,74.15,3229.4,1,2.740476190476187,0,0,1,0,0,0,1,0,0,0,1,0,0,1
4702-IOQDC,0,0,0,1,0,0,0,0,0,0,1,70.1,70.1,0,0.0,0,0,0,0,0,0,1,0,0,0,0,1,0,1
6178-KFNHS,0,0,0,1,1,0,0,0,0,0,12,78.3,909.25,1,2.5291666666666686,1,0,0,0,0,1,1,0,0,0,0,1,0,1
1264-BYWMS,0,0,0,1,0,0,0,0,1,1,55,96.8,5283.95,0,0.7281818181818238,0,0,0,1,0,1,1,0,0,0,0,1,0,1
9658-WYUFB,0,0,0,1,1,1,0,0,1,0,17,94.4,1617.5,2,0.7470588235294002,0,1,0,0,0,1,1,0,0,0,0,1,0,1
2013-SGDXK,0,0,0,0,0,1,0,0,1,0,1,84.3,84.3,1,0.0,0,0,0,0,0,0,1,0,0,0,0,1,0,1
8580-QVLOC,1,1,0,0,1,1,1,1,1,1,72,92.45,6440.25,4,3.0020833333333314,0,0,0,1,0,1,0,0,0,1,1,0,0,1
2012-NWRPA,1,1,0,1,0,0,1,0,1,1,11,99.55,1131.2,1,3.286363636363646,1,0,0,0,0,1,1,0,0,0,0,1,0,1
8808-ELEHO,1,0,0,1,0,0,1,0,0,0,8,81.25,585.95,1,8.006249999999994,1,0,0,0,0,1,1,0,0,0,0,1,0,1
3506-LCJDC,0,1,1,0,0,0,0,0,0,0,1,19.95,19.95,0,0.0,0,0,0,0,0,0,0,1,0,0,0,0,0,1
3934-HXCFZ,0,1,0,1,1,1,1,0,1,0,23,99.25,2186.4,3,4.189130434782598,0,1,0,0,0,1,1,0,0,0,0,1,0,1
7666-WKRON,0,0,0,1,0,0,1,1,0,0,39,80.45,3201.55,2,1.6410256410256494,0,0,1,0,0,0,1,0,0,1,0,1,0,1
4910-AQFFX,0,1,0,1,0,0,1,0,0,0,9,79.35,661.25,1,5.877777777777766,1,0,0,0,0,1,1,0,0,0,0,0,0,1
2154-KVJFF,0,0,0,1,0,1,0,0,0,0,15,79.75,1111.85,1,5.626666666666679,0,1,0,0,0,1,1,0,0,0,0,1,0,1
9647-ERGBE,0,1,0,1,0,0,1,0,1,1,30,100.05,3046.15,1,1.488333333333344,0,0,1,0,0,1,1,0,0,0,0,1,0,1
3428-XZMAZ,0,0,0,1,0,0,0,0,0,0,1,69.35,69.35,0,0.0,0,0,0,0,0,0,1,0,0,0,0,1,0,1
0378-TOVMS,0,0,0,0,0,0,0,1,0,1,3,85.8,272.2,1,4.933333333333337,0,0,0,0,0,0,1,0,0,0,0,1,0,1
4355-HBJHH,0,1,0,1,1,0,1,0,1,1,67,79.7,5293.4,2,0.6940298507462757,0,0,0,1,0,1,0,0,0,1,0,1,0,1
9058-CBREO,1,0,0,0,0,0,0,0,0,0,1,50.55,50.55,0,0.0,0,0,0,0,0,1,0,0,0,0,0,0,1,1
0318-QUUOB,0,1,0,1,0,0,0,0,1,0,1,80.55,80.55,0,0.0,0,0,0,0,0,0,1,0,0,0,0,1,0,1
5520-FVEWJ,0,1,0,1,0,1,1,0,0,0,12,84.5,916.9,2,8.091666666666669,1,0,0,0,0,1,1,0,0,0,0,1,0,1
5572-ZDXHY,0,0,0,1,0,1,0,0,0,1,22,84.3,1855.65,1,0.04772727272728616,0,1,0,0,0,0,1,0,0,0,0,0,1,1
3750-CKVKH,0,0,0,1,0,0,0,0,0,0,2,67.75,116.65,0,9.424999999999997,0,0,0,0,0,0,1,0,0,0,0,1,0,1
8063-GBATB,1,0,0,1,0,0,0,0,0,1,27,85.25,2287.25,0,0.5370370370370381,0,0,1,0,0,1,1,0,0,0,0,1,0,1
4547-KQRTM,0,0,0,1,0,1,0,0,0,0,10,80.05,830.7,1,3.0200000000000102,1,0,0,0,0,1,1,0,0,0,0,0,0,1
4877-EVATK,0,0,0,0,0,0,0,0,0,0,1,20.0,20.0,0,0.0,0,0,0,0,0,0,0,1,0,0,0,0,1,1
7639-SUPCW,0,0,0,1,1,0,0,0,0,0,22,48.8,1054.6,1,0.8636363636363669,0,1,0,0,0,0,0,0,0,0,1,0,0,1
1069-XAIEM,1,0,0,1,0,0,0,0,0,1,1,85.05,85.05,0,0.0,0,0,0,0,0,1,1,0,0,0,0,1,0,1
4658-HCOHW,0,1,0,1,0,1,1,1,1,1,21,102.8,2110.15,3,2.316666666666663,0,1,0,0,0,0,1,0,0,0,0,1,0,1
3440-JPSCL,0,0,0,1,0,0,1,1,1,1,6,99.95,547.65,2,8.675000000000011,0,0,0,0,0,0,1,0,0,0,0,0,1,1
2889-FPWRM,0,1,0,1,1,1,1,1,1,1,72,117.8,8684.8,4,2.8222222222222086,0,0,0,1,0,1,1,0,1,0,0,0,0,1
6987-XQSJT,1,0,0,1,0,1,0,0,0,0,54,79.5,4370.25,1,1.4305555555555571,0,0,0,1,0,1,1,0,0,0,0,1,0,1
4290-BSXUX,0,1,0,1,0,0,0,1,0,0,3,79.65,251.75,1,4.266666666666666,0,0,0,0,0,1,1,0,0,0,0,0,0,1
0325-XBFAC,0,0,0,1,0,0,1,0,1,1,8,94.7,740.3,1,2.1625000000000085,1,0,0,0,0,0,1,0,0,0,0,1,0,1
2462-XIIJB,0,0,0,1,0,0,1,0,1,0,5,92.5,452.7,1,1.960000000000008,0,0,0,0,0,1,1,0,0,0,0,1,0,1
4760-XOHVN,0,1,1,0,0,0,0,0,0,0,1,19.45,19.45,0,0.0,0,0,0,0,0,0,0,1,0,0,0,0,1,1
7817-BOQPW,0,0,0,1,0,0,0,0,0,0,2,75.55,166.3,0,7.6000000000000085,0,0,0,0,0,1,1,0,0,0,0,1,0,1
1853-UDXBW,0,1,0,1,0,0,0,0,0,0,1,70.0,70.0,0,0.0,0,0,0,0,0,0,1,0,0,0,0,1,0,1
5458-CQJTA,0,1,0,1,1,0,0,1,1,1,65,74.8,4820.15,2,0.6438461538461553,0,0,0,1,0,0,0,0,0,1,0,0,0,1
5219-YIPTK,0,1,0,1,0,1,1,0,1,1,33,104.4,3409.6,2,1.0787878787878924,0,0,1,0,0,1,1,0,0,0,0,1,0,1
3540-RZJYU,0,0,0,0,1,0,0,0,1,0,15,86.2,1270.2,1,1.519999999999996,0,1,0,0,0,0,1,0,0,0,0,1,0,1
2091-MJTFX,0,1,1,0,0,0,0,1,1,1,30,51.2,1561.5,1,0.8499999999999943,0,0,1,0,1,0,0,0,0,0,1,0,0,1
0883-EIBTI,0,0,0,0,0,0,0,0,0,0,2,19.5,31.55,0,3.7249999999999996,0,0,0,0,0,0,0,1,0,0,0,0,1,1
0722-TROQR,1,0,0,1,0,0,0,0,0,0,4,74.9,321.75,0,5.537499999999994,0,0,0,0,0,1,1,0,0,0,0,1,0,1
7571-YXDAD,0,0,0,0,0,0,0,0,0,0,2,74.9,147.15,0,1.3250000000000028,0,0,0,0,0,1,1,0,0,0,1,0,0,1
3393-FMZPV,0,0,0,1,0,1,0,0,1,1,25,100.25,2387.75,1,4.739999999999995,0,0,1,0,0,1,1,0,0,0,0,1,0,1
6402-ZFPPI,1,0,0,1,1,1,0,0,1,1,25,102.8,2660.2,2,3.60799999999999,0,0,1,0,0,1,1,0,0,0,0,0,1,1
7486-KSRVI,0,0,0,1,0,0,0,1,1,1,43,100.0,4211.55,1,2.056976744186045,0,0,1,0,0,1,1,0,1,0,0,1,0,1
8443-WVPSS,0,1,0,1,0,1,0,1,1,1,10,99.85,990.9,2,0.7599999999999909,1,0,0,0,0,0,1,0,0,0,0,1,0,1
3006-XIMLN,0,0,0,1,0,0,0,0,1,1,2,94.2,193.8,0,2.700000000000003,0,0,0,0,0,1,1,0,0,0,0,0,0,1
9965-YOKZB,1,0,0,1,0,0,0,0,0,1,9,83.85,790.15,0,3.944444444444443,1,0,0,0,0,1,1,0,0,0,0,1,0,1
0504-HHAPI,1,0,0,0,0,0,1,0,0,1,27,88.3,2467.75,1,3.098148148148155,0,0,1,0,0,1,1,0,0,0,1,0,0,1
6305-YLBMM,0,0,0,1,0,1,1,1,1,1,69,104.05,7262.0,3,1.196376811594206,0,0,0,1,0,0,1,0,1,0,0,0,0,1
3647-GMGDH,0,1,0,1,0,0,1,0,1,1,22,94.7,1914.9,1,7.6590909090909065,0,1,0,0,0,0,1,0,0,0,1,0,0,1
3791-LGQCY,1,1,0,1,0,0,1,0,1,1,56,100.65,5688.05,1,0.9223214285714221,0,0,0,1,0,1,1,0,0,0,0,0,0,1
8166-ZZTFS,1,1,0,1,0,1,1,0,1,1,66,80.55,5265.1,2,0.7757575757575665,0,0,0,1,0,1,0,0,0,1,0,0,0,1
2956-GGUCQ,1,1,0,1,1,0,0,0,0,0,24,78.85,1772.25,1,5.006249999999994,0,1,0,0,0,1,1,0,0,0,0,1,0,1
6595-COKXZ,0,0,0,1,0,0,0,0,0,0,1,44.45,44.45,0,0.0,0,0,0,0,0,0,0,0,0,0,0,0,1,1
0362-ZBZWJ,0,0,0,1,0,0,0,0,0,1,36,84.9,3067.2,0,0.29999999999998295,0,0,1,0,0,1,1,0,0,0,0,1,0,1
4211-MMAZN,0,0,0,0,0,0,0,0,0,0,1,20.25,20.25,0,0.0,0,0,0,0,0,0,0,1,0,0,0,0,1,1
4274-OWWYO,0,0,0,1,0,1,0,0,0,0,1,74.35,74.35,1,0.0,0,0,0,0,0,0,1,0,0,0,0,1,0,1
1541-ETJZO,0,0,0,0,0,0,1,1,0,0,1,62.05,62.05,2,0.0,0,0,0,0,0,1,0,0,0,0,0,0,1,1
4106-HADHQ,0,1,0,0,1,0,1,1,1,1,39,80.0,3182.95,3,1.6141025641025664,0,0,1,0,0,0,0,0,1,0,1,0,0,1
2369-UAPKZ,0,0,0,0,0,1,1,0,1,1,5,104.1,541.9,2,4.280000000000001,0,0,0,0,0,1,1,0,0,0,0,0,1,1
2778-OCLGR,1,1,0,0,1,0,0,0,0,1,24,39.1,971.3,1,1.37083333333333,0,1,0,0,1,0,0,0,0,0,0,0,0,1
0637-KVDLV,0,0,0,1,0,0,0,0,0,0,2,76.5,162.45,0,4.724999999999994,0,0,0,0,0,1,1,0,0,0,0,1,0,1
6633-MPWBS,0,0,0,1,0,0,0,1,0,0,5,49.2,216.9,1,5.82,0,0,0,0,0,0,0,0,0,0,0,1,0,1
8785-EPNCG,0,0,0,0,0,0,0,0,0,0,11,23.15,245.2,0,0.8590909090909093,1,0,0,0,0,1,0,1,0,0,1,0,0,1
5729-KLZAR,0,1,0,0,0,0,0,0,0,1,4,80.85,302.75,0,5.162499999999994,0,0,0,0,0,0,1,0,0,0,0,1,0,1
1582-RAFML,0,0,0,0,0,1,0,1,0,0,1,60.1,60.1,2,0.0,0,0,0,0,0,1,0,0,0,0,0,0,1,1
8740-CRYFY,0,0,0,1,0,0,0,0,1,0,1,78.95,78.95,0,0.0,0,0,0,0,0,0,1,0,0,0,0,1,0,1
2962-XPMCQ,0,0,0,1,0,0,0,0,0,0,2,45.15,98.5,0,4.100000000000001,0,0,0,0,0,0,0,0,0,0,0,1,0,1
1678-FYZOW,0,0,0,1,0,0,0,0,1,0,3,79.4,244.65,0,2.1499999999999915,0,0,0,0,0,0,1,0,0,0,0,1,0,1
8627-EHGIP,0,0,0,1,0,1,1,0,1,1,44,53.95,2375.4,2,0.03636363636363882,0,0,1,0,1,0,0,0,1,0,0,0,1,1
5480-TBGPH,0,1,0,1,0,1,1,0,1,1,24,99.3,2431.35,2,2.0062499999999943,0,1,0,0,0,0,1,0,0,0,1,0,0,1
8854-CCVSQ,0,0,0,1,0,1,0,0,0,0,18,80.65,1451.9,1,0.011111111111105743,0,1,0,0,0,1,1,0,0,0,0,1,0,1
0511-JTEOY,0,0,0,0,0,0,0,0,0,0,1,71.1,71.1,0,0.0,0,0,0,0,0,0,1,0,0,0,0,0,1,1
7067-KSAZT,1,1,0,1,0,1,1,0,1,1,65,106.25,6979.8,2,1.1315384615384687,0,0,0,1,0,1,1,0,1,0,0,1,0,1
6532-YLWSI,0,1,0,0,0,0,0,0,0,0,53,20.8,1021.8,0,1.5207547169811342,0,0,0,1,0,0,0,1,1,0,0,0,0,1
9300-AGZNL,1,0,0,1,0,0,0,0,1,1,1,94.0,94.0,0,0.0,0,0,0,0,0,1,1,0,0,0,0,1,0,1
1112-CUNAO,1,0,0,0,0,1,0,0,0,1,15,89.85,1424.95,1,5.146666666666675,0,1,0,0,0,1,1,0,0,0,0,1,0,1
5175-AOBHI,0,0,0,1,0,0,0,0,0,0,4,46.0,193.6,0,2.3999999999999986,0,0,0,0,0,0,0,0,0,0,0,0,1,1
5174-RNGBH,0,0,0,0,0,1,0,1,1,0,9,66.25,620.55,2,2.6999999999999886,1,0,0,0,0,0,0,0,0,0,0,0,1,1
7270-BDIOA,0,0,0,1,0,0,0,1,1,0,22,90.0,1993.8,1,0.6272727272727252,0,1,0,0,0,1,1,0,0,0,0,1,0,1
9565-JSNFM,0,0,0,1,0,0,0,0,0,0,38,70.45,2597.6,0,2.0921052631579045,0,0,1,0,0,0,1,0,1,0,0,0,0,1
0607-DAAHE,0,0,0,0,0,0,0,0,0,0,53,19.75,1052.35,0,0.10566037735848965,0,0,0,1,0,0,0,1,0,1,0,0,0,1
9732-KPKBW,0,0,0,1,1,0,0,1,0,0,1,53.95,53.95,2,0.0,0,0,0,0,0,0,0,0,0,0,0,1,0,1
3389-YGYAI,1,0,0,1,0,1,1,0,1,1,8,105.5,829.55,2,1.8062500000000057,1,0,0,0,0,1,1,0,0,0,0,1,0,1
9560-ARGQJ,0,0,0,1,0,0,0,0,1,0,16,81.0,1312.15,0,1.0093750000000057,0,1,0,0,0,0,1,0,0,0,0,1,0,1
5134-IKDAY,0,1,0,1,0,0,0,0,0,0,1,69.8,69.8,0,0.0,0,0,0,0,0,0,1,0,0,0,0,1,0,1
3070-DVEYC,1,0,0,0,0,0,0,0,0,0,7,73.75,545.15,0,4.128571428571419,1,0,0,0,0,1,1,0,0,0,0,0,1,1
5707-ORNDZ,1,0,0,0,1,0,0,0,0,0,9,54.55,494.05,1,0.34444444444444855,1,0,0,0,0,1,0,0,0,0,0,1,0,1
8696-JKZNU,1,0,0,1,0,0,0,0,0,0,37,76.25,2841.55,0,0.5486486486486513,0,0,1,0,0,1,1,0,0,0,0,1,0,1
5380-AFSSK,0,0,0,1,0,0,0,0,1,1,5,93.9,486.85,0,3.469999999999999,0,0,0,0,0,1,1,0,0,0,0,0,1,1
2055-PDADH,1,0,0,1,0,0,0,0,0,0,3,70.4,204.7,0,2.1666666666666714,0,0,0,0,0,0,1,0,0,0,0,1,0,1
8714-EUHJO,0,1,0,1,0,1,0,0,0,1,31,91.15,2995.45,1,5.477419354838702,0,0,1,0,0,1,1,0,0,0,0,1,0,1
3721-CNEYS,0,0,0,1,0,0,0,0,0,0,2,70.95,137.95,0,1.9750000000000085,0,0,0,0,0,0,1,0,0,0,0,1,0,1
2568-OIADY,0,1,0,1,0,0,1,0,1,1,37,99.5,3762.0,1,2.175675675675677,0,0,1,0,0,1,1,0,0,0,0,1,0,1
1193-RTSLK,0,0,0,1,1,1,1,0,0,0,38,83.9,3233.6,3,1.1947368421052573,0,0,1,0,0,0,1,0,0,0,1,0,0,1
2302-ANTDP,1,1,0,0,1,1,1,1,1,1,48,117.45,5438.9,4,4.1395833333333485,0,0,1,0,0,1,1,0,0,0,0,1,0,1
5923-GXUOC,0,0,0,1,1,1,1,0,1,1,10,104.4,1081.45,3,3.7450000000000045,1,0,0,0,0,0,1,0,0,0,0,1,0,1
5233-GEEAX,1,0,0,1,0,0,1,0,0,0,8,29.4,221.9,1,1.6624999999999979,1,0,0,0,1,0,0,0,0,0,0,1,0,1
4432-ADRLB,0,0,0,0,0,0,0,0,0,0,2,44.65,74.9,0,7.199999999999996,0,0,0,0,0,0,0,0,0,0,0,0,1,1
8993-PHFWD,0,0,0,0,0,0,0,0,0,0,3,25.25,58.9,0,5.616666666666667,0,0,0,0,1,0,0,0,0,0,0,1,0,1
1565-RHDJD,0,0,0,0,0,1,1,0,0,0,4,84.05,333.55,2,0.6624999999999943,0,0,0,0,0,1,1,0,0,0,0,0,0,1
7137-RYLPP,1,1,0,1,0,0,0,0,1,0,37,85.7,3171.15,0,0.006756756756757909,0,0,1,0,0,1,1,0,0,0,0,1,0,1
3765-JXVKY,0,0,0,1,0,1,0,0,0,0,1,74.7,74.7,1,0.0,0,0,0,0,0,0,1,0,0,0,0,1,0,1
7330-WZLNC,0,0,0,1,0,1,0,0,1,0,5,90.8,455.5,1,0.29999999999999716,0,0,0,0,0,1,1,0,0,0,0,1,0,1
3957-LXOLK,1,0,0,1,0,1,1,0,1,1,28,106.15,3152.5,2,6.4392857142857025,0,0,1,0,0,1,1,0,0,0,0,1,0,1
6635-MYYYZ,0,0,0,0,1,1,1,1,1,1,30,85.35,2530.4,4,1.0033333333333303,0,0,1,0,0,0,0,0,1,0,0,0,0,1
5281-BUZGT,1,0,0,1,1,0,0,0,1,0,36,90.85,3186.7,1,2.3305555555555486,0,0,1,0,0,1,1,0,0,0,0,1,0,1
5378-IKEEG,0,0,0,1,0,0,0,0,1,0,1,35.75,35.75,0,0.0,0,0,0,0,1,0,0,0,0,0,0,1,0,1
2718-GAXQD,1,1,1,0,0,0,0,0,0,0,4,46.0,181.6,0,0.6000000000000014,0,0,0,0,0,0,0,0,0,0,0,1,0,1
6413-XKKPU,0,1,0,1,1,0,1,0,1,0,17,89.4,1539.45,2,1.1558823529411768,0,1,0,0,0,0,1,0,0,0,0,1,0,1
1449-XQEMT,0,0,0,1,0,0,0,0,0,0,3,19.8,58.15,0,0.41666666666666785,0,0,0,0,0,0,0,1,0,0,0,0,1,1
2626-URJFX,0,1,1,1,0,0,0,0,0,0,4,50.9,225.6,0,5.5,0,0,0,0,0,1,0,0,0,0,0,1,0,1
2612-RRIDN,0,0,0,1,0,0,0,0,1,0,4,81.0,340.85,0,4.212500000000006,0,0,0,0,0,0,1,0,0,0,0,1,0,1
4735-ASGMA,0,0,0,1,0,0,1,0,1,1,26,98.35,2515.3,1,1.6076923076922895,0,0,1,0,0,1,1,0,0,0,0,1,0,1
3669-LVWZB,0,0,0,1,0,1,0,0,1,1,5,51.0,305.95,1,10.189999999999998,0,0,0,0,1,0,0,0,0,0,0,0,1,1
6892-EZDTG,0,1,0,1,0,1,0,0,1,0,4,91.65,365.4,1,0.30000000000001137,0,0,0,0,0,1,1,0,0,0,0,1,0,1
9725-SCPZG,0,0,0,1,0,0,0,0,1,1,1,90.85,90.85,0,0.0,0,0,0,0,0,0,1,0,0,0,0,1,0,1
5884-GCYMI,0,0,0,0,0,0,0,0,0,0,1,69.4,69.4,0,0.0,0,0,0,0,0,0,1,0,0,0,0,0,1,1
3217-FZDMN,1,0,0,1,0,0,1,0,1,1,8,94.45,742.95,1,1.5812499999999972,1,0,0,0,0,0,1,0,0,0,1,0,0,1
7853-GVUDZ,0,1,1,1,0,0,0,0,0,0,1,20.15,20.15,0,0.0,0,0,0,0,0,0,0,1,0,0,1,0,0,1
7480-QNVZJ,1,0,0,1,0,0,0,0,1,1,50,95.7,4816.7,0,0.6340000000000003,0,0,0,1,0,1,1,0,0,0,0,1,0,1
3943-KDREE,0,0,0,1,0,0,0,0,0,0,26,74.95,1834.95,0,4.375,0,0,1,0,0,1,1,0,0,0,0,0,0,1
9239-ZBZZV,0,0,0,1,0,0,1,0,1,1,6,47.95,305.1,1,2.8999999999999986,0,0,0,0,1,0,0,0,0,0,0,1,0,1
4398-HSCJH,0,0,0,1,0,0,0,1,1,0,3,63.6,155.65,1,11.716666666666669,0,0,0,0,0,1,0,0,0,0,0,1,0,1
4430-UZIPO,0,0,0,1,0,1,0,1,0,0,3,36.85,108.7,2,0.6166666666666671,0,0,0,0,1,0,0,0,0,0,0,0,1,1
4855-SNKMY,0,0,0,1,0,0,0,0,0,0,1,44.1,44.1,0,0.0,0,0,0,0,0,0,0,0,0,0,0,1,0,1
8008-HAWED,0,0,0,1,0,0,1,0,1,1,14,50.75,712.75,1,0.1607142857142847,0,1,0,0,1,0,0,0,0,0,0,1,0,1
7124-UGSUR,1,1,0,1,0,1,1,0,1,1,61,104.4,6405.0,2,0.5999999999999943,0,0,0,1,0,1,1,0,1,0,1,0,0,1
1862-SKORY,1,1,0,1,0,1,0,0,1,0,40,39.3,1637.4,1,1.6350000000000051,0,0,1,0,1,0,0,0,0,0,0,1,0,1
1502-XFCVR,0,0,0,1,1,1,1,0,1,1,58,106.45,6145.85,3,0.48706896551723844,0,0,0,1,0,0,1,0,1,0,0,1,0,1
9692-TUSXH,0,0,0,1,1,0,0,0,1,1,18,96.05,1740.7,1,0.6555555555555657,0,1,0,0,0,0,1,0,0,0,0,1,0,1
7912-SYRQT,0,0,0,1,0,0,0,0,0,0,7,75.1,552.95,0,3.892857142857153,1,0,0,0,0,1,1,0,0,0,0,0,0,1
4816-JBHOV,1,0,0,1,0,0,0,0,0,0,2,44.7,93.7,0,2.1499999999999986,0,0,0,0,0,0,0,0,0,0,0,1,0,1
8292-TYSPY,0,0,0,1,0,0,1,1,0,0,19,55.0,1046.5,2,0.07894736842105488,0,1,0,0,0,0,0,0,0,0,1,0,0,1
1867-BDVFH,0,1,0,1,0,0,0,0,0,0,11,74.35,834.2,0,1.4863636363636488,1,0,0,0,0,1,1,0,0,0,0,1,0,1
2359-QWQUL,0,1,0,1,1,0,1,1,1,1,39,104.7,4134.85,3,1.3217948717948786,0,0,1,0,0,0,1,0,1,0,1,0,0,1
9103-TCIHJ,0,0,0,1,1,0,0,0,0,0,15,55.7,899.8,1,4.286666666666662,0,1,0,0,0,1,0,0,0,0,0,0,1,1
4140-WJAWW,0,0,0,0,0,0,0,0,0,0,5,19.85,108.05,0,1.759999999999998,0,0,0,0,0,0,0,1,0,0,1,0,0,1
6653-CBBOM,0,0,0,1,0,0,0,0,0,0,1,70.3,70.3,0,0.0,0,0,0,0,0,0,1,0,0,0,0,1,0,1
3247-ZVOUO,1,1,0,0,0,0,0,0,0,1,10,85.55,851.75,0,0.375,1,0,0,0,0,1,1,0,0,0,0,1,0,1
6101-IMRMM,0,0,0,0,0,0,1,0,1,1,6,94.5,575.45,1,1.4083333333333456,0,0,0,0,0,0,1,0,0,0,0,0,1,1
1268-ASBGA,1,1,0,1,0,0,0,0,0,1,16,85.35,1375.15,0,0.5968750000000114,0,1,0,0,0,1,1,0,0,0,1,0,0,1
8943-URTMR,0,0,0,1,0,0,0,0,1,0,2,79.65,152.7,0,3.3000000000000114,0,0,0,0,0,0,1,0,0,0,0,0,1,1
4713-LZDRV,1,0,0,1,0,0,0,0,0,1,2,79.6,195.05,0,17.92500000000001,0,0,0,0,0,0,1,0,0,0,0,1,0,1
4325-NFSKC,1,0,0,1,1,0,0,0,1,0,19,90.6,1660.0,1,3.231578947368419,0,1,0,0,0,1,1,0,0,0,0,1,0,1
2955-PSXOE,0,0,0,1,0,0,0,0,0,0,1,20.2,20.2,0,0.0,0,0,0,0,0,0,0,1,0,0,0,0,0,1
7762-URZQH,0,1,0,1,1,0,1,0,1,1,66,106.05,6981.35,2,0.2719696969696912,0,0,0,1,0,1,1,0,0,1,1,0,0,1
6907-NZZIJ,0,0,0,1,0,1,0,0,1,1,36,99.15,3615.6,1,1.2833333333333314,0,0,1,0,0,1,1,0,0,0,0,1,0,1
2911-UREFD,0,1,0,0,1,0,1,0,1,1,39,55.9,2184.35,2,0.1089743589743577,0,0,1,0,1,0,0,0,0,0,0,1,0,1
3744-ZRRDZ,0,0,0,1,0,1,0,0,0,0,21,82.35,1852.85,1,5.88095238095238,0,1,0,0,0,1,1,0,0,0,0,1,0,1
5673-TIYIB,0,0,0,1,0,1,1,1,0,0,2,40.4,77.15,3,1.8249999999999957,0,0,0,0,1,0,0,0,0,0,1,0,0,1
1602-IJQQE,0,0,0,0,0,0,0,0,0,0,4,75.35,338.1,0,9.175000000000011,0,0,0,0,0,1,1,0,0,0,0,1,0,1
4628-WQCQQ,0,0,0,1,0,0,1,0,1,0,35,85.15,3030.6,1,1.4385714285714215,0,0,1,0,0,0,1,0,1,0,0,1,0,1
1644-IRKSF,0,1,0,1,0,0,1,0,1,1,33,93.8,3124.5,1,0.8818181818181898,0,0,1,0,0,0,1,0,1,0,0,1,0,1
3705-PSNGL,0,0,0,1,0,0,0,0,0,0,45,20.4,930.45,0,0.27666666666667084,0,0,1,0,0,0,0,1,1,0,0,1,0,1
6502-HCJTI,1,1,0,1,1,1,0,0,0,1,7,94.7,673.1,2,1.4571428571428555,1,0,0,0,0,1,1,0,0,0,1,0,0,1
2606-RMDHZ,0,0,0,1,0,1,0,0,0,0,6,30.5,208.7,1,4.283333333333331,0,0,0,0,1,0,0,0,0,0,1,0,0,1
8258-GSTJK,1,0,0,1,0,0,0,0,0,0,3,77.0,237.75,0,2.25,0,0,0,0,0,1,1,0,0,0,0,1,0,1
6861-OKBCE,0,0,1,0,0,0,0,0,0,0,11,20.1,221.35,0,0.02272727272726982,1,0,0,0,0,0,0,1,0,0,1,0,0,1
9940-RHLFB,0,0,0,0,0,0,1,0,0,0,1,75.3,75.3,1,0.0,0,0,0,0,0,0,1,0,0,0,0,1,0,1
2995-UPRYS,1,1,0,1,0,1,0,1,1,1,40,99.2,4062.2,2,2.3549999999999898,0,0,1,0,0,0,1,0,1,0,1,0,0,1
6686-YPGHK,1,0,0,0,1,0,0,0,0,1,47,85.5,4042.3,1,0.5063829787234084,0,0,1,0,0,0,1,0,0,0,0,0,1,1
1383-EZRWL,0,0,0,0,0,0,0,0,0,0,7,20.05,164.85,0,3.5,1,0,0,0,0,0,0,1,0,0,0,0,1,1
4759-TRPLW,0,0,0,0,0,0,0,0,0,0,1,70.4,70.4,0,0.0,0,0,0,0,0,0,1,0,0,0,0,1,0,1
8563-IIOXK,0,1,0,1,1,0,0,0,0,0,7,49.75,331.3,1,2.421428571428571,1,0,0,0,0,0,0,0,1,0,0,1,0,1
8020-BWHYL,1,0,0,1,0,1,0,0,0,0,15,75.3,1147.45,1,1.1966666666666725,0,1,0,0,0,0,1,0,0,0,1,0,0,1
2982-VPSGI,0,1,0,1,0,0,0,0,1,1,11,94.0,1078.9,0,4.081818181818193,1,0,0,0,0,1,1,0,0,0,0,1,0,1
8199-ZLLSA,0,0,0,1,1,1,1,1,1,1,67,118.35,7804.15,4,1.8701492537313413,0,0,0,1,0,1,1,0,1,0,0,0,0,1
4625-EWPTF,0,0,0,1,1,0,0,0,0,0,8,30.45,226.45,1,2.1437500000000007,1,0,0,0,1,0,0,0,0,0,0,1,0,1
5980-NOPLP,0,1,0,1,0,0,0,0,1,1,44,96.1,4364.1,0,3.084090909090918,0,0,1,0,0,1,1,0,0,0,0,1,0,1
6892-XPFPU,1,1,0,1,0,1,1,0,1,1,24,104.25,2433.9,2,2.8374999999999915,0,1,0,0,0,1,1,0,0,0,0,1,0,1
8010-EZLOU,1,0,0,1,0,1,0,0,0,0,15,80.2,1217.25,1,0.9500000000000028,0,1,0,0,0,1,1,0,0,0,0,1,0,1
9874-QLCLH,0,1,0,1,1,0,1,0,1,1,17,104.2,1743.5,2,1.6411764705882348,0,1,0,0,0,1,1,0,0,0,0,1,0,1
8062-YBDOE,1,0,0,1,0,0,0,0,0,0,1,69.65,69.65,0,0.0,0,0,0,0,0,0,1,0,0,0,0,1,0,1
6000-APYLU,0,0,0,1,0,0,0,0,0,1,9,80.8,713.1,0,1.5666666666666629,1,0,0,0,0,0,1,0,0,0,0,1,0,1
0947-IDHRQ,0,0,0,1,0,0,0,0,1,0,7,80.3,526.7,0,5.05714285714285,1,0,0,0,0,0,1,0,0,0,0,0,1,1
3672-YITQD,1,1,0,1,0,0,0,0,0,1,36,84.1,3021.6,0,0.1666666666666572,0,0,1,0,0,1,1,0,0,0,0,1,0,1
9048-JVYVF,0,0,0,1,0,0,0,1,1,1,3,69.35,191.35,1,5.566666666666663,0,0,0,0,0,0,0,0,0,0,0,1,0,1
8988-ECPJR,1,1,0,1,0,1,0,0,0,0,34,79.6,2718.3,1,0.3500000000000085,0,0,1,0,0,1,1,0,0,0,0,0,1,1
3776-EKTKM,1,0,0,1,0,0,0,0,1,0,1,36.45,36.45,0,0.0,0,0,0,0,1,0,0,0,0,0,0,1,0,1
1902-XBTFB,0,0,0,1,0,1,1,0,1,0,22,89.4,2001.5,2,1.577272727272728,0,1,0,0,0,0,1,0,0,0,0,1,0,1
0643-OKLRP,1,1,0,0,1,0,0,0,0,0,47,80.35,3825.85,1,1.051063829787239,0,0,1,0,0,1,1,0,0,0,0,1,0,1
9381-NDKME,1,1,0,1,0,0,1,0,0,1,24,40.65,933.3,1,1.7625000000000028,0,1,0,0,1,0,0,0,0,0,1,0,0,1
2794-XIMMO,0,1,0,1,0,1,1,1,1,1,53,60.45,3184.25,3,0.3698113207547209,0,0,0,1,1,0,0,0,1,0,0,1,0,1
8382-SHQEH,0,1,0,1,0,0,0,0,0,1,8,84.9,764.95,0,10.71875,1,0,0,0,0,1,1,0,0,0,0,1,0,1
2983-ZANRP,0,1,0,1,0,1,0,0,0,0,2,73.55,145.4,1,0.8499999999999943,0,0,0,0,0,0,1,0,0,0,0,0,0,1
7845-URHJN,0,1,0,0,0,0,0,0,0,0,8,20.15,156.25,0,0.6187499999999986,1,0,0,0,0,0,0,1,0,0,0,0,0,1
3034-ZBEQN,0,1,0,0,0,1,1,0,0,0,48,34.7,1604.5,2,1.2729166666666671,0,0,1,0,1,0,0,0,1,0,0,0,1,1
8327-LZKAS,1,1,0,1,0,0,1,1,1,1,43,107.55,4533.9,2,2.110465116279073,0,0,1,0,0,1,1,0,1,0,0,1,0,1
1075-BGWOH,1,1,0,1,0,0,1,0,1,1,16,98.75,1587.55,1,0.47187499999999716,0,1,0,0,0,1,1,0,0,0,0,1,0,1
0302-JOIVN,0,1,0,0,0,1,1,0,1,1,8,101.15,842.9,2,4.2124999999999915,1,0,0,0,0,0,1,0,0,0,0,1,0,1
5366-IJEQJ,0,0,0,1,0,0,1,0,1,0,20,88.7,1761.45,1,0.6274999999999977,0,1,0,0,0,1,1,0,0,0,0,1,0,1
1981-INRFU,0,0,0,1,0,0,0,0,1,0,2,79.75,164.5,0,2.5,0,0,0,0,0,0,1,0,0,0,0,1,0,1
4971-PUYQO,0,0,0,1,0,0,0,0,1,1,27,94.55,2724.6,0,6.361111111111114,0,0,1,0,0,1,1,0,0,0,0,0,1,1
8485-GJCDN,1,0,0,1,0,0,0,0,0,0,5,69.05,318.5,0,5.349999999999994,0,0,0,0,0,0,1,0,0,0,0,0,1,1
1527-SXDPN,0,1,0,1,0,0,1,1,0,1,52,96.25,4990.25,2,0.2836538461538396,0,0,0,1,0,1,1,0,0,1,0,0,0,1
6029-WTIPC,1,0,0,1,0,0,1,0,1,1,37,101.1,3744.05,1,0.09054054054054461,0,0,1,0,0,1,1,0,0,0,0,1,0,1
8634-CILSZ,0,0,0,1,0,1,0,1,1,1,69,104.7,7220.35,2,0.05724637681159095,0,0,0,1,0,1,1,0,1,0,0,0,0,1
6682-QJDGB,0,0,1,1,1,1,0,0,0,0,40,55.25,2139.2,2,1.7700000000000031,0,0,1,0,0,0,0,0,0,0,0,0,1,1
8780-IXSTS,0,0,0,1,0,1,0,0,1,0,6,90.1,521.3,1,3.2166666666666686,0,0,0,0,0,1,1,0,0,0,0,1,0,1
9530-EHPOH,0,0,0,0,0,0,1,0,0,0,11,53.75,608.0,1,1.5227272727272734,1,0,0,0,0,1,0,0,0,0,0,1,0,1
0345-HKJVM,0,0,0,0,0,0,0,0,1,1,6,89.3,577.6,0,6.966666666666669,0,0,0,0,0,0,1,0,0,0,0,1,0,1
3049-SOLAY,0,1,0,1,0,0,0,0,1,1,3,95.2,292.85,0,2.4166666666666714,0,0,0,0,0,1,1,0,0,0,0,1,0,1
3317-HRTNN,1,0,0,0,0,0,0,0,1,1,5,45.7,198.0,0,6.100000000000001,0,0,0,0,1,0,0,0,0,0,0,1,0,1
3235-ETOOB,0,1,0,1,1,0,0,0,0,0,8,74.5,609.9,1,1.7374999999999972,1,0,0,0,0,0,1,0,0,0,0,1,0,1
8058-INTPH,0,0,0,1,0,0,0,0,1,0,1,79.65,79.65,0,0.0,0,0,0,0,0,0,1,0,0,0,0,1,0,1
5569-OUICF,1,1,0,1,0,0,0,1,1,1,28,101.3,2812.2,1,0.8642857142857139,0,0,1,0,0,1,1,0,0,0,1,0,0,1
8821-XNHVZ,0,1,0,1,0,0,0,0,1,0,1,80.05,80.05,0,0.0,0,0,0,0,0,0,1,0,0,0,0,0,1,1
2082-OJVTK,0,1,0,1,0,0,1,0,0,1,29,89.2,2698.35,1,3.8465517241379246,0,0,1,0,0,1,1,0,0,0,0,1,0,1
5940-NFXKV,0,1,0,1,0,0,0,0,0,1,19,83.65,1465.75,0,6.5052631578947455,0,1,0,0,0,1,1,0,0,0,0,1,0,1
8053-WWDRO,0,1,0,0,0,0,0,0,0,0,6,19.5,146.3,0,4.883333333333336,0,0,0,0,0,0,0,1,0,0,0,0,0,1
9564-KCLHR,0,0,0,0,0,0,0,1,0,0,1,51.25,51.25,1,0.0,0,0,0,0,0,0,0,0,0,0,0,0,1,1
2082-CEFLT,0,0,0,1,0,0,0,0,0,0,1,45.6,45.6,0,0.0,0,0,0,0,0,0,0,0,0,0,0,1,0,1
1213-NGCUN,0,0,0,1,0,0,0,1,0,0,6,49.65,267.35,1,5.0916666666666615,0,0,0,0,0,0,0,0,0,0,0,0,0,1
5688-KZTSN,0,1,1,1,0,0,0,0,0,0,15,20.0,288.05,0,0.7966666666666669,0,1,0,0,0,0,0,1,0,0,0,1,0,1
2894-QOJRX,0,1,0,1,0,0,0,0,1,0,25,34.0,853.0,0,0.11999999999999744,0,0,1,0,1,0,0,0,0,0,0,0,0,1
5747-PMBSQ,1,1,0,1,0,1,1,1,1,0,10,92.5,934.1,3,0.9099999999999966,1,0,0,0,0,0,1,0,0,0,0,0,1,1
3143-JQEGI,0,1,0,0,0,0,0,0,1,1,13,88.35,1222.8,0,5.711538461538467,0,1,0,0,0,0,1,0,0,0,0,1,0,1
6386-SZZKH,0,1,0,1,0,1,1,1,1,1,49,107.95,5293.2,3,0.07448979591836746,0,0,0,1,0,1,1,0,0,1,0,0,0,1
2982-IHMFT,1,0,0,1,0,0,0,0,0,0,1,74.45,74.45,0,0.0,0,0,0,0,0,1,1,0,0,0,0,0,1,1
3521-SYVOR,0,0,0,1,0,0,0,0,1,1,37,64.75,2345.2,0,1.3662162162162232,0,0,1,0,0,0,0,0,0,0,0,1,0,1
9526-JAWYF,0,0,0,0,0,1,1,0,1,0,26,89.8,2335.3,2,0.019230769230773603,0,0,1,0,0,0,1,0,0,0,0,1,0,1
5649-VUKMC,0,0,0,0,0,0,1,0,1,1,12,95.5,1115.15,1,2.5708333333333258,1,0,0,0,0,0,1,0,1,0,0,0,1,1
5143-EGQFK,1,0,0,1,0,0,0,1,0,0,10,29.65,291.4,1,0.5100000000000016,1,0,0,0,1,0,0,0,0,0,0,1,0,1
4919-IKATY,0,1,0,1,1,0,1,0,0,0,5,84.5,453.75,2,6.25,0,0,0,0,0,1,1,0,0,0,0,1,0,1
9050-QLROH,0,0,0,1,0,0,1,0,0,1,18,90.7,1597.25,1,1.9638888888888886,0,1,0,0,0,1,1,0,0,0,1,0,0,1
6168-WFVVF,1,0,0,1,0,0,0,0,0,0,3,70.3,235.5,0,8.200000000000003,0,0,0,0,0,0,1,0,0,0,0,1,0,1
0877-SDMBN,0,0,0,1,1,0,1,0,1,1,54,103.95,5639.05,2,0.47685185185184764,0,0,0,1,0,1,1,0,1,0,0,0,0,1
8065-YKXKD,0,0,0,1,0,0,0,0,0,0,10,74.75,799.65,0,5.215000000000003,1,0,0,0,0,1,1,0,0,0,0,1,0,1
9637-EIHEQ,0,0,0,1,0,0,0,1,0,0,1,50.8,50.8,1,0.0,0,0,0,0,0,0,0,0,0,0,0,1,0,1
9689-PTNPG,0,0,0,1,0,0,0,0,1,0,2,80.25,144.55,0,7.974999999999994,0,0,0,0,0,0,1,0,0,0,0,1,0,1
9465-RWMXL,0,1,0,1,0,0,1,0,0,0,32,78.9,2447.95,1,2.4015625000000114,0,0,1,0,0,1,1,0,0,0,0,1,0,1
2362-IBOOY,0,0,0,1,0,0,0,0,0,1,36,84.75,3050.15,0,0.023611111111108585,0,0,1,0,0,1,1,0,0,0,0,1,0,1
0843-WTBXE,0,0,0,0,0,0,0,0,1,0,53,85.45,4517.25,0,0.21886792452831116,0,0,0,1,0,1,1,0,0,0,0,0,0,1
5515-IDEJJ,0,1,1,0,0,0,0,0,0,0,1,19.9,19.9,0,0.0,0,0,0,0,0,0,0,1,0,0,0,0,1,1
7450-NWRTR,1,0,0,1,0,0,1,0,1,1,12,99.45,1200.15,1,0.5625,1,0,0,0,0,1,1,0,0,0,0,1,0,1
5376-DEQCP,0,0,0,1,0,0,0,0,0,0,1,70.6,70.6,0,0.0,0,0,0,0,0,0,1,0,0,0,0,1,0,1
9095-HFAFX,0,0,0,1,0,0,0,0,1,0,5,81.0,389.6,0,3.0799999999999983,0,0,0,0,0,0,1,0,0,0,1,0,0,1
2379-ENZGV,0,0,0,1,0,1,0,0,1,0,6,84.85,523.5,1,2.4000000000000057,0,0,0,0,0,0,1,0,0,0,0,1,0,1
6005-OBZPH,1,0,0,1,0,1,0,0,1,0,26,89.15,2277.65,1,1.5480769230769198,0,0,1,0,0,1,1,0,0,0,0,1,0,1
7932-WPTDS,1,1,0,1,0,0,0,0,0,0,1,24.8,24.8,0,0.0,0,0,0,0,1,0,0,0,0,0,0,1,0,1
2722-VOJQL,0,0,0,1,0,1,0,1,1,1,64,105.65,6903.1,2,2.2109375,0,0,0,1,0,1,1,0,1,0,1,0,0,1
5228-EXCET,0,0,0,1,0,0,0,0,0,1,13,80.85,1008.7,0,3.2576923076922952,0,1,0,0,0,0,1,0,0,0,0,1,0,1
7394-FKDNK,0,1,0,0,0,0,0,0,1,1,9,89.45,853.1,0,5.338888888888889,1,0,0,0,0,0,1,0,0,0,0,1,0,1
6331-LWDTQ,0,0,0,1,0,0,0,0,1,1,10,72.15,794.25,0,7.2749999999999915,1,0,0,0,0,1,0,0,0,0,1,0,0,1
1597-FZREH,0,0,0,0,0,0,1,1,1,1,2,76.4,160.8,2,4.0,0,0,0,0,0,0,0,0,0,0,0,1,0,1
7000-WCEVQ,1,0,0,1,0,0,0,0,0,1,20,61.6,1174.35,0,2.8825000000000074,0,1,0,0,0,1,0,0,0,0,0,0,1,1
0727-IWKVK,0,1,0,1,0,1,1,0,0,0,9,79.9,741.7,2,2.5111111111111057,1,0,0,0,0,0,1,0,0,0,0,1,0,1
5959-BELXA,1,0,0,1,0,0,0,0,1,1,32,96.15,3019.25,0,1.7984375000000057,0,0,1,0,0,1,1,0,0,0,1,0,0,1
3512-IZIKN,0,1,0,0,1,0,1,1,0,0,70,65.3,4759.75,3,2.6964285714285694,0,0,0,1,0,1,0,0,0,1,1,0,0,1
6141-OOXUQ,0,0,0,0,0,0,0,0,0,0,1,19.65,19.65,0,0.0,0,0,0,0,0,0,0,1,0,0,0,0,1,1
7503-ZGUZJ,0,0,0,1,0,0,0,0,1,0,1,84.65,84.65,0,0.0,0,0,0,0,0,1,1,0,0,0,0,0,1,1
2506-TNFCO,1,1,0,1,0,0,0,0,0,0,1,69.55,69.55,0,0.0,0,0,0,0,0,0,1,0,0,0,0,1,0,1
8718-PTMEZ,0,0,0,1,0,1,0,0,0,0,13,31.05,347.25,1,4.338461538461541,0,1,0,0,1,0,0,0,0,0,0,1,0,1
2207-OBZNX,0,0,0,1,1,0,0,0,0,0,7,51.0,354.05,1,0.4214285714285708,1,0,0,0,0,0,0,0,0,0,0,0,1,1
6142-VSJQO,0,1,1,1,0,0,0,0,0,0,1,44.35,44.35,0,0.0,0,0,0,0,0,0,0,0,0,0,0,0,0,1
6437-UKHMV,0,0,0,1,0,0,0,0,1,0,7,79.7,586.05,0,4.021428571428558,1,0,0,0,0,0,1,0,0,0,0,1,0,1
1114-CENIM,0,0,1,1,0,1,0,0,0,0,54,55.0,3092.65,1,2.271296296296299,0,0,0,1,0,1,0,0,0,0,1,0,0,1
6060-DRTNL,1,0,0,1,0,0,1,0,1,0,5,84.85,415.55,1,1.7399999999999949,0,0,0,0,0,0,1,0,0,0,0,0,1,1
8473-VUVJN,1,0,0,1,0,0,0,0,0,0,1,73.65,73.65,0,0.0,0,0,0,0,0,1,1,0,0,0,0,1,0,1
6289-CPNLD,0,1,0,1,0,0,1,1,1,1,33,73.9,2405.05,2,1.019696969696966,0,0,1,0,0,0,0,0,1,0,0,0,1,1
5536-SLHPM,0,1,0,1,0,0,1,0,0,0,55,77.75,4458.15,1,3.307272727272718,0,0,0,1,0,1,1,0,0,0,0,1,0,1
0196-VULGZ,1,1,0,1,0,0,0,0,0,1,6,84.35,474.9,0,5.200000000000003,0,0,0,0,0,1,1,0,0,0,0,1,0,1
8837-VVWLQ,0,0,0,0,1,0,0,0,1,0,8,84.95,668.4,1,1.4000000000000057,1,0,0,0,0,0,1,0,0,0,0,1,0,1
2696-NARTR,0,0,0,1,0,0,0,1,0,0,11,73.85,926.25,1,10.354545454545459,1,0,0,0,0,0,1,0,0,0,0,1,0,1
7614-QVWQL,0,1,0,1,0,1,0,0,1,1,49,51.8,2541.25,1,0.062244897959189416,0,0,0,1,1,0,0,0,1,0,0,0,0,1
1976-CFOCS,1,1,0,0,0,0,0,0,0,0,1,46.0,46.0,0,0.0,0,0,0,0,0,0,0,0,0,0,0,1,0,1
4631-OACRM,1,0,0,1,0,0,0,0,0,1,15,79.4,1156.1,0,2.326666666666682,0,1,0,0,0,0,1,0,0,0,0,1,0,1
3755-JBMNH,1,1,0,1,0,0,0,0,0,0,16,71.8,1167.8,0,1.1875,0,1,0,0,0,0,1,0,0,0,0,0,0,1
6345-ULYRW,1,1,0,0,0,1,0,0,0,1,44,88.4,3912.9,1,0.5295454545454561,0,0,1,0,0,1,1,0,1,0,0,0,1,1
1809-DMJHQ,0,0,1,0,0,0,0,0,0,0,5,46.0,221.7,0,1.6600000000000037,0,0,0,0,0,0,0,0,0,0,0,0,1,1
6923-EFPNL,0,0,0,0,0,0,0,0,0,0,4,51.75,201.1,0,1.4750000000000014,0,0,0,0,0,1,0,0,0,0,1,0,0,1
9574-RKJIF,0,1,0,1,1,1,0,0,1,0,30,94.4,2838.7,2,0.22333333333331495,0,0,1,0,0,1,1,0,0,0,0,1,0,1
2619-WFQWU,0,0,0,1,0,0,0,0,0,0,1,70.15,70.15,0,0.0,0,0,0,0,0,0,1,0,0,0,0,0,1,1
0778-NELLA,0,0,0,1,0,0,0,0,1,0,9,34.7,296.1,0,1.7999999999999972,1,0,0,0,1,0,0,0,0,0,1,0,0,1
4614-NUVZD,0,0,0,1,0,0,0,0,0,1,1,81.1,81.1,0,0.0,0,0,0,0,0,0,1,0,0,0,0,1,0,1
3803-KMQFW,0,1,1,0,0,0,0,0,0,0,1,20.55,20.55,0,0.0,0,0,0,0,0,0,0,1,0,0,0,0,1,1
6804-GDMOI,0,0,0,1,0,0,1,1,1,1,61,106.6,6428.4,2,1.2163934426229446,0,0,0,1,0,1,1,0,0,1,0,1,0,1
9572-MTILT,0,1,0,1,1,1,1,1,1,0,59,106.75,6252.9,4,0.7686440677966146,0,0,0,1,0,1,1,0,0,0,0,1,0,1
9611-CTWIH,0,0,0,1,0,0,0,0,1,1,3,89.45,240.45,0,9.300000000000011,0,0,0,0,0,0,1,0,0,0,0,1,0,1
0329-GTIAJ,0,0,0,1,0,1,0,1,1,1,3,97.9,315.3,2,7.200000000000003,0,0,0,0,0,0,1,0,0,0,0,1,0,1
6629-CZTTH,0,0,0,1,0,0,0,0,0,1,1,55.7,55.7,0,0.0,0,0,0,0,0,0,0,0,0,0,0,0,1,1
5364-EVNIB,0,0,0,1,0,1,1,0,0,0,13,79.8,973.45,2,4.919230769230765,0,1,0,0,0,0,1,0,0,0,0,1,0,1
5087-SUURX,0,1,0,1,0,0,1,0,1,0,18,39.05,669.85,1,1.8361111111111086,0,1,0,0,1,0,0,0,0,0,0,1,0,1
0013-EXCHZ,1,1,0,1,0,0,0,1,1,0,3,83.9,267.4,1,5.23333333333332,0,0,0,0,0,0,1,0,0,0,0,0,1,1
5550-VFRLC,1,0,0,1,0,0,0,0,0,0,1,69.85,69.85,0,0.0,0,0,0,0,0,0,1,0,0,0,0,1,0,1
4929-BSTRX,0,0,0,1,0,0,0,0,1,0,1,53.55,53.55,0,0.0,0,0,0,0,0,0,0,0,0,0,0,0,1,1
2225-ZRGSG,0,1,0,0,1,1,1,1,0,0,70,93.9,6579.05,4,0.08642857142856997,0,0,0,1,0,1,1,0,0,1,0,0,0,1
5271-YNWVR,0,1,0,1,1,1,1,1,1,1,68,113.15,7856.0,4,2.3794117647058783,0,0,0,1,0,1,1,0,0,1,0,1,0,1
2657-ALMWY,1,1,0,0,0,1,0,0,0,1,26,84.95,2169.75,1,1.4980769230769226,0,0,1,0,0,0,1,0,0,0,0,1,0,1
6330-JKLPC,0,1,0,1,0,1,0,0,0,0,11,80.5,896.9,1,1.0363636363636317,1,0,0,0,0,1,1,0,0,0,0,0,0,1
4667-OHGKG,0,0,0,1,0,0,0,0,0,0,1,19.3,19.3,0,0.0,0,0,0,0,0,0,0,1,0,0,0,0,1,1
1660-HSOOQ,0,0,0,1,0,0,1,0,0,0,1,49.65,49.65,1,0.0,0,0,0,0,0,0,0,0,0,0,0,0,1,1
7253-UVNDW,0,0,0,0,0,0,1,1,0,0,46,54.35,2460.15,2,0.8684782608695656,0,0,1,0,0,0,0,0,0,1,1,0,0,1
7228-OMTPN,0,0,0,1,0,0,0,0,1,1,4,88.45,370.65,0,4.2124999999999915,0,0,0,0,0,0,1,0,0,0,0,1,0,1
6284-AHOOQ,1,0,0,1,0,0,0,1,1,0,22,90.5,1910.6,1,3.654545454545456,0,1,0,0,0,1,1,0,0,0,0,0,0,1
2344-JMOGN,0,1,0,1,0,1,1,1,1,0,9,94.85,890.6,3,4.1055555555555685,1,0,0,0,0,0,1,0,0,0,0,0,1,1
3799-ISUZQ,0,1,0,1,0,0,0,0,0,0,7,69.95,529.5,0,5.692857142857136,1,0,0,0,0,0,1,0,0,0,0,0,0,1
1794-HBQTJ,0,0,0,1,1,0,0,0,0,0,1,48.6,48.6,1,0.0,0,0,0,0,0,0,0,0,0,0,1,0,0,1
2460-FPSYH,1,0,0,1,1,1,0,0,1,1,40,55.8,2109.35,2,3.0662499999999966,0,0,1,0,1,0,0,0,0,0,0,1,0,1
4818-DRBQT,0,1,0,1,0,1,0,0,0,0,29,80.15,2265.25,1,2.0379310344827672,0,0,1,0,0,1,1,0,0,0,0,0,0,1
1320-HTRDR,0,0,0,1,0,0,0,0,0,0,3,75.5,220.6,0,1.9666666666666686,0,0,0,0,0,1,1,0,0,0,0,1,0,1
1493-AMTIE,0,0,0,1,0,0,0,0,0,0,1,20.2,20.2,0,0.0,0,0,0,0,0,0,0,1,0,0,0,0,0,1
6424-ELEYH,0,1,0,1,0,0,0,0,0,0,3,74.75,229.5,0,1.75,0,0,0,0,0,1,1,0,0,0,1,0,0,1
4391-RESHN,0,0,0,1,0,0,1,1,1,1,23,104.05,2470.1,2,3.345652173913038,0,1,0,0,0,1,1,0,0,0,0,0,1,1
6821-BUXUX,0,0,0,1,1,1,0,0,1,0,13,96.65,1244.5,2,0.9192307692307793,0,1,0,0,0,1,1,0,0,0,0,1,0,1
5028-HTLJB,1,0,0,0,0,0,0,0,0,0,1,20.05,20.05,0,0.0,0,0,0,0,0,0,0,1,0,0,0,0,1,1
9801-GDWGV,0,0,0,1,0,1,1,0,1,1,39,103.45,3994.45,2,1.0282051282051299,0,0,1,0,0,1,1,0,0,0,0,1,0,1
2320-JRSDE,0,1,1,1,0,0,0,0,0,0,1,19.9,19.9,0,0.0,0,0,0,0,0,0,0,1,0,0,0,1,0,1
0601-WZHJF,0,1,0,0,0,0,0,0,1,1,14,46.35,667.7,0,1.3428571428571416,0,1,0,0,1,0,0,0,0,0,0,1,0,1
5143-WMWOG,0,0,0,0,0,0,0,0,0,0,1,19.95,19.95,0,0.0,0,0,0,0,0,0,0,1,0,0,0,1,0,1
5393-RXQSZ,0,0,0,0,0,0,0,0,0,1,1,79.6,79.6,0,0.0,0,0,0,0,0,0,1,0,0,0,0,1,0,1
0231-LXVAP,0,0,0,1,0,0,0,1,0,0,1,75.9,75.9,1,0.0,0,0,0,0,0,0,1,0,0,0,0,1,0,1
9444-JTXHZ,0,1,0,0,0,0,1,0,0,0,1,76.2,76.2,1,0.0,0,0,0,0,0,0,1,0,0,0,0,1,0,1
5510-BOIUJ,0,0,1,0,0,0,0,0,0,0,1,19.25,19.25,0,0.0,0,0,0,0,0,0,0,1,0,0,0,0,1,1
4471-KXAUH,0,1,0,1,0,0,1,1,0,0,42,84.3,3588.4,2,1.1380952380952465,0,0,1,0,0,1,1,0,0,0,0,1,0,1
7638-QVMVY,0,0,0,1,0,0,0,0,1,0,7,79.0,522.95,0,4.29285714285713,1,0,0,0,0,0,1,0,0,0,0,1,0,1
3244-DCJWY,0,0,0,1,0,0,0,0,0,0,1,70.25,70.25,0,0.0,0,0,0,0,0,0,1,0,0,0,0,1,0,1
0875-CABNR,1,0,0,1,0,0,1,0,0,1,10,84.6,865.55,1,1.9549999999999983,1,0,0,0,0,0,1,0,0,0,1,0,0,1
7812-FZHPE,0,1,1,0,0,0,0,0,0,0,17,24.1,409.9,0,0.011764705882349347,0,1,0,0,0,1,0,1,0,0,0,0,1,1
4797-AXPXK,0,0,1,1,1,1,0,1,0,0,1,60.0,60.0,3,0.0,0,0,0,0,0,0,0,0,0,0,0,1,0,1
5229-PRWKT,0,0,0,1,0,0,0,0,0,1,8,86.55,649.65,0,5.34375,1,0,0,0,0,1,1,0,0,0,0,1,0,1
6982-UQZLY,1,1,0,1,0,0,0,0,0,0,1,20.85,20.85,0,0.0,0,0,0,0,0,0,0,1,0,0,0,0,1,1
5057-LCOUI,0,0,0,1,0,0,1,0,1,1,39,50.75,2011.4,1,0.8243589743589794,0,0,1,0,1,0,0,0,0,0,0,1,0,1
0193-ESZXP,1,1,0,1,1,1,0,1,1,1,58,105.5,6205.5,3,1.4913793103448256,0,0,0,1,0,0,1,0,1,0,1,0,0,1
4369-HTUIF,1,0,0,1,1,0,0,0,1,0,6,85.15,503.6,1,1.2166666666666686,0,0,0,0,0,0,1,0,0,0,0,0,0,1
0156-FVPTA,0,1,0,1,1,0,0,1,0,0,22,54.2,1152.7,2,1.8045454545454547,0,1,0,0,0,0,0,0,0,0,0,1,0,1
1984-FCOWB,0,1,0,1,0,1,1,1,1,1,70,109.5,7674.55,3,0.13642857142856712,0,0,0,1,0,1,1,0,1,0,0,1,0,1
0654-HMSHN,0,1,0,0,0,1,1,0,1,1,21,104.4,2157.95,2,1.6404761904762069,0,1,0,0,0,1,1,0,0,0,0,1,0,1
5287-QWLKY,1,1,0,1,1,1,0,0,1,1,71,105.1,7548.1,2,1.2112676056338074,0,0,0,1,0,1,1,0,0,0,1,0,0,1
5196-SGOAK,0,0,0,1,0,1,0,0,0,0,1,75.7,75.7,1,0.0,0,0,0,0,0,0,1,0,0,0,0,1,0,1
1891-UAWWU,1,1,0,0,0,0,1,0,1,0,20,90.8,1951.0,1,6.75,0,1,0,0,0,1,1,0,0,0,0,1,0,1
6108-OQZDQ,0,1,0,1,0,1,0,0,1,1,4,97.95,384.5,1,1.8250000000000028,0,0,0,0,0,1,1,0,0,0,0,1,0,1
0363-QJVFX,0,0,0,1,1,1,0,1,1,1,32,108.15,3432.9,3,0.8718750000000028,0,0,1,0,0,1,1,0,0,0,1,0,0,1
9840-DVNDC,0,0,0,1,0,0,0,0,1,0,6,80.5,463.05,0,3.325000000000003,0,0,0,0,0,0,1,0,0,0,1,0,0,1
3096-JRDSO,1,1,0,1,1,0,0,1,1,1,27,104.3,2867.75,2,1.9129629629629648,0,0,1,0,0,1,1,0,0,0,0,0,0,1
8042-JVNFH,0,0,0,1,0,0,0,0,0,0,1,71.35,71.35,0,0.0,0,0,0,0,0,0,1,0,0,0,0,0,1,1
3374-LXDEV,0,0,0,0,0,1,1,1,0,0,13,89.4,1132.35,3,2.2961538461538566,0,1,0,0,0,1,1,0,0,0,0,1,0,1
5049-GLYVG,0,0,0,0,0,0,0,0,0,0,1,20.6,20.6,0,0.0,0,0,0,0,0,0,0,1,0,0,0,0,1,1
5883-GTGVD,0,0,0,1,0,1,0,0,1,1,19,99.95,1931.75,1,1.7210526315789423,0,1,0,0,0,1,1,0,0,0,0,1,0,1
4817-QRJSX,0,0,0,1,0,1,0,0,0,0,10,81.0,818.05,1,0.8049999999999926,1,0,0,0,0,1,1,0,0,0,1,0,0,1
2398-YPMUR,1,1,0,1,0,0,0,0,0,0,13,70.15,916.75,0,0.3692307692307679,0,1,0,0,0,0,1,0,0,0,0,1,0,1
9985-MWVIX,0,0,0,1,0,0,0,0,0,0,1,70.15,70.15,0,0.0,0,0,0,0,0,0,1,0,0,0,0,0,1,1
1265-XTECC,1,1,0,1,1,1,0,0,0,1,68,96.55,6581.9,2,0.2426470588235219,0,0,0,1,0,1,1,0,1,0,1,0,0,1
2237-ZFSMY,0,0,0,1,1,0,1,1,1,0,39,95.55,3692.85,3,0.8615384615384585,0,0,1,0,0,0,1,0,1,0,0,1,0,1
4871-JTKJF,1,0,0,1,0,0,0,0,0,0,1,69.65,69.65,0,0.0,0,0,0,0,0,0,1,0,0,0,0,1,0,1
1415-YFWLT,1,0,0,1,0,0,0,0,1,1,1,89.3,89.3,0,0.0,0,0,0,0,0,0,1,0,0,0,0,1,0,1
6711-VTNRE,0,0,0,1,0,0,1,1,0,1,36,87.55,3078.1,2,2.047222222222217,0,0,1,0,0,0,1,0,0,0,0,1,0,1
3500-RMZLT,1,0,0,1,1,0,1,1,0,1,15,96.3,1426.75,3,1.1833333333333371,0,1,0,0,0,0,1,0,0,0,0,0,1,1
4548-SDBKE,0,0,0,1,0,0,0,0,1,0,5,85.2,474.8,0,9.760000000000005,0,0,0,0,0,1,1,0,0,0,0,1,0,1
8066-POXGX,0,0,0,1,0,0,0,0,0,1,13,35.1,446.1,0,0.7846153846153854,0,1,0,0,1,0,0,0,0,0,0,1,0,1
4143-OOBWZ,0,1,0,1,0,1,0,0,0,0,5,81.3,416.3,1,1.960000000000008,0,0,0,0,0,1,1,0,0,0,0,1,0,1
7854-EKTJL,0,0,1,1,0,0,0,0,0,0,2,19.6,35.85,0,1.6750000000000007,0,0,0,0,0,0,0,1,0,0,0,1,0,1
9102-IAYHT,0,1,0,1,0,0,0,0,0,1,17,85.45,1451.6,0,0.06176470588236782,0,1,0,0,0,1,1,0,0,0,0,1,0,1
3422-LYEPQ,0,1,0,1,0,0,0,0,0,0,1,71.0,71.0,0,0.0,0,0,0,0,0,0,1,0,0,0,0,1,0,1
2642-DTVCO,1,0,0,1,0,0,0,0,0,1,9,85.05,746.5,0,2.1055555555555543,1,0,0,0,0,1,1,0,0,0,0,1,0,1
4361-JEIVL,0,0,1,1,0,0,0,0,0,0,1,44.4,44.4,0,0.0,0,0,0,0,0,0,0,0,0,0,0,1,0,1
1363-TXLSL,1,1,0,1,0,0,0,0,0,0,1,70.3,70.3,0,0.0,0,0,0,0,0,0,1,0,0,0,0,1,0,1
9507-EXLTT,0,1,0,1,0,0,0,0,1,0,1,79.35,79.35,0,0.0,0,0,0,0,0,0,1,0,0,0,0,0,0,1
9846-GKXAS,0,0,0,1,0,0,0,0,1,1,9,90.8,809.75,0,0.8277777777777686,1,0,0,0,0,0,1,0,0,0,0,0,0,1
6017-PPLPX,0,1,0,1,0,0,0,0,0,0,20,70.45,1470.95,0,3.0974999999999966,0,1,0,0,0,0,1,0,0,0,0,1,0,1
7136-RVDTZ,1,0,0,1,0,0,0,0,1,1,70,45.25,3264.45,0,1.384999999999998,0,0,0,1,1,0,0,0,1,0,0,1,0,1
4581-SSPWD,0,0,0,1,0,0,0,0,0,0,3,75.8,246.3,0,6.300000000000011,0,0,0,0,0,1,1,0,0,0,0,1,0,1
6927-WTFIV,1,0,0,0,0,0,0,0,0,0,20,71.3,1389.2,0,1.8399999999999892,0,1,0,0,0,0,1,0,0,0,1,0,0,1
3398-ZOUAA,1,1,0,1,0,0,0,0,0,0,21,69.1,1474.75,0,1.1261904761904873,0,1,0,0,0,0,1,0,0,0,0,1,0,1
0378-NHQXU,0,1,0,0,0,0,1,0,1,0,17,88.25,1460.65,1,2.329411764705881,0,1,0,0,0,1,1,0,0,0,0,1,0,1
4512-ZUIYL,0,0,0,0,0,0,0,0,0,0,2,70.0,153.05,0,6.525000000000006,0,0,0,0,0,0,1,0,0,0,0,0,0,1
7969-AULMZ,0,0,0,1,0,0,0,0,1,1,21,97.35,2119.5,0,3.5785714285714363,0,1,0,0,0,1,1,0,0,0,0,1,0,1
0568-ONFPC,0,1,1,1,0,0,0,0,0,0,5,25.9,135.0,0,1.1000000000000014,0,0,0,0,0,1,0,1,0,0,0,0,0,1
0733-VUNUW,0,0,0,1,1,0,0,0,0,0,24,55.65,1400.55,1,2.706249999999997,0,1,0,0,0,1,0,0,0,0,0,0,0,1
4550-EVXNY,0,0,0,1,0,0,0,0,0,0,1,69.65,69.65,0,0.0,0,0,0,0,0,0,1,0,0,0,0,1,0,1
2968-SSGAA,0,0,0,1,0,0,1,0,1,1,10,100.6,1060.2,1,5.420000000000016,1,0,0,0,0,1,1,0,0,0,0,1,0,1
4844-JJWUY,1,0,0,1,0,1,0,0,0,1,1,86.0,86.0,1,0.0,0,0,0,0,0,0,1,0,0,0,0,1,0,1
6777-TGHTM,0,0,0,1,1,0,1,0,1,1,53,106.95,5785.5,2,2.210377358490561,0,0,0,1,0,1,1,0,1,0,1,0,0,1
3538-WZPHD,0,0,0,1,0,1,0,0,0,0,3,29.6,79.45,1,3.116666666666667,0,0,0,0,1,0,0,0,0,0,0,1,0,1
4785-QRJHC,1,1,0,1,0,1,1,1,1,1,46,59.9,2816.65,3,1.3315217391304373,0,0,1,0,1,0,0,0,1,0,0,0,0,1
8610-WFCJF,0,1,0,1,0,0,0,0,1,1,49,95.6,4783.5,0,2.022448979591843,0,0,0,1,0,1,1,0,0,0,0,1,0,1
4905-JEFDW,0,0,0,1,0,0,1,0,1,0,11,41.6,470.6,1,1.1818181818181799,1,0,0,0,1,0,0,0,1,0,0,1,0,1
7881-INRLC,0,0,0,1,0,1,0,0,1,1,45,100.85,4740.0,1,4.483333333333334,0,0,1,0,0,1,1,0,0,0,1,0,0,1
0117-LFRMW,0,1,1,0,1,1,1,0,0,0,37,40.2,1448.8,3,1.0432432432432464,0,0,1,0,1,0,0,0,0,0,0,0,0,1
6172-FECYY,0,1,0,0,0,0,0,0,1,0,49,84.5,4254.85,0,2.3336734693877617,0,0,0,1,0,1,1,0,0,0,0,1,0,1
1965-AKTSX,1,0,0,1,0,1,0,0,0,0,14,78.95,1101.85,1,0.24642857142858077,0,1,0,0,0,1,1,0,0,0,0,1,0,1
4786-UKSNZ,0,0,0,0,0,0,0,0,0,0,1,20.2,20.2,0,0.0,0,0,0,0,0,0,0,1,0,0,0,0,1,1
7248-VZQLC,1,0,0,1,0,1,1,0,0,0,47,85.2,3969.35,2,0.7457446808510753,0,0,1,0,0,1,1,0,0,0,0,0,0,1
0011-IGKFF,1,1,0,1,0,1,1,0,1,1,13,98.0,1237.85,2,2.7807692307692378,0,1,0,0,0,0,1,0,0,0,0,1,0,1
4192-GORJT,0,1,0,1,0,0,1,0,1,1,5,94.45,498.1,1,5.170000000000002,0,0,0,0,0,0,1,0,0,0,0,1,0,1
6496-SLWHQ,1,0,0,1,0,1,1,0,1,1,3,105.0,294.45,2,6.8500000000000085,0,0,0,0,0,1,1,0,0,0,0,1,0,1
9912-GVSEQ,1,1,0,1,0,1,1,0,0,1,26,93.85,2381.55,2,2.251923076923063,0,0,1,0,0,1,1,0,0,0,0,1,0,1
5383-MMTWC,1,1,0,1,0,0,0,0,0,1,8,84.0,613.4,0,7.325000000000003,1,0,0,0,0,1,1,0,0,0,0,1,0,1
7240-ETPTR,0,1,0,1,0,0,1,0,1,1,9,48.75,442.2,1,0.38333333333333286,1,0,0,0,1,0,0,0,0,0,0,1,0,1
2202-CUYXZ,0,0,0,1,0,0,1,0,1,0,1,84.85,84.85,1,0.0,0,0,0,0,0,0,1,0,0,0,0,1,0,1
5995-OIGLP,0,0,0,0,1,0,0,1,0,0,12,56.65,654.85,2,2.0791666666666657,1,0,0,0,0,0,0,0,0,0,0,0,1,1
6261-RCVNS,0,0,0,0,1,1,1,1,0,1,42,73.9,3160.55,4,1.3511904761904816,0,0,1,0,0,0,0,0,1,0,1,0,0,1
7951-QKZPL,0,1,0,1,0,0,0,0,0,0,33,24.5,740.3,0,2.0666666666666664,0,0,1,0,0,1,0,1,0,1,0,0,1,1
3640-PHQXK,0,0,0,1,0,0,1,0,0,1,31,89.9,2806.9,1,0.6451612903225765,0,0,1,0,0,1,1,0,0,0,0,1,0,1
6877-LGWXO,1,1,0,0,0,0,0,0,0,1,18,78.55,1422.65,0,0.48611111111111427,0,1,0,0,0,0,1,0,0,0,0,1,0,1
8019-ENHXU,0,1,0,1,0,1,1,1,0,1,42,99.45,4138.05,3,0.9249999999999972,0,0,1,0,0,1,1,0,0,0,0,1,0,1
5167-GBFRE,1,0,0,1,0,0,0,0,0,0,4,25.2,102.5,0,0.4250000000000007,0,0,0,0,1,0,0,0,0,0,0,0,0,1
9033-EOXWV,0,0,0,0,0,0,0,1,1,1,12,74.05,872.65,1,1.3291666666666657,1,0,0,0,0,1,0,0,1,0,0,0,1,1
1324-NLTJE,1,0,0,0,0,0,0,1,0,0,15,55.0,757.1,1,4.526666666666664,0,1,0,0,0,1,0,0,0,0,1,0,0,1
1522-VVDMG,0,1,0,1,0,1,0,1,1,0,7,89.75,608.8,2,2.778571428571439,1,0,0,0,0,0,1,0,0,0,0,1,0,1
9185-TQCVP,0,1,0,1,0,0,0,0,0,1,14,85.15,1139.2,0,3.778571428571425,0,1,0,0,0,1,1,0,0,0,0,1,0,1
5567-WSELE,1,1,0,1,0,0,0,0,1,1,3,94.6,279.55,0,1.4166666666666572,0,0,0,0,0,1,1,0,0,0,0,1,0,1
8063-RJYNF,0,0,0,1,1,0,0,0,1,1,16,94.25,1483.25,1,1.546875,0,1,0,0,0,0,1,0,0,0,0,1,0,1
0687-ZVTHB,0,1,0,0,1,1,1,0,0,1,65,72.45,4653.85,3,0.85230769230769,0,0,0,1,0,1,0,0,1,0,1,0,0,1
9661-ACXBS,0,0,0,1,1,0,1,0,1,1,42,105.2,4400.75,2,0.42023809523810485,0,0,1,0,0,1,1,0,0,0,0,1,0,1
3727-RJMEO,0,1,0,1,0,0,0,0,1,0,6,82.85,460.25,0,6.141666666666666,0,0,0,0,0,1,1,0,0,0,0,1,0,1
6646-VRFOL,1,1,0,1,0,1,1,0,1,1,53,103.85,5485.5,2,0.3499999999999943,0,0,0,1,0,1,1,0,0,0,0,1,0,1
5685-IIXLY,0,1,0,1,0,1,0,0,0,1,5,83.6,404.2,1,2.759999999999991,0,0,0,0,0,0,1,0,0,0,0,1,0,1
4250-ZBWLV,0,0,0,0,0,1,1,1,1,1,68,108.45,7176.55,3,2.9124999999999943,0,0,0,1,0,1,1,0,1,0,0,1,0,1
5095-AESKG,0,1,0,1,0,1,0,0,0,1,3,91.5,242.95,1,10.516666666666666,0,0,0,0,0,1,1,0,0,0,1,0,0,1
1871-MOWRM,0,1,0,0,1,0,0,1,0,0,12,80.85,866.45,2,8.645833333333329,1,0,0,0,0,0,1,0,0,0,0,0,0,1
2027-OAQQC,0,0,0,1,0,0,1,0,1,1,43,49.05,2076.2,1,0.7662790697674424,0,0,1,0,1,0,0,0,0,0,0,0,0,1
9090-SGQXL,1,1,0,1,0,1,1,0,1,1,68,105.3,7299.65,2,2.047794117647058,0,0,0,1,0,1,1,0,0,0,0,1,0,1
6595-YGXIT,1,0,0,1,0,1,0,0,1,0,25,88.95,2291.2,1,2.6979999999999933,0,0,1,0,0,1,1,0,0,0,0,1,0,1
9835-ZIITK,1,1,0,1,0,1,1,1,1,1,66,110.85,7491.75,3,2.661363636363646,0,0,0,1,0,1,1,0,1,0,0,1,0,1
1555-DJEQW,0,1,0,1,1,1,1,1,1,1,70,114.2,7723.9,4,3.8585714285714374,0,0,0,1,0,1,1,0,0,1,0,0,0,1
5649-TJHOV,1,1,0,0,0,0,0,0,0,1,27,36.5,1032.0,0,1.7222222222222214,0,0,1,0,1,0,0,0,0,0,0,0,0,1
0519-XUZJU,0,0,0,0,0,0,0,0,0,0,1,70.75,70.75,0,0.0,0,0,0,0,0,0,1,0,0,0,0,0,1,1
6338-AVWCY,0,0,0,1,0,0,1,0,1,0,3,40.15,130.75,1,3.433333333333337,0,0,0,0,1,0,0,0,0,0,0,0,1,1
9253-QXKBE,1,1,0,1,0,0,0,0,1,1,29,94.45,2653.65,0,2.944827586206898,0,0,1,0,0,1,1,0,0,0,0,1,0,1
9445-SZLCH,0,1,0,1,0,1,1,0,1,0,36,97.35,3457.9,2,1.2972222222222172,0,0,1,0,0,1,1,0,0,0,0,0,0,1
7568-PODML,0,0,0,1,0,0,0,0,1,1,1,45.3,45.3,0,0.0,0,0,0,0,1,0,0,0,0,0,0,0,1,1
5349-IECLD,0,0,0,0,0,0,1,0,1,1,2,94.95,178.1,1,5.900000000000006,0,0,0,0,0,0,1,0,0,0,0,1,0,1
3945-GFWQL,0,0,1,1,0,0,0,0,0,0,12,44.55,480.6,0,4.499999999999993,1,0,0,0,0,0,0,0,0,0,0,1,0,1
3797-VTIDR,0,1,0,1,0,0,0,0,0,0,1,23.45,23.45,0,0.0,0,0,0,0,1,0,0,0,0,0,0,1,0,1
9526-BIHHD,0,0,0,0,1,0,0,0,0,0,1,29.7,29.7,1,0.0,0,0,0,0,1,0,0,0,0,0,0,0,1,1
4523-WXCEF,0,1,0,0,0,1,0,0,1,1,59,101.1,6039.9,1,1.2711864406779654,0,0,0,1,0,1,1,0,0,0,0,1,0,1
8364-TRMMK,0,0,0,1,0,0,0,0,0,0,3,50.65,151.3,0,0.21666666666666146,0,0,0,0,0,1,0,0,0,0,0,0,1,1
3063-QFSZL,0,0,0,1,0,0,0,0,0,1,1,55.4,55.4,0,0.0,0,0,0,0,0,0,0,0,0,0,0,1,0,1
8775-LHDJH,1,1,0,1,0,1,0,0,1,0,1,90.6,90.6,1,0.0,0,0,0,0,0,1,1,0,0,0,0,1,0,1
3097-NQYSN,1,1,0,1,0,0,0,0,1,0,2,86.85,156.35,0,8.674999999999997,0,0,0,0,0,1,1,0,0,0,0,0,1,1
3565-UNOCC,1,1,0,1,0,0,1,0,1,1,29,99.05,2952.85,1,2.7724137931034534,0,0,1,0,0,1,1,0,0,0,0,0,0,1
9249-FXSCK,0,0,0,1,1,1,0,1,1,1,52,111.25,5916.45,3,2.5278846153846075,0,0,0,1,0,1,1,0,1,0,1,0,0,1
5493-SDRDQ,0,0,0,1,1,0,1,0,0,0,2,55.1,113.35,2,1.5749999999999957,0,0,0,0,0,0,0,0,0,0,0,0,1,1
0871-URUWO,0,1,0,1,0,0,1,0,1,1,13,102.25,1359.0,1,2.288461538461533,0,1,0,0,0,1,1,0,0,0,1,0,0,1
9190-MFJLN,1,0,0,1,0,0,1,0,1,1,19,95.9,1777.9,1,2.326315789473682,0,1,0,0,0,0,1,0,0,0,1,0,0,1
1095-JUDTC,1,0,0,1,0,1,0,1,1,0,47,95.05,4504.55,2,0.7914893617021335,0,0,1,0,0,1,1,0,0,0,0,1,0,1
0870-VEMYL,0,0,0,0,1,0,0,1,0,0,5,53.85,259.8,2,1.8900000000000006,0,0,0,0,0,0,0,0,0,0,1,0,0,1
5385-SUIRI,1,1,0,1,1,0,1,0,1,1,52,104.2,5568.35,2,2.883653846153848,0,0,0,1,0,1,1,0,0,0,0,1,0,1
3982-XWFZQ,0,1,0,1,0,0,0,0,0,0,42,50.25,2203.65,0,2.2178571428571416,0,0,1,0,0,1,0,0,0,0,0,1,0,1
4009-ALQFH,0,0,0,1,0,1,1,0,1,1,25,99.5,2369.05,2,4.7379999999999995,0,0,1,0,0,0,1,0,0,0,0,1,0,1
3627-FCRDW,0,0,0,0,0,0,0,0,0,0,9,71.0,672.55,0,3.7277777777777743,1,0,0,0,0,0,1,0,0,0,0,1,0,1
7562-GSUHK,0,0,0,1,0,1,1,0,0,1,16,93.2,1573.7,2,5.15625,0,1,0,0,0,0,1,0,0,0,1,0,0,1
4903-UYAVB,0,1,0,0,0,0,0,0,0,0,5,19.35,126.05,0,5.859999999999999,0,0,0,0,0,0,0,1,0,0,0,0,1,1
6776-TLWOI,0,0,0,0,0,0,0,0,0,0,3,19.85,64.55,0,1.6666666666666643,0,0,0,0,0,0,0,1,0,0,0,0,1,1
4077-CROMM,0,1,0,1,0,0,1,1,1,1,31,104.2,3243.45,2,0.42741935483870463,0,0,1,0,0,1,1,0,0,0,0,1,0,1
2868-MZAGQ,0,0,0,1,0,0,0,0,0,1,1,79.25,79.25,0,0.0,0,0,0,0,0,0,1,0,0,0,0,1,0,1
4847-QNOKA,0,0,0,1,0,0,0,0,0,0,1,44.9,44.9,0,0.0,0,0,0,0,0,0,0,0,0,0,0,0,0,1
6379-RXJRQ,0,1,0,1,0,0,0,0,0,0,10,70.1,659.65,0,4.134999999999991,1,0,0,0,0,0,1,0,0,0,0,1,0,1
8650-RHRKE,0,0,0,1,0,0,1,0,0,0,4,29.65,118.5,1,0.02499999999999858,0,0,0,0,1,0,0,0,0,0,0,1,0,1
0475-RIJEP,0,0,0,1,0,1,0,0,0,0,43,77.85,3365.85,1,0.42558139534884276,0,0,1,0,0,1,1,0,0,0,0,1,0,1
1260-TTRXI,0,0,0,0,0,0,0,0,0,1,4,54.3,195.3,0,5.474999999999994,0,0,0,0,0,0,0,0,0,0,0,1,0,1
6328-ZPBGN,1,0,0,1,0,0,0,0,1,1,11,95.15,997.65,0,4.4545454545454675,1,0,0,0,0,1,1,0,0,0,0,0,0,1
4789-KWMXN,0,1,0,1,1,0,1,1,1,1,47,110.85,5275.8,3,1.4010638297872475,0,0,1,0,0,1,1,0,1,0,1,0,0,1
2867-UIMSS,0,0,0,0,0,0,0,0,0,1,1,80.5,80.5,0,0.0,0,0,0,0,0,0,1,0,0,0,0,1,0,1
8111-RKSPX,0,0,0,1,0,0,0,0,0,0,4,72.2,305.55,0,4.1875,0,0,0,0,0,1,1,0,0,0,0,0,0,1
1585-MQSSU,0,0,0,0,0,0,0,1,0,0,17,51.5,900.5,1,1.470588235294116,0,1,0,0,0,0,0,0,0,0,0,0,1,1
2856-NNASM,1,0,0,1,0,0,0,0,1,1,43,89.55,3856.75,0,0.14186046511628092,0,0,1,0,0,0,1,0,0,0,0,0,1,1
8559-CIZFV,0,1,0,0,1,1,0,1,1,0,21,77.5,1625.0,3,0.1190476190476204,0,1,0,0,0,1,0,0,1,0,0,0,1,1
7547-EKNFS,0,1,0,1,0,1,1,0,1,0,42,95.25,3959.35,2,0.9797619047619008,0,0,1,0,0,1,1,0,0,0,0,0,0,1
6769-DYBQN,1,0,0,0,1,0,0,0,0,1,46,85.0,3969.4,1,1.2913043478260846,0,0,1,0,0,0,1,0,0,0,0,1,0,1
4439-JMPMT,0,1,0,1,0,0,0,1,1,0,5,85.75,470.95,1,8.439999999999998,0,0,0,0,0,0,1,0,0,0,0,1,0,1
2446-BEGGB,1,0,0,1,0,1,0,0,1,1,6,98.25,560.6,1,4.816666666666663,0,0,0,0,0,1,1,0,0,0,0,1,0,1
1496-GGSUK,1,0,0,1,0,0,0,0,0,0,1,25.7,25.7,0,0.0,0,0,0,0,1,0,0,0,0,0,0,0,1,1
2575-GFSOE,0,1,0,1,0,0,0,0,0,0,7,69.0,506.9,0,3.414285714285711,1,0,0,0,0,0,1,0,0,0,0,1,0,1
2842-JTCCU,0,0,0,0,0,0,0,0,0,0,2,46.05,80.35,0,5.875,0,0,0,0,0,0,0,0,0,0,0,0,0,1
3296-SILRA,1,1,0,1,0,1,0,0,0,0,1,76.4,76.4,1,0.0,0,0,0,0,0,0,1,0,0,0,0,0,1,1
9681-OXGVC,0,0,0,1,0,0,1,0,1,1,5,100.5,514.0,1,2.299999999999997,0,0,0,0,0,1,1,0,0,0,0,1,0,1
5180-UCIIQ,1,1,1,0,1,0,0,0,0,1,22,40.05,880.2,1,0.04090909090908923,0,1,0,0,1,0,0,0,0,0,0,0,1,1
7153-OANIO,0,0,0,0,0,0,0,0,0,0,1,69.95,69.95,0,0.0,0,0,0,0,0,0,1,0,0,0,0,1,0,1
6521-YYTYI,0,0,0,1,0,0,0,0,1,1,1,93.3,93.3,0,0.0,0,0,0,0,0,1,1,0,0,0,0,1,0,1
8878-HMWBV,0,0,0,1,0,0,1,0,0,0,3,49.15,169.05,1,7.200000000000003,0,0,0,0,0,0,0,0,0,0,0,1,0,1
3751-KTZEL,0,0,0,0,0,0,0,0,0,1,1,35.05,35.05,0,0.0,0,0,0,0,1,0,0,0,0,0,0,0,1,1
1977-STDKI,1,0,0,1,0,1,0,0,0,0,1,73.0,73.0,1,0.0,0,0,0,0,0,0,1,0,0,0,0,1,0,1
5813-UECBU,1,0,0,1,0,1,1,0,0,0,33,83.85,2716.3,2,1.5378787878787818,0,0,1,0,0,1,1,0,0,0,1,0,0,1
0328-GRPMV,0,0,0,1,0,0,0,0,0,0,1,70.1,70.1,0,0.0,0,0,0,0,0,0,1,0,0,0,0,1,0,1
4342-HENTK,1,0,0,1,0,0,0,0,0,0,2,70.65,142.35,0,0.5249999999999915,0,0,0,0,0,0,1,0,0,0,0,1,0,1
4195-SMMNX,0,0,0,0,0,0,0,0,0,0,2,20.35,33.2,0,3.75,0,0,0,0,0,0,0,1,0,0,0,0,1,1
6956-SMUCM,0,0,0,1,1,0,1,0,1,1,3,99.0,287.4,2,3.200000000000003,0,0,0,0,0,0,1,0,0,0,1,0,0,1
3223-WZWJM,0,0,0,1,0,0,0,0,0,1,26,83.95,2254.2,0,2.749999999999986,0,0,1,0,0,1,1,0,0,0,0,1,0,1
9053-JZFKV,0,0,0,0,1,1,1,1,1,1,67,116.2,7752.3,4,0.4940298507462728,0,0,0,1,0,1,1,0,0,1,1,0,0,1
2530-ENDWQ,0,1,0,1,0,0,0,0,1,1,71,93.7,6585.35,0,0.9485915492957702,0,0,0,1,0,1,1,0,0,1,0,0,0,1
6615-ZGEDR,0,0,0,0,0,0,0,0,0,0,1,19.7,19.7,0,0.0,0,0,0,0,0,0,0,1,0,0,0,0,1,1
9250-WYPLL,0,0,0,0,0,0,0,0,0,0,5,75.55,413.65,0,7.179999999999993,0,0,0,0,0,1,1,0,0,0,0,1,0,1
2754-XBHTB,0,0,0,1,0,0,0,0,1,0,9,77.65,714.15,0,1.6999999999999886,1,0,0,0,0,0,1,0,0,0,0,0,0,1
1597-LHYNC,1,0,0,1,1,1,0,0,0,1,26,95.0,2497.2,2,1.0461538461538424,0,0,1,0,0,1,1,0,0,0,0,1,0,1
7055-VKGDA,0,0,0,1,1,1,0,1,1,1,54,105.4,5643.4,3,0.8925925925926066,0,0,0,1,0,0,1,0,1,0,1,0,0,1
0754-UKWQP,0,0,0,1,0,0,1,0,1,1,2,95.85,197.7,1,3.0,0,0,0,0,0,0,1,0,0,0,0,1,0,1
7493-TPUWZ,0,0,0,1,0,1,0,0,0,0,1,79.15,79.15,1,0.0,0,0,0,0,0,1,1,0,0,0,0,1,0,1
1577-HKTFG,0,1,0,0,0,0,0,0,0,0,30,19.65,655.85,0,2.2116666666666696,0,0,1,0,0,0,0,1,0,0,0,0,0,1
8752-STIVR,0,0,0,1,0,0,0,0,1,0,4,79.0,303.15,0,3.2125000000000057,0,0,0,0,0,0,1,0,0,0,0,1,0,1
4558-FANTW,0,1,0,0,1,0,0,1,1,0,17,91.85,1574.45,2,0.7647058823529562,0,1,0,0,0,0,1,0,0,0,0,1,0,1
8651-ENBZX,1,0,0,1,0,0,1,1,1,1,60,106.0,6441.4,2,1.356666666666655,0,0,0,1,0,1,1,0,1,0,0,1,0,1
7623-TRNQN,0,0,1,1,0,0,0,1,0,0,1,49.9,49.9,1,0.0,0,0,0,0,0,0,0,0,0,0,0,0,1,1
9330-IJWIO,0,0,0,1,1,0,0,0,1,1,13,100.35,1358.85,1,4.1769230769230745,0,1,0,0,0,1,1,0,0,0,0,1,0,1
9286-DOJGF,1,1,0,1,0,0,0,0,0,0,38,74.95,2869.85,0,0.5723684210526301,0,0,1,0,0,1,1,0,0,0,0,0,0,1
9661-MHUMO,1,1,1,1,0,0,0,1,0,0,1,49.25,49.25,1,0.0,0,0,0,0,0,0,0,0,0,0,1,0,0,1
1842-EZJMK,0,1,0,0,0,1,0,1,1,1,50,103.7,5071.05,2,2.2789999999999964,0,0,0,1,0,1,1,0,0,0,0,1,0,1
8079-XRJRS,0,1,0,0,1,1,1,0,0,0,65,89.75,5769.6,3,0.9869230769230768,0,0,0,1,0,1,1,0,1,0,0,1,0,1
8073-IJDCM,0,0,0,1,0,0,0,0,0,0,1,20.3,20.3,0,0.0,0,0,0,0,0,0,0,1,0,0,0,0,1,1
8884-ADFVN,1,1,0,1,0,0,1,0,1,1,7,101.95,700.85,1,1.828571428571422,1,0,0,0,0,1,1,0,0,0,0,1,0,1
2720-WGKHP,1,0,0,1,0,0,0,0,1,1,2,94.0,181.7,0,3.1500000000000057,0,0,0,0,0,1,1,0,0,0,0,1,0,1
2869-ADAWR,0,0,0,1,0,1,0,0,1,0,45,89.3,4016.85,1,0.03666666666666174,0,0,1,0,0,1,1,0,0,0,1,0,0,1
9894-EZEWG,0,0,0,1,0,1,0,0,0,0,1,74.3,74.3,1,0.0,0,0,0,0,0,0,1,0,0,0,1,0,0,1
7851-FLGGQ,0,0,0,1,0,1,0,1,0,1,1,44.65,44.65,2,0.0,0,0,0,0,1,0,0,0,0,0,0,0,1,1
0637-UBJRP,0,1,0,0,1,0,0,0,0,1,13,84.05,1095.3,1,0.20384615384615756,0,1,0,0,0,0,1,0,0,0,0,1,0,1
0940-OUQEC,0,0,0,1,0,1,0,0,0,0,10,80.7,788.8,1,1.8200000000000074,1,0,0,0,0,1,1,0,0,0,0,0,0,1
0702-PGIBZ,0,0,0,1,0,1,0,0,1,1,4,101.7,364.55,1,10.5625,0,0,0,0,0,1,1,0,0,0,0,1,0,1
1963-VAUKV,0,0,0,0,0,0,0,0,0,0,1,20.4,20.4,0,0.0,0,0,0,0,0,0,0,1,0,0,0,0,1,1
3058-HJCUY,0,1,0,1,0,0,1,1,1,1,41,102.6,4213.35,2,0.1646341463414842,0,0,1,0,0,1,1,0,1,0,0,1,0,1
3259-FDWOY,0,1,0,1,0,1,1,0,1,1,71,106.0,7723.7,2,2.784507042253523,0,0,0,1,0,1,1,0,0,1,0,0,0,1
0807-ZABDG,0,0,1,1,1,0,0,1,0,0,3,55.1,154.65,2,3.549999999999997,0,0,0,0,0,0,0,0,0,0,0,0,1,1
5748-RNCJT,0,0,0,1,0,0,1,1,1,1,69,106.5,7348.8,2,0.004347826086956275,0,0,0,1,0,1,1,0,0,1,0,0,0,1
7739-LAXOG,0,1,0,1,0,0,1,0,0,1,32,91.05,2954.5,1,1.2781250000000028,0,0,1,0,0,1,1,0,0,0,0,0,0,1
9776-CLUJA,1,1,0,1,1,0,0,0,0,0,51,77.5,3807.35,1,2.846078431372547,0,0,0,1,0,1,1,0,0,0,0,1,0,1
6034-ZRYCV,0,1,0,1,0,1,1,0,1,1,72,54.2,3937.45,2,0.4868055555555486,0,0,0,1,1,0,0,0,0,1,0,1,0,1
2079-FBMZK,0,0,0,1,0,0,0,0,0,0,6,69.25,418.4,0,0.4833333333333343,0,0,0,0,0,0,1,0,0,0,0,0,1,1
6608-QQLVK,0,0,0,1,0,0,1,0,0,0,1,50.5,50.5,1,0.0,0,0,0,0,0,0,0,0,0,0,0,1,0,1
3551-HUAZH,1,0,0,1,0,0,0,0,0,0,1,74.4,74.4,0,0.0,0,0,0,0,0,1,1,0,0,0,0,1,0,1
6302-JGYRJ,0,0,0,1,0,1,0,1,1,1,31,79.45,2587.7,2,4.024193548387089,0,0,1,0,0,1,0,0,1,0,0,0,1,1
3685-YLCMQ,0,0,0,1,0,0,1,1,1,1,58,104.65,6219.6,2,2.5844827586206947,0,0,0,1,0,1,1,0,1,0,0,1,0,1
8634-MPHTR,1,1,0,1,0,0,1,0,1,1,47,100.05,4871.05,1,3.589361702127661,0,0,1,0,0,1,1,0,0,0,0,1,0,1
8761-NSOBC,0,0,0,0,0,1,0,1,1,1,44,100.55,4398.15,2,0.5920454545454561,0,0,1,0,0,0,1,0,0,0,0,1,0,1
8413-VONUO,0,0,0,0,0,1,0,0,1,1,2,95.65,167.3,1,12.0,0,0,0,0,0,0,1,0,0,0,0,1,0,1
9223-UCPVT,0,0,0,0,0,0,1,0,1,1,1,94.4,94.4,1,0.0,0,0,0,0,0,0,1,0,0,0,0,1,0,1
4351-QLCSU,0,0,0,1,0,0,0,0,1,0,1,55.0,55.0,0,0.0,0,0,0,0,0,0,0,0,0,0,1,0,0,1
5419-JPRRN,0,0,0,1,0,0,1,0,1,1,1,101.45,101.45,1,0.0,0,0,0,0,0,1,1,0,0,0,0,1,0,1
2100-BDNSN,0,1,0,0,0,0,1,1,1,0,5,67.95,350.3,2,2.1099999999999994,0,0,0,0,0,1,0,0,0,0,0,0,0,1
0488-GSLFR,0,0,0,1,0,0,0,0,0,0,1,69.5,69.5,0,0.0,0,0,0,0,0,0,1,0,0,0,0,1,0,1
9318-NKNFC,0,0,0,1,0,0,0,0,0,0,1,18.85,18.85,0,0.0,0,0,0,0,0,0,0,1,0,0,0,0,1,1
9728-FTTVZ,0,0,0,1,0,0,0,0,0,0,1,69.2,69.2,0,0.0,0,0,0,0,0,0,1,0,0,0,0,1,0,1
7254-IQWOZ,0,0,0,1,0,0,0,0,0,0,1,69.65,69.65,0,0.0,0,0,0,0,0,0,1,0,0,0,0,1,0,1
2474-BRUCM,1,1,0,0,1,0,0,0,1,1,40,101.85,4086.3,1,0.30750000000000455,0,0,1,0,0,1,1,0,0,0,0,1,0,1
0742-NXBGR,0,0,0,1,0,1,1,0,0,0,1,82.3,82.3,2,0.0,0,0,0,0,0,0,1,0,0,0,0,1,0,1
6110-OHIHY,0,0,0,0,0,0,0,0,1,0,3,79.25,267.6,0,9.950000000000003,0,0,0,0,0,0,1,0,0,0,0,1,0,1
5889-LFOLL,0,0,0,1,0,0,0,0,0,1,13,84.6,1115.2,0,1.1846153846153982,0,1,0,0,0,1,1,0,0,0,0,1,0,1
5708-EVONK,0,1,0,1,1,1,0,0,0,1,58,93.4,5435.6,2,0.3172413793103459,0,0,0,1,0,1,1,0,0,0,0,0,0,1
8708-XPXHZ,0,1,0,1,0,0,0,0,1,1,42,94.2,4186.3,0,5.473809523809521,0,0,1,0,0,1,1,0,0,0,0,1,0,1
0616-ATFGB,1,1,0,0,0,0,0,0,0,0,1,25.05,25.05,0,0.0,0,0,0,0,1,0,0,0,0,0,0,1,0,1
7016-BPGEU,0,0,0,1,0,0,0,0,0,0,29,25.1,712.85,0,0.5189655172413801,0,0,1,0,1,0,0,0,0,0,1,0,0,1
6876-ADESB,0,0,1,0,0,0,1,0,0,0,1,48.95,48.95,1,0.0,0,0,0,0,0,0,0,0,0,0,0,1,0,1
1963-SVUCV,0,0,0,0,0,0,0,0,0,0,1,45.3,45.3,0,0.0,0,0,0,0,0,0,0,0,0,0,0,1,0,1
0220-EBGCE,0,0,0,1,0,0,1,0,0,1,2,85.85,167.3,1,2.1999999999999886,0,0,0,0,0,0,1,0,0,0,0,1,0,1
2754-VDLTR,0,0,0,0,0,0,0,0,1,1,10,95.2,930.4,0,2.160000000000011,1,0,0,0,0,1,1,0,0,0,0,1,0,1
3190-XFANI,0,0,0,1,0,0,0,1,1,1,49,100.6,5069.65,1,2.8622448979591866,0,0,0,1,0,1,1,0,1,0,0,0,0,1
7551-DACSP,0,1,1,1,0,1,1,0,0,0,6,55.3,324.25,2,1.2583333333333329,0,0,0,0,0,0,0,0,0,0,0,0,1,1
7235-NXZCP,1,0,0,1,0,0,0,0,0,0,2,74.85,156.4,0,3.3500000000000085,0,0,0,0,0,1,1,0,0,0,0,0,1,1
0520-FDVVT,0,0,0,1,0,1,1,0,1,1,35,102.35,3626.1,2,1.2528571428571524,0,0,1,0,0,0,1,0,1,0,0,0,0,1
1444-VVSGW,0,1,0,0,1,1,1,1,1,1,70,115.65,7968.85,4,1.8092857142857213,0,0,0,1,0,1,1,0,1,0,1,0,0,1
5712-PTIWW,0,0,0,1,0,0,1,1,0,0,2,79.85,152.45,2,3.625,0,0,0,0,0,0,1,0,0,0,0,1,0,1
3315-TOTBP,0,0,0,1,0,0,0,0,0,0,15,76.0,1130.85,0,0.6099999999999994,0,1,0,0,0,1,1,0,0,0,0,0,1,1
6661-HBGWL,1,0,0,1,0,1,1,0,1,1,42,104.75,4323.45,2,1.8107142857142833,0,0,1,0,0,1,1,0,0,0,0,0,0,1
1518-VOWAV,0,0,0,1,1,1,0,0,1,1,9,74.65,703.55,2,3.5222222222222115,1,0,0,0,0,0,0,0,0,0,0,1,0,1
5909-ECHUI,0,0,0,1,0,0,0,0,0,1,1,56.25,56.25,0,0.0,0,0,0,0,0,0,0,0,0,0,0,1,0,1
1309-BXVOQ,0,1,0,1,0,0,1,1,1,1,21,106.1,2249.95,2,1.0404761904761841,0,1,0,0,0,1,1,0,0,0,0,1,0,1
9317-WZPGV,1,0,0,1,0,0,0,0,0,1,2,79.75,159.4,0,0.04999999999999716,0,0,0,0,0,0,1,0,0,0,0,0,0,1
2856-HYAPG,0,0,0,0,0,0,0,0,0,0,1,68.65,68.65,0,0.0,0,0,0,0,0,0,1,0,0,0,0,1,0,1
4488-PSYCG,0,0,0,0,0,0,0,0,0,0,16,20.25,327.45,0,0.2156249999999993,0,1,0,0,0,0,0,1,0,0,0,0,0,1
3621-CEOVK,1,1,0,1,0,1,0,0,1,1,14,100.2,1369.8,1,2.357142857142861,0,1,0,0,0,1,1,0,0,0,0,1,0,1
6906-ANDWJ,0,1,0,1,0,0,0,0,0,0,15,74.9,1107.25,0,1.0833333333333428,0,1,0,0,0,1,1,0,0,0,0,0,0,1
1031-IIDEO,0,0,0,1,0,0,0,0,0,0,1,70.85,70.85,0,0.0,0,0,0,0,0,0,1,0,0,0,0,1,0,1
5832-XKAES,0,0,0,1,0,0,0,0,0,0,2,69.8,134.7,0,2.450000000000003,0,0,0,0,0,0,1,0,0,0,1,0,0,1
4701-AHWMW,0,1,0,1,0,0,1,1,1,1,55,54.55,2978.3,2,0.3990909090909014,0,0,0,1,1,0,0,0,0,0,0,0,0,1
9210-IAHGH,0,0,0,1,0,0,0,1,1,1,7,70.75,450.8,1,6.349999999999994,1,0,0,0,0,0,0,0,0,0,1,0,0,1
0023-XUOPT,0,1,0,0,0,1,1,0,1,0,13,94.1,1215.6,2,0.5923076923076991,0,1,0,0,0,1,1,0,0,0,0,1,0,1
4592-IWTJI,0,1,1,0,1,0,0,0,0,0,3,29.7,91.7,1,0.8666666666666671,0,0,0,0,1,0,0,0,0,0,1,0,0,1
7632-MNYOY,1,0,0,0,0,1,1,1,1,1,66,110.9,7432.05,3,1.7068181818181785,0,0,0,1,0,1,1,0,1,0,1,0,0,1
6518-LGAOV,0,1,0,1,0,0,1,1,1,1,38,105.0,4026.4,2,0.9578947368421069,0,0,1,0,0,1,1,0,0,0,0,1,0,1
7242-QZLXF,0,0,1,1,0,0,0,0,0,0,1,25.3,25.3,0,0.0,0,0,0,0,1,0,0,0,0,0,0,1,0,1
4576-CSAJH,0,0,0,1,0,1,0,1,0,0,22,55.15,1193.05,2,0.9204545454545467,0,1,0,0,0,0,0,0,1,0,1,0,0,1
1000-AJSLD,0,0,0,1,0,0,0,0,0,0,1,20.1,20.1,0,0.0,0,0,0,0,0,0,0,1,0,0,0,0,1,1
1062-LHZOD,0,1,0,1,0,0,0,0,0,0,1,69.9,69.9,0,0.0,0,0,0,0,0,0,1,0,0,0,0,0,1,1
9600-NAXZN,0,0,0,1,0,1,0,0,1,1,43,101.4,4528.0,1,3.9023255813953455,0,0,1,0,0,1,1,0,0,0,0,1,0,1
6457-USBER,0,0,0,1,0,0,0,0,0,1,1,80.8,80.8,0,0.0,0,0,0,0,0,0,1,0,0,0,0,1,0,1
4662-EKDPQ,0,0,0,0,0,0,0,0,0,1,2,62.05,118.3,0,2.8999999999999986,0,0,0,0,0,1,0,0,0,0,0,0,0,1
9248-OJYKK,1,0,0,1,0,0,0,0,0,0,1,76.45,76.45,0,0.0,0,0,0,0,0,1,1,0,0,0,0,1,0,1
3398-FSHON,1,0,0,1,0,1,0,0,1,0,12,91.3,1094.5,1,0.09166666666666856,1,0,0,0,0,1,1,0,0,0,0,1,0,1
3319-DWOEP,1,1,0,1,0,0,1,0,1,1,6,95.75,573.75,1,0.125,0,0,0,0,0,0,1,0,0,0,0,1,0,1
9259-PACGQ,0,1,0,0,1,1,0,1,0,0,34,62.65,2274.9,3,4.258823529411764,0,0,1,0,0,1,0,0,0,0,0,1,0,1
4415-IJZTP,0,0,0,1,0,0,0,0,0,0,1,74.5,74.5,0,0.0,0,0,0,0,0,1,1,0,0,0,0,1,0,1
1465-VINDH,0,1,0,1,0,1,1,0,1,1,10,102.1,1068.85,2,4.784999999999997,1,0,0,0,0,1,1,0,0,0,1,0,0,1
2810-FTLEM,0,0,0,1,1,0,0,0,0,0,16,50.15,762.25,1,2.5093749999999986,0,1,0,0,0,0,0,0,0,0,0,1,0,1
1925-TIBLE,0,1,0,1,0,0,0,0,1,0,7,86.5,582.5,0,3.285714285714292,1,0,0,0,0,1,1,0,0,0,0,1,0,1
0818-OCPZO,1,0,0,1,0,1,0,0,0,0,27,81.45,2122.05,1,2.8555555555555543,0,0,1,0,0,1,1,0,0,0,0,1,0,1
1447-GIQMR,0,1,0,1,0,0,0,0,0,0,1,69.15,69.15,0,0.0,0,0,0,0,0,0,1,0,0,0,0,1,0,1
0872-NXJYS,0,0,0,1,0,0,0,0,0,1,9,79.55,723.4,0,0.8277777777777828,1,0,0,0,0,0,1,0,0,0,0,1,0,1
9412-ARGBX,0,0,0,1,0,1,1,1,1,0,48,95.5,4627.85,3,0.9135416666666742,0,0,1,0,0,0,1,0,0,1,0,0,1,1
1389-CXMLU,1,0,0,0,0,0,1,0,1,0,3,91.05,289.1,1,5.316666666666677,0,0,0,0,0,1,1,0,0,0,0,1,0,1
5561-NWEVX,1,1,0,0,0,0,1,0,0,0,2,79.2,172.85,1,7.224999999999994,0,0,0,0,0,1,1,0,0,0,0,1,0,1
2737-WFVYW,0,0,0,1,0,0,0,0,1,1,2,45.25,85.5,0,2.5,0,0,0,0,1,0,0,0,0,0,0,1,0,1
2272-QAGFO,1,0,0,1,0,0,0,0,0,0,14,74.3,1096.25,0,4.003571428571433,0,1,0,0,0,1,1,0,0,0,0,1,0,1
9850-OWRHQ,0,1,0,1,0,0,0,0,0,0,3,74.1,228.0,0,1.9000000000000057,0,0,0,0,0,1,1,0,0,0,1,0,0,1
3768-NLUBH,1,1,0,0,0,0,1,0,1,1,57,100.6,5746.15,1,0.20964912280702208,0,0,0,1,0,1,1,0,0,0,0,1,0,1
8676-TRMJS,0,0,0,0,0,0,0,0,0,0,3,75.0,209.1,0,5.299999999999997,0,0,0,0,0,1,1,0,0,0,0,0,1,1
7359-SSBJK,1,0,0,1,1,1,0,1,1,0,64,70.2,4481.0,3,0.18437500000000284,0,0,0,1,0,0,0,0,0,1,1,0,0,1
0685-MLYYM,1,0,0,0,0,0,0,0,0,0,2,70.75,154.85,0,6.674999999999997,0,0,0,0,0,0,1,0,0,0,0,1,0,1
8182-PNAGI,0,0,0,0,0,0,0,1,0,0,12,50.25,593.75,1,0.7708333333333357,1,0,0,0,0,0,0,0,0,0,0,0,0,1
7957-RYHQD,1,0,0,1,1,1,0,0,0,0,40,79.2,3233.85,2,1.6462499999999949,0,0,1,0,0,0,1,0,0,0,1,0,0,1
2180-DXNEG,0,0,0,1,0,0,1,0,1,1,12,96.0,1062.1,1,7.491666666666674,1,0,0,0,0,0,1,0,0,0,0,1,0,1
5515-AKOAJ,0,0,0,1,0,0,0,1,1,1,54,100.1,5440.9,1,0.6574074074074048,0,0,0,1,0,1,1,0,0,0,0,1,0,1
8976-OQHGT,0,1,1,0,0,1,0,1,0,0,4,56.5,235.1,2,2.2749999999999986,0,0,0,0,0,0,0,0,0,0,0,0,1,1
6230-BSUXY,1,0,0,1,0,0,1,0,0,1,1,85.0,85.0,1,0.0,0,0,0,0,0,0,1,0,0,0,0,1,0,1
5294-CDGWY,0,1,0,0,1,1,1,0,1,1,51,59.3,3014.65,3,0.18921568627450824,0,0,0,1,1,0,0,0,1,0,0,1,0,1
5295-PCJOO,0,0,1,1,1,0,0,0,0,0,4,49.4,184.4,1,3.299999999999997,0,0,0,0,0,0,0,0,0,0,0,1,0,1
9863-JZAIC,0,0,0,0,0,0,0,0,1,0,35,55.0,2010.55,0,2.444285714285712,0,0,1,0,0,0,0,0,0,0,0,0,1,1
7660-HDPJV,0,0,0,1,0,0,0,0,0,0,1,69.2,69.2,0,0.0,0,0,0,0,0,0,1,0,0,0,0,1,0,1
7931-PXHFC,0,0,0,1,0,0,1,1,0,1,38,62.3,2354.8,2,0.3315789473684134,0,0,1,0,0,0,0,0,1,0,0,0,1,1
3990-QYKBE,1,1,0,1,0,0,0,0,1,1,37,92.5,3473.4,0,1.37567567567568,0,0,1,0,0,1,1,0,0,0,0,1,0,1
4919-MOAVT,0,0,0,0,0,0,0,0,0,0,3,69.65,220.1,0,3.7166666666666544,0,0,0,0,0,0,1,0,0,0,0,1,0,1
3090-HAWSU,0,0,0,1,1,0,1,1,1,1,61,111.6,6876.05,3,1.1221311475409976,0,0,0,1,0,1,1,0,0,1,1,0,0,1
9820-RMCQV,0,0,0,0,1,0,0,0,0,0,11,48.55,501.0,1,3.0045454545454504,1,0,0,0,0,0,0,0,0,0,1,0,0,1
7839-QRKXN,0,0,0,1,0,0,0,0,0,0,1,20.2,20.2,0,0.0,0,0,0,0,0,0,0,1,0,0,0,0,1,1
5204-QZXPU,0,0,0,1,0,0,1,0,1,0,19,39.65,733.35,1,1.0526315789473628,0,1,0,0,1,0,0,0,0,0,0,1,0,1
4597-ELFTS,0,0,0,0,0,0,0,0,0,0,56,24.9,1334.0,0,1.0785714285714256,0,0,0,1,0,1,0,1,1,0,0,1,0,1
8450-JOVAH,0,1,1,0,1,0,0,0,0,0,2,56.7,113.55,1,0.07499999999999574,0,0,0,0,0,1,0,0,0,0,0,0,1,1
1113-IUJYX,0,1,0,0,1,1,0,1,1,1,14,105.95,1348.9,3,9.599999999999994,0,1,0,0,0,0,1,0,1,0,0,0,1,1
9274-CNFMO,1,1,0,0,0,0,0,0,0,0,4,74.95,308.7,0,2.2249999999999943,0,0,0,0,0,1,1,0,0,0,0,1,0,1
7758-XKCBS,0,0,0,1,0,0,0,1,0,0,15,29.7,438.25,1,0.4833333333333343,0,1,0,0,1,0,0,0,0,0,0,1,0,1
8992-JQYUN,0,1,0,1,0,0,1,0,1,1,1,50.35,50.35,1,0.0,0,0,0,0,1,0,0,0,0,0,0,1,0,1
0617-AQNWT,0,1,0,0,1,0,1,1,0,1,64,47.85,3147.5,3,1.3296874999999986,0,0,0,1,1,0,0,0,0,1,0,1,0,1
2446-PLQVO,0,0,0,1,0,0,0,0,0,0,1,70.3,70.3,0,0.0,0,0,0,0,0,0,1,0,0,0,0,1,0,1
3005-NFMTA,1,0,0,1,1,0,0,0,1,1,55,98.8,5617.75,1,3.3409090909090935,0,0,0,1,0,1,1,0,0,0,0,1,0,1
8784-CGILN,0,0,0,1,0,0,0,1,1,1,18,99.85,1776.95,1,1.1305555555555458,0,1,0,0,0,1,1,0,0,0,0,0,0,1
5389-FFVKB,1,1,0,1,0,0,0,0,0,1,32,80.3,2483.05,0,2.7046874999999915,0,0,1,0,0,0,1,0,0,0,1,0,0,1
8444-WRIDW,1,0,0,1,0,1,0,0,0,0,66,80.45,5224.35,1,1.2931818181818215,0,0,0,1,0,1,1,0,0,0,1,0,0,1
9451-LPGOO,0,0,0,1,0,0,0,0,0,1,7,86.8,620.35,0,1.8214285714285836,1,0,0,0,0,1,1,0,0,0,0,1,0,1
5868-YWPDW,1,1,0,1,0,1,0,0,0,1,6,84.2,519.15,1,2.3249999999999886,0,0,0,0,0,0,1,0,0,0,0,1,0,1
2025-JKFWI,0,0,0,1,0,0,0,1,1,1,13,99.0,1301.7,1,1.130769230769232,0,1,0,0,0,1,1,0,0,0,0,0,1,1
4078-SAYYN,0,0,0,1,0,0,1,0,1,1,11,100.75,1129.75,1,1.9545454545454533,1,0,0,0,0,1,1,0,0,0,0,1,0,1
9940-HPQPG,0,1,0,0,1,1,1,0,0,0,9,91.75,865.8,3,4.449999999999989,1,0,0,0,0,1,1,0,0,0,0,0,0,1
6618-RYATB,0,0,0,1,0,0,1,0,0,0,1,79.55,79.55,1,0.0,0,0,0,0,0,1,1,0,0,0,0,0,1,1
9079-YEXQJ,0,0,0,0,0,1,1,1,1,1,54,111.1,6014.85,3,0.28611111111112564,0,0,0,1,0,1,1,0,0,0,0,1,0,1
2685-SREOM,0,1,0,1,0,0,1,0,0,1,25,89.1,2368.4,1,5.63600000000001,0,0,1,0,0,1,1,0,0,0,0,1,0,1
0402-CQAJN,0,0,0,1,0,1,1,0,1,1,37,101.9,3545.35,2,6.079729729729735,0,0,1,0,0,1,1,0,0,0,0,0,0,1
6692-UDPJC,0,1,1,1,0,0,0,1,1,0,14,91.65,1301.0,1,1.278571428571425,0,1,0,0,0,1,1,0,0,0,0,1,0,1
1273-MTETI,1,0,0,1,0,0,1,0,0,1,4,88.85,372.45,1,4.262500000000003,0,0,0,0,0,1,1,0,0,0,0,1,0,1
5480-HPRRX,1,0,0,0,0,0,0,0,0,0,3,25.3,77.75,0,0.6166666666666671,0,0,0,0,1,0,0,0,0,0,0,1,0,1
0295-PPHDO,0,0,0,1,0,0,0,0,1,1,1,95.45,95.45,0,0.0,0,0,0,0,0,1,1,0,0,0,0,1,0,1
1195-OIYEJ,0,0,0,1,0,0,0,0,1,1,13,91.1,1135.7,0,3.738461538461536,0,1,0,0,0,0,1,0,0,0,0,1,0,1
5906-CVLHP,0,1,0,1,0,1,0,1,0,0,45,54.15,2319.8,2,2.5988888888888866,0,0,1,0,0,0,0,0,1,0,1,0,0,1
4501-EQDRN,0,0,0,0,0,0,0,0,0,0,1,69.7,69.7,0,0.0,0,0,0,0,0,0,1,0,0,0,0,0,0,1
2990-HWIML,0,0,0,1,0,0,0,0,1,1,6,89.5,573.3,0,6.049999999999997,0,0,0,0,0,0,1,0,0,0,0,1,0,1
7384-GHBPI,0,1,0,1,0,0,0,0,0,1,3,35.15,99.75,0,1.8999999999999986,0,0,0,0,1,0,0,0,0,0,0,1,0,1
7603-USHJS,0,0,1,1,0,0,0,0,0,0,12,73.75,871.4,0,1.13333333333334,1,0,0,0,0,1,1,0,0,0,1,0,0,1
7234-FECYN,1,0,0,0,0,0,1,0,1,1,8,101.35,780.5,1,3.7874999999999943,1,0,0,0,0,1,1,0,0,0,0,1,0,1
5876-HZVZM,0,1,1,0,1,1,0,0,0,0,6,55.9,365.35,2,4.991666666666674,0,0,0,0,0,0,0,0,0,0,1,0,0,1
1400-MMYXY,1,1,0,1,0,1,1,0,1,1,3,105.9,334.65,2,5.6499999999999915,0,0,0,0,0,1,1,0,0,0,0,1,0,1
3085-QUOZK,0,0,0,0,0,0,0,0,0,0,1,43.95,43.95,0,0.0,0,0,0,0,0,0,0,0,0,0,0,0,1,1
3926-CUQZX,0,0,0,1,0,0,0,0,0,0,1,45.1,45.1,0,0.0,0,0,0,0,0,0,0,0,0,0,0,0,0,1
1041-RXHRA,0,0,0,0,0,0,0,0,0,0,41,70.25,2868.05,0,0.2975609756097555,0,0,1,0,0,0,1,0,0,0,0,0,0,1
1750-CSKKM,0,0,1,0,0,0,0,0,1,0,9,55.35,449.75,0,5.37777777777778,1,0,0,0,0,0,0,0,0,0,0,1,0,1
7142-HVGBG,1,1,0,1,0,1,1,0,1,1,43,103.0,4414.3,2,0.34186046511626955,0,0,1,0,0,1,1,0,0,0,0,1,0,1
8267-ZNYVZ,0,1,0,1,1,0,1,1,1,1,33,103.75,3361.05,3,1.8999999999999915,0,0,1,0,0,0,1,0,1,0,0,1,0,1
6457-GIRWB,0,0,0,1,0,0,0,0,0,0,1,69.35,69.35,0,0.0,0,0,0,0,0,0,1,0,0,0,0,1,0,1
1450-SKCVI,0,0,0,1,0,1,0,0,0,0,56,73.85,4092.85,1,0.763392857142847,0,0,0,1,0,0,1,0,0,0,0,1,0,1
5570-PTWEH,0,1,0,1,0,0,0,0,0,0,3,75.15,216.75,0,2.9000000000000057,0,0,0,0,0,1,1,0,0,0,1,0,0,1
6502-MJQAE,0,0,0,1,0,0,0,0,0,0,1,69.6,69.6,0,0.0,0,0,0,0,0,0,1,0,0,0,0,1,0,1
7693-LCKZL,0,1,1,1,0,1,0,0,0,0,5,80.15,385.0,1,3.1500000000000057,0,0,0,0,0,1,1,0,0,0,0,1,0,1
0032-PGELS,0,1,1,0,1,0,0,0,0,0,1,30.5,30.5,1,0.0,0,0,0,0,1,0,0,0,0,0,0,0,0,1
6797-LNAQX,0,1,0,0,0,1,0,0,1,1,70,98.3,6859.5,1,0.30714285714284983,0,0,0,1,0,1,1,0,0,1,0,0,0,1
6394-MFYNG,0,0,0,1,0,1,1,0,1,1,48,107.4,5121.3,2,0.7062499999999972,0,0,1,0,0,1,1,0,0,0,0,0,0,1
1564-NTYXF,1,0,0,1,0,0,0,0,0,1,13,82.0,1127.2,0,4.707692307692312,0,1,0,0,0,1,1,0,0,0,0,1,0,1
8155-IBNHG,0,1,0,1,0,0,0,0,0,0,24,75.4,1747.85,0,2.5729166666666714,0,1,0,0,0,1,1,0,0,0,1,0,0,1
0886-QGENL,1,1,0,1,1,0,1,0,1,1,27,101.25,2754.45,2,0.7666666666666657,0,0,1,0,0,0,1,0,0,0,0,1,0,1
8739-WWKDU,1,0,0,1,0,1,0,0,1,0,25,89.5,2196.15,1,1.6539999999999964,0,0,1,0,0,1,1,0,0,0,0,1,0,1
8685-WHQPW,1,0,0,1,0,0,0,0,0,0,22,74.4,1692.6,0,2.5363636363636317,0,1,0,0,0,1,1,0,0,0,0,0,0,1
4745-LSPLO,0,0,0,0,0,0,0,0,0,0,1,20.5,20.5,0,0.0,0,0,0,0,0,0,0,1,0,0,0,0,1,1
8083-YTZES,0,0,0,1,0,0,0,0,0,0,4,74.35,265.35,0,8.012499999999989,0,0,0,0,0,1,1,0,0,0,0,1,0,1
7240-FQLHE,1,1,0,0,0,0,0,1,1,1,18,99.75,1836.25,1,2.2638888888888857,0,1,0,0,0,1,1,0,0,0,0,0,0,1
6664-FPDAC,1,0,0,1,0,1,1,1,1,1,56,111.95,6418.9,3,2.6732142857142804,0,0,0,1,0,1,1,0,1,0,0,1,0,1
0786-VSSUD,1,0,0,1,0,1,0,0,1,0,16,39.0,679.85,1,3.4906250000000014,0,1,0,0,1,0,0,0,0,0,0,0,1,1
3976-BWUCK,0,1,0,1,0,1,0,1,1,0,30,94.1,2804.45,2,0.6183333333333394,0,0,1,0,0,1,1,0,0,0,1,0,0,1
3585-ISXZP,0,0,0,0,0,0,0,0,1,1,8,95.65,778.1,0,1.6124999999999972,1,0,0,0,0,1,1,0,0,0,0,0,0,1
6583-QGCSI,1,1,0,1,0,1,0,0,1,0,50,88.05,4367.35,1,0.7029999999999887,0,0,0,1,0,1,1,0,0,0,0,1,0,1
4174-LPGTI,0,1,0,1,0,1,0,1,0,1,41,66.5,2728.6,2,0.051219512195118,0,0,1,0,0,0,0,0,1,0,0,0,0,1
2108-XWMPY,0,0,0,1,1,1,0,0,0,0,3,35.45,106.85,2,0.1666666666666643,0,0,0,0,1,0,0,0,0,0,0,0,1,1
6304-IJFSQ,0,0,0,1,0,1,0,0,0,0,3,49.9,130.1,1,6.533333333333331,0,0,0,0,0,0,0,0,0,0,0,0,1,1
0093-XWZFY,0,0,0,1,0,1,1,0,1,1,40,104.5,4036.85,2,3.5787499999999994,0,0,1,0,0,1,1,0,0,0,1,0,0,1
1980-KXVPM,1,0,0,1,0,0,0,0,0,0,3,75.05,256.25,0,10.366666666666674,0,0,0,0,0,1,1,0,0,0,1,0,0,1
7703-ZEKEF,0,0,0,1,0,0,1,0,0,0,23,81.0,1917.1,1,2.3521739130434725,0,1,0,0,0,1,1,0,0,0,0,1,0,1
0723-DRCLG,1,1,0,1,0,0,0,0,0,0,1,74.45,74.45,0,0.0,0,0,0,0,0,1,1,0,0,0,0,1,0,1
5482-NUPNA,0,0,0,1,1,1,0,1,0,0,4,60.4,272.15,3,7.637499999999996,0,0,0,0,0,0,0,0,0,0,0,0,1,1
1122-JWTJW,0,1,1,1,0,0,0,0,0,0,1,70.65,70.65,0,0.0,0,0,0,0,0,0,1,0,0,0,0,0,1,1
1699-HPSBG,0,0,0,1,0,0,0,1,1,0,12,59.8,727.8,1,0.8500000000000014,1,0,0,0,0,0,0,0,1,0,0,1,0,1
8775-CEBBJ,0,0,0,1,0,0,0,0,0,0,9,44.2,403.35,0,0.6166666666666671,1,0,0,0,0,0,0,0,0,0,0,0,0,1
6894-LFHLY,1,0,0,1,0,0,0,0,0,0,1,75.75,75.75,0,0.0,0,0,0,0,0,1,1,0,0,0,0,1,0,1
0639-TSIQW,0,0,0,1,1,1,1,0,1,0,67,102.95,6886.25,3,0.1701492537313527,0,0,0,1,0,1,1,0,0,0,1,0,0,1
8361-LTMKD,1,1,0,1,0,0,0,0,0,0,4,74.4,306.6,0,2.25,0,0,0,0,0,1,1,0,0,0,0,0,1,1
7590-VHVEG,0,1,0,1,0,1,0,0,0,0,1,29.85,29.85,1,0.0,0,0,0,0,1,0,0,0,0,0,0,1,0,0
5575-GNVDE,0,0,0,0,1,0,1,0,0,0,34,56.95,1889.5,2,1.3764705882352999,0,0,1,0,0,0,0,0,1,0,0,0,1,0
7795-CFOCW,0,0,0,0,1,0,1,1,0,0,45,42.3,1840.75,3,1.3944444444444386,0,0,1,0,1,0,0,0,1,0,0,0,0,0
1452-KIOVK,0,0,1,1,0,1,0,0,1,0,22,89.1,1949.4,1,0.49090909090908497,0,1,0,0,0,1,1,0,0,0,1,0,0,0
6713-OKOMC,0,0,0,0,1,0,0,0,0,0,10,29.75,301.9,1,0.4399999999999977,1,0,0,0,1,0,0,0,0,0,0,0,1,0
6388-TABGU,0,0,0,0,1,1,0,0,0,0,62,56.15,3487.95,2,0.10725806451613096,0,0,0,1,0,0,0,0,1,0,0,0,0,0
9763-GRSKD,0,1,1,1,1,0,0,0,0,0,13,49.95,587.45,1,4.761538461538464,0,1,0,0,0,0,0,0,0,0,0,0,1,0
7469-LKBCI,0,0,0,0,0,0,0,0,0,0,16,18.95,326.8,0,1.4750000000000014,0,1,0,0,0,0,0,1,0,1,1,0,0,0
8091-TTVAX,0,1,0,0,0,0,1,0,1,1,58,100.35,5681.1,1,2.3999999999999915,0,0,0,1,0,1,1,0,1,0,1,0,0,0
5129-JLPIS,0,0,0,1,1,0,1,1,1,1,25,105.5,2686.05,3,1.9420000000000073,0,0,1,0,0,0,1,0,0,0,0,1,0,0
3655-SNQYZ,0,1,0,0,1,1,1,1,1,1,69,113.25,7895.15,4,1.1724637681159322,0,0,0,1,0,1,1,0,0,1,1,0,0,0
8191-XWSZG,0,0,0,0,0,0,0,0,0,0,52,20.65,1022.95,0,0.9778846153846139,0,0,0,1,0,0,0,1,1,0,0,0,1,0
9959-WOFKT,0,0,0,0,1,0,1,0,1,1,71,106.7,7382.25,2,2.7246478873239397,0,0,0,1,0,1,1,0,0,1,0,0,0,0
4183-MYFRB,0,0,0,1,0,1,1,0,0,1,21,90.05,1862.9,2,1.3404761904761813,0,1,0,0,0,0,1,0,0,0,0,1,0,0
1680-VDCWW,0,1,0,0,0,0,0,0,0,0,12,19.8,202.25,0,2.945833333333333,1,0,0,0,0,0,0,1,1,0,0,0,0,0
3638-WEABW,0,1,0,1,0,1,0,1,0,0,58,59.9,3505.1,2,0.5327586206896555,0,0,0,1,0,1,0,0,0,1,1,0,0,0
6322-HRPFA,0,1,1,0,1,1,0,1,0,0,49,59.6,2970.3,3,1.0183673469387813,0,0,0,1,0,0,0,0,0,0,1,0,0,0
6865-JZNKO,0,0,0,1,1,1,0,0,0,0,30,55.3,1530.6,2,4.280000000000001,0,0,1,0,0,0,0,0,0,0,0,0,0,0
5248-YGIJN,0,1,0,1,1,1,1,1,1,1,72,90.25,6369.45,4,1.7854166666666629,0,0,0,1,0,1,0,0,0,1,1,0,0,0
3841-NFECX,1,1,0,1,1,1,1,1,0,0,71,96.35,6766.95,4,1.0408450704225345,0,0,0,1,0,1,1,0,0,1,1,0,0,0
4929-XIHVW,1,1,0,1,0,0,1,0,1,1,2,95.5,181.65,1,4.674999999999997,0,0,0,0,0,0,1,0,0,0,1,0,0,0
6827-IEAUQ,0,1,0,0,1,1,1,1,0,0,27,66.15,1874.45,4,3.274074074074065,0,0,1,0,0,0,0,0,1,0,0,0,1,0
7310-EGVHZ,0,0,0,0,0,0,0,0,0,0,1,20.2,20.2,0,0.0,0,0,0,0,0,0,0,1,0,0,0,0,0,0
3413-BMNZE,1,0,0,0,0,0,0,0,0,0,1,45.25,45.25,0,0.0,0,0,0,0,0,0,0,0,0,0,0,0,0,0
6234-RAAPL,0,1,0,0,1,1,0,1,1,0,72,99.9,7251.7,3,0.8180555555555458,0,0,0,1,0,1,1,0,0,1,0,0,0,0
6572-ADKRS,0,0,0,1,0,0,1,0,0,0,46,74.8,3548.3,1,2.3369565217391397,0,0,1,0,0,0,1,0,0,0,1,0,0,0
8865-TNMNX,0,1,0,0,0,1,0,0,0,0,10,49.55,475.7,1,1.9799999999999969,1,0,0,0,0,0,0,0,1,0,0,0,1,0
9489-DEDVP,0,1,0,1,1,1,0,0,1,0,70,69.2,4872.35,2,0.40500000000000114,0,0,0,1,0,1,0,0,0,1,1,0,0,0
9867-JCZSP,0,1,0,0,0,0,0,0,0,0,17,20.75,418.25,0,3.852941176470587,0,1,0,0,0,0,0,1,1,0,0,0,1,0
4671-VJLCL,0,0,0,1,1,1,1,1,1,0,63,79.85,4861.45,4,2.6841269841269764,0,0,0,1,0,1,0,0,0,1,1,0,0,0
4080-IIARD,0,1,0,1,1,1,0,1,1,0,13,76.2,981.45,3,0.7038461538461576,0,1,0,0,0,1,0,0,0,0,0,1,0,0
3714-NTNFO,0,0,0,1,0,0,0,0,0,1,49,84.5,3906.7,0,4.771428571428572,0,0,0,1,0,1,1,0,0,0,0,1,0,0
5948-UJZLF,0,0,0,0,0,1,0,0,0,0,2,49.25,97.0,1,0.75,0,0,0,0,0,0,0,0,0,0,0,0,1,0
7639-LIAYI,0,0,0,1,1,0,0,1,1,1,52,79.75,4217.8,2,1.3615384615384585,0,0,0,1,0,1,0,0,0,1,1,0,0,0
2954-PIBKO,0,1,0,1,1,0,1,1,0,0,69,64.15,4254.1,3,2.496376811594203,0,0,0,1,0,1,0,0,0,1,1,0,0,0
8012-SOUDQ,1,0,0,1,0,1,0,0,1,0,43,90.25,3838.75,1,0.9767441860465169,0,0,1,0,0,1,1,0,0,0,0,1,0,0
6575-SUVOI,1,1,0,1,1,0,0,1,1,0,25,69.5,1752.65,2,0.6060000000000088,0,0,1,0,0,1,0,0,0,0,1,0,0,0
4667-QONEA,1,1,0,1,1,1,1,1,0,1,60,74.85,4456.35,4,0.5774999999999864,0,0,0,1,0,0,0,0,1,0,1,0,0,0
8769-KKTPH,0,1,0,1,1,0,0,0,1,1,63,99.65,6311.2,1,0.5277777777777715,0,0,0,1,0,1,1,0,1,0,1,0,0,0
5067-XJQFU,1,1,0,1,0,1,1,1,1,1,66,108.45,7076.35,3,1.2325757575757592,0,0,0,1,0,1,1,0,1,0,0,1,0,0
3957-SQXML,0,1,0,0,0,0,0,0,0,0,34,24.95,894.3,0,1.352941176470587,0,0,1,0,0,1,0,1,0,1,1,0,0,0
5954-BDFSG,0,0,0,1,0,0,1,1,1,1,72,107.5,7853.7,2,1.5791666666666657,0,0,0,1,0,1,1,0,0,1,1,0,0,0
0434-CSFON,0,1,0,1,0,0,1,0,1,1,47,100.5,4707.1,1,0.3489361702127525,0,0,1,0,0,1,1,0,0,0,0,1,0,0
1215-FIGMP,0,0,0,1,0,1,0,0,1,0,60,89.9,5450.7,1,0.9449999999999932,0,0,0,1,0,1,1,0,0,0,0,0,0,0
0526-SXDJP,0,1,0,0,1,1,1,0,0,0,72,42.1,2962.0,3,0.9611111111111157,0,0,0,1,1,0,0,0,0,1,0,0,0,0
0557-ASKVU,0,1,0,1,0,0,1,1,0,0,18,54.4,957.1,2,1.2277777777777743,0,1,0,0,0,0,0,0,1,0,1,0,0,0
5122-CYFXA,0,0,0,1,0,1,0,1,1,1,3,75.3,244.1,2,6.066666666666663,0,0,0,0,0,0,0,0,0,0,0,1,0,0
8627-ZYGSZ,0,1,0,1,0,1,0,0,0,0,47,78.9,3650.35,1,1.2329787234042584,0,0,1,0,0,1,1,0,1,0,0,1,0,0
3410-YOQBQ,0,0,0,0,0,1,1,1,1,1,31,79.2,2497.2,3,1.3548387096774093,0,0,1,0,0,0,0,0,0,1,0,0,1,0
3170-NMYVV,0,1,0,0,0,0,0,0,0,0,50,20.15,930.9,0,1.532,0,0,0,1,0,0,0,1,0,1,0,0,0,0
7410-OIEDU,0,0,0,1,1,0,1,0,0,0,10,79.85,887.35,2,8.885000000000005,1,0,0,0,0,0,1,0,0,0,0,0,1,0
2273-QCKXA,0,0,0,0,0,0,0,1,0,0,1,49.05,49.05,1,0.0,0,0,0,0,0,0,0,0,0,0,0,0,1,0
0731-EBJQB,0,1,0,1,0,0,0,0,0,0,52,20.4,1090.65,0,0.5740384615384642,0,0,0,1,0,0,0,1,1,0,0,1,0,0
1891-QRQSA,1,1,0,1,1,0,1,1,1,1,64,111.6,7099.0,3,0.6781249999999943,0,0,0,1,0,1,1,0,0,1,0,0,0,0
8028-PNXHQ,0,1,0,1,0,0,0,0,0,0,62,24.25,1424.6,0,1.272580645161291,0,0,0,1,0,1,0,1,0,1,0,0,0,0
5630-AHZIL,0,0,1,1,1,0,0,1,0,1,3,64.5,177.4,2,5.366666666666667,0,0,0,0,0,0,0,0,0,0,0,0,0,0
2673-CXQEU,1,0,0,0,1,1,1,0,1,1,56,110.5,6139.5,3,0.8660714285714306,0,0,0,1,0,1,1,0,1,0,0,1,0,0
6416-JNVRK,0,0,0,0,0,0,0,0,0,1,46,55.65,2688.85,0,2.8032608695652144,0,0,1,0,0,0,0,0,1,0,1,0,0,0
5590-ZSKRV,0,1,1,0,1,1,0,0,0,0,8,54.65,482.25,2,5.631250000000001,1,0,0,0,0,0,0,0,0,0,0,0,1,0
0191-ZHSKZ,1,0,0,1,1,1,0,0,1,1,30,74.75,2111.3,2,4.373333333333321,0,0,1,0,0,0,0,0,0,0,0,1,0,0
3887-PBQAO,0,1,0,1,0,0,0,0,0,0,45,25.9,1216.6,0,1.1355555555555554,0,0,1,0,0,1,0,1,1,0,1,0,0,0
8108-UXRQN,0,1,1,0,1,0,0,0,1,1,11,50.55,565.35,1,0.845454545454551,1,0,0,0,1,0,0,0,0,0,0,1,0,0
9919-YLNNG,0,0,0,1,0,1,1,1,1,1,42,103.8,4327.5,3,0.7642857142857054,0,0,1,0,0,0,1,0,0,0,0,0,0,0
0318-ZOPWS,0,1,0,1,0,0,0,0,0,0,49,20.15,973.35,0,0.2857142857142847,0,0,0,1,0,0,0,1,0,1,0,0,0,0
4445-ZJNMU,0,0,0,1,0,1,0,0,1,1,9,99.3,918.75,1,2.7833333333333314,1,0,0,0,0,1,1,0,0,0,1,0,0,0
4808-YNLEU,0,1,0,1,1,0,0,0,1,0,35,62.15,2215.45,1,1.1485714285714224,0,0,1,0,0,0,0,0,1,0,0,0,0,0
1862-QRWPE,0,1,0,0,0,0,0,0,0,0,48,20.65,1057.0,0,1.3708333333333336,0,0,1,0,0,0,0,1,0,1,0,0,0,0
2796-NNUFI,0,1,0,1,0,0,0,0,0,0,46,19.95,927.1,0,0.20434782608695912,0,0,1,0,0,0,0,1,0,1,0,0,1,0
3016-KSVCP,0,1,0,0,0,0,0,0,1,0,29,33.75,1009.25,0,1.051724137931032,0,0,1,0,1,0,0,0,0,0,0,0,1,0
4767-HZZHQ,0,1,1,0,0,1,1,0,0,0,30,82.05,2570.2,2,3.623333333333335,0,0,1,0,0,0,1,0,0,0,0,0,0,0
2424-WVHPL,1,0,0,0,0,0,0,1,0,0,1,74.7,74.7,1,0.0,0,0,0,0,0,0,1,0,0,0,0,1,0,0
7233-PAHHL,0,1,0,1,1,0,1,1,1,1,66,84.0,5714.25,3,2.5795454545454533,0,0,0,1,0,1,0,0,0,1,0,0,1,0
6067-NGCEU,0,0,0,1,1,1,1,0,1,1,65,111.05,7107.0,3,1.7115384615384528,0,0,0,1,0,1,1,0,0,0,1,0,0,0
9848-JQJTX,0,0,0,1,0,1,1,0,1,1,72,100.9,7459.05,2,2.697916666666657,0,0,0,1,0,1,1,0,0,1,0,0,0,0
9803-FTJCG,0,1,0,1,1,1,0,1,0,0,71,66.85,4748.7,3,0.0330985915493045,0,0,0,1,0,1,0,0,1,0,1,0,0,0
3212-KXOCR,0,0,0,0,0,0,0,0,0,0,52,21.0,1107.2,0,0.2923076923076948,0,0,0,1,0,0,0,1,0,1,0,0,0,0
6380-ARCEH,0,0,0,0,0,0,0,0,0,0,1,20.2,20.2,0,0.0,0,0,0,0,0,0,0,1,0,0,0,0,1,0
3679-XASPY,0,1,1,0,0,0,0,0,0,0,1,19.45,19.45,0,0.0,0,0,0,0,0,0,0,1,0,0,0,1,0,0
7123-WQUHX,0,0,0,0,0,0,1,1,1,0,38,95.0,3605.6,2,0.11578947368421666,0,0,1,0,0,1,1,0,1,0,0,0,0,0
5386-THSLQ,1,1,0,0,0,1,1,0,1,0,66,45.55,3027.25,2,0.31742424242424505,0,0,0,1,1,0,0,0,1,0,0,0,0,0
6180-YBIQI,0,0,0,0,0,0,0,0,0,0,5,24.3,100.2,0,4.260000000000002,0,0,0,0,1,0,0,0,0,0,0,0,1,0
6728-DKUCO,0,1,0,1,1,1,0,0,1,1,72,104.15,7303.05,2,2.71875,0,0,0,1,0,1,1,0,1,0,0,1,0,0
9750-BOOHV,0,0,0,0,1,0,0,0,0,0,32,30.15,927.65,1,1.1609374999999993,0,0,1,0,1,0,0,0,1,0,0,0,1,0
8597-CWYHH,0,0,0,0,0,0,0,0,1,1,43,94.35,3921.3,0,3.1569767441860392,0,0,1,0,0,1,1,0,1,0,0,0,1,0
2848-YXSMW,0,1,0,0,0,0,0,0,0,0,72,19.4,1363.25,0,0.46597222222222,0,0,0,1,0,0,0,1,0,1,1,0,0,0
4549-ZDQYY,0,0,0,0,1,0,1,1,0,0,52,57.95,3042.25,3,0.5548076923076906,0,0,0,1,0,0,0,0,1,0,1,0,0,0
5712-AHQNN,0,0,0,1,0,1,1,0,1,0,43,91.65,3954.1,2,0.30581395348836793,0,0,1,0,0,0,1,0,0,0,0,1,0,0
5256-SKJGO,0,1,0,1,0,1,0,1,1,1,64,54.6,3423.5,2,1.1078125000000014,0,0,0,1,1,0,0,0,0,1,0,1,0,0
3071-VBYPO,0,1,1,0,1,1,0,0,1,0,3,89.85,248.4,2,7.049999999999997,0,0,0,0,0,0,1,0,0,0,0,1,0,0
9560-BBZXK,0,0,0,0,1,0,0,0,0,0,36,31.05,1126.35,1,0.23749999999999716,0,0,1,0,1,0,0,0,0,1,0,0,0,0
8402-OOOHJ,0,0,0,0,0,0,0,0,0,0,41,20.65,835.15,0,0.2804878048780495,0,0,1,0,0,0,0,1,0,1,0,0,1,0
9445-ZUEQE,0,1,1,1,0,1,0,1,0,0,27,85.2,2151.6,2,5.51111111111112,0,0,1,0,0,1,1,0,0,0,1,0,0,0
1091-SOZGA,0,1,0,1,0,0,1,0,1,1,56,99.8,5515.45,1,1.309821428571425,0,0,0,1,0,1,1,0,1,0,1,0,0,0
2928-HLDBA,0,0,0,0,0,0,0,0,0,0,6,20.7,112.75,0,1.9083333333333314,0,0,0,0,0,0,0,1,0,0,0,0,1,0
6497-TILVL,0,1,1,0,1,0,0,0,0,0,7,50.7,350.35,1,0.6499999999999986,1,0,0,0,0,0,0,0,0,0,0,0,1,0
7219-TLZHO,0,1,1,0,0,0,0,0,0,0,4,20.85,62.9,0,5.125000000000002,0,0,0,0,0,0,0,1,0,0,0,0,1,0
4622-YNKIJ,0,0,0,1,1,0,0,1,1,0,33,88.95,3027.65,2,2.796969696969697,0,0,1,0,0,0,1,0,0,1,0,1,0,0
6734-PSBAW,0,1,0,1,0,0,0,0,0,0,72,23.55,1723.95,0,0.3937500000000007,0,0,0,1,0,1,0,1,0,1,0,0,0,0
3930-ZGWVE,0,0,0,0,0,0,0,0,0,0,1,19.75,19.75,0,0.0,0,0,0,0,0,0,0,1,0,0,0,0,1,0
2639-UGMAZ,1,0,0,1,1,1,0,0,1,1,71,56.45,3985.35,2,0.3183098591549367,0,0,0,1,1,0,0,0,1,0,0,1,0,0
2876-GZYZC,0,0,0,1,0,0,0,0,0,1,13,85.95,1215.65,0,7.561538461538461,0,1,0,0,0,1,1,0,0,0,0,1,0,0
8587-XYZSF,0,0,0,0,0,0,0,1,0,0,67,50.55,3260.1,1,1.8917910447761201,0,0,0,1,0,0,0,0,0,1,0,0,0,0
7799-LGRDP,0,0,0,1,0,0,0,0,0,0,43,25.7,1188.2,0,1.932558139534887,0,0,1,0,0,1,0,1,0,1,1,0,0,0
7850-VWJUU,0,0,0,1,1,0,0,0,0,0,23,75.0,1778.5,1,2.326086956521735,0,1,0,0,0,0,1,0,0,0,0,0,0,0
3774-VBNXY,0,1,0,0,0,0,0,0,0,0,64,20.2,1277.75,0,0.2351562499999993,0,0,0,1,0,0,0,1,0,1,0,0,1,0
6217-KDYWC,0,0,0,1,0,0,0,0,0,0,57,19.6,1170.55,0,0.9359649122806992,0,0,0,1,0,0,0,1,0,1,0,0,1,0
3146-MSEGF,1,1,0,1,1,1,1,1,1,1,72,88.05,6425.65,4,1.1951388888888914,0,0,0,1,0,1,0,0,0,1,1,0,0,0
1095-WGNGG,0,1,0,1,0,1,0,0,1,1,61,101.05,5971.25,1,3.1606557377049143,0,0,0,1,0,1,1,0,0,1,0,0,0,0
2636-SJDOU,0,0,0,1,1,1,0,0,0,0,64,84.3,5289.05,2,1.6585937499999943,0,0,0,1,0,1,1,0,1,0,1,0,0,0
1131-QQZEB,1,1,0,0,0,0,0,0,0,0,71,23.95,1756.2,0,0.7852112676056358,0,0,0,1,0,1,0,1,0,1,0,0,0,0
5716-EZXZN,0,1,0,1,1,1,0,1,1,0,65,99.05,6416.7,3,0.33153846153845734,0,0,0,1,0,1,1,0,0,1,1,0,0,0
6837-BJYDQ,0,0,0,0,0,0,0,0,0,0,3,19.6,61.35,0,0.8499999999999979,0,0,0,0,0,0,0,1,1,0,0,0,1,0
6440-DKQGE,0,0,0,0,0,1,1,0,1,0,30,64.5,1929.95,2,0.16833333333333655,0,0,1,0,0,0,0,0,1,0,1,0,0,0
3466-BYAVD,0,1,1,1,0,1,1,1,0,1,15,69.5,1071.4,3,1.9266666666666765,0,1,0,0,0,0,0,0,0,0,0,0,1,0
3780-YVMFA,0,1,1,1,0,0,0,1,1,1,8,68.55,564.35,1,1.9937500000000057,1,0,0,0,0,0,0,0,0,0,0,1,0,0
1679-JRFBR,0,1,0,1,1,1,1,0,1,1,70,108.15,7930.55,3,5.14357142857142,0,0,0,1,0,1,1,0,1,0,1,0,0,0
9073-ZZIAY,0,1,0,0,1,1,1,1,1,1,62,86.1,5215.25,4,1.9830645161290334,0,0,0,1,0,0,0,0,0,1,0,1,0,0
3077-RSNTJ,0,1,1,0,0,0,0,0,0,0,6,19.7,113.5,0,0.7833333333333314,0,0,0,0,0,0,0,1,0,0,0,0,1,0
6551-GNYDG,0,1,1,1,0,0,0,0,0,1,14,80.9,1152.8,0,1.442857142857136,0,1,0,0,0,0,1,0,0,0,0,0,0,0
9167-APMXZ,0,0,0,1,0,0,0,0,1,0,22,84.15,1821.95,0,1.3340909090909179,0,1,0,0,0,1,1,0,0,0,0,0,0,0
2749-CTKAJ,0,1,0,0,0,0,0,0,0,0,22,20.15,419.9,0,1.0636363636363626,0,1,0,0,0,0,0,1,1,0,0,0,1,0
6371-NZYEG,0,1,0,0,1,0,1,0,1,0,16,64.25,1024.0,2,0.25,0,1,0,0,0,0,0,0,0,1,0,0,1,0
7554-NEWDD,0,0,0,0,0,0,0,0,0,0,10,25.7,251.6,0,0.5399999999999991,1,0,0,0,0,1,0,1,0,1,0,0,0,0
8992-VONJD,0,0,1,1,1,1,0,0,0,0,13,56.0,764.55,2,2.8115384615384613,0,1,0,0,0,0,0,0,0,0,0,1,0,0
4482-EWFMI,0,0,0,1,0,0,0,0,0,0,2,69.7,135.2,0,2.1000000000000085,0,0,0,0,0,0,1,0,0,0,0,1,0,0
4648-YPBTM,0,0,0,1,0,1,1,1,0,1,53,73.9,3958.25,3,0.7839622641509436,0,0,0,1,0,1,0,0,0,1,0,0,0,0
2907-ILJBN,0,1,0,0,0,0,0,0,0,0,11,20.6,233.9,0,0.663636363636364,1,0,0,0,0,0,0,1,1,0,0,0,1,0
6345-FZOQH,0,1,0,0,0,0,0,0,0,0,69,19.9,1363.45,0,0.13985507246376727,0,0,0,1,0,0,0,1,0,1,0,0,1,0
5997-OPVFA,0,1,0,1,1,1,1,1,1,1,72,89.05,6254.45,4,2.1826388888888886,0,0,0,1,0,1,0,0,0,1,0,0,0,0
1159-WFSGR,0,1,1,0,0,0,0,0,0,0,16,20.4,321.4,0,0.3125,0,1,0,0,0,0,0,1,0,0,0,1,0,0
7654-YWJUF,0,1,0,1,1,0,1,1,0,0,43,84.25,3539.25,3,1.941860465116278,0,0,1,0,0,0,1,0,1,0,0,0,0,0
6727-IOTLZ,0,1,0,0,0,1,1,1,1,1,14,81.95,1181.75,3,2.460714285714289,0,1,0,0,0,0,0,0,0,1,0,0,1,0
5918-VUKWP,0,0,0,0,0,0,0,0,0,0,32,20.55,654.55,0,0.09531250000000213,0,0,1,0,0,0,0,1,1,0,0,0,0,0
1744-JHKYS,0,1,0,0,0,0,0,0,0,0,34,24.7,780.2,0,1.7529411764705856,0,0,1,0,0,1,0,1,0,0,0,1,0,0
5947-SGKCL,0,1,1,1,0,1,1,0,1,1,15,105.35,1559.25,2,1.3999999999999915,0,1,0,0,0,1,1,0,0,0,0,0,0,0
3712-PKXZA,0,1,0,1,0,0,0,0,0,0,61,20.55,1252.0,0,0.0254098360655739,0,0,0,1,0,0,0,1,1,0,1,0,0,0
6582-OIVSP,0,0,0,0,0,0,0,0,0,0,1,45.3,45.3,0,0.0,0,0,0,0,0,0,0,0,0,0,0,0,1,0
5524-KHNJP,0,1,0,0,1,0,1,0,1,1,33,74.75,2453.3,2,0.40757575757575637,0,0,1,0,0,0,0,0,1,0,1,0,0,0
4827-USJHP,0,0,0,1,0,1,0,0,0,0,20,51.8,1023.85,1,0.6074999999999946,0,1,0,0,0,0,0,0,0,0,0,0,1,0
8167-GJLRN,0,0,0,0,0,0,0,1,0,0,3,30.4,82.15,1,3.016666666666662,0,0,0,0,1,0,0,0,0,0,0,1,0,0
0956-SYCWG,0,0,0,0,0,0,0,0,0,0,13,19.65,244.8,0,0.8192307692307672,0,1,0,0,0,0,0,1,1,0,0,1,0,0
8017-UVSZU,0,1,0,0,0,1,0,0,0,0,40,56.6,2379.1,1,2.8774999999999977,0,0,1,0,0,1,0,0,0,0,1,0,0,0
7100-FQPRV,0,1,0,1,1,0,0,1,0,1,43,71.9,3173.35,2,1.8988372093023145,0,0,1,0,0,1,0,0,1,0,1,0,0,0
2984-RGEYA,0,1,0,0,0,0,0,0,0,0,69,19.75,1375.4,0,0.18333333333333357,0,0,0,1,0,0,0,1,0,1,0,0,0,0
9680-NIAUV,0,1,0,0,1,1,1,0,1,1,72,109.7,8129.3,3,3.2069444444444457,0,0,0,1,0,1,1,0,0,1,1,0,0,0
2146-EGVDT,0,1,0,0,0,0,0,0,0,0,59,19.3,1192.7,0,0.9152542372881349,0,0,0,1,0,0,0,1,0,1,1,0,0,0
2604-IJPDU,0,1,0,1,1,1,0,1,1,0,20,96.55,1901.65,3,1.467499999999987,0,1,0,0,0,0,1,0,0,0,0,1,0,0
9178-JHUVJ,0,1,1,1,0,0,0,0,0,0,24,24.1,587.4,0,0.37499999999999645,0,1,0,0,0,1,0,1,0,1,0,0,0,0
6168-YBYNP,0,0,0,1,0,1,1,1,1,1,59,111.35,6519.75,3,0.8457627118643956,0,0,0,1,0,1,1,0,0,0,0,1,0,0
7255-SSFBC,0,1,1,1,0,1,1,1,1,1,72,112.25,8041.65,3,0.5604166666666686,0,0,0,1,0,1,1,0,0,1,0,0,0,0
3645-DEYGF,0,0,1,0,0,0,0,0,0,0,1,20.75,20.75,0,0.0,0,0,0,0,0,0,0,1,0,0,0,0,1,0
9323-HGFWY,0,1,0,1,1,0,0,1,1,1,27,101.9,2681.15,2,2.598148148148155,0,0,1,0,0,0,1,0,1,0,1,0,0,0
8544-GOQSH,0,0,0,1,0,1,0,1,0,0,14,80.05,1112.3,2,0.5999999999999943,0,1,0,0,0,0,1,0,0,0,1,0,0,0
3363-DTIVD,0,1,1,0,1,0,1,0,1,1,71,105.55,7405.5,2,1.2471830985915489,0,0,0,1,0,1,1,0,0,1,0,1,0,0
7018-WBJNK,0,0,1,1,0,0,0,0,1,0,13,78.3,1033.95,0,1.2346153846153953,0,1,0,0,0,0,1,0,0,0,1,0,0,0
9142-KZXOP,0,0,0,0,0,0,0,0,0,0,44,68.85,2958.95,0,1.601136363636357,0,0,1,0,0,0,1,0,0,0,1,0,0,0
7674-YTAFD,0,0,0,1,0,1,0,1,0,0,33,79.95,2684.85,2,1.4090909090909065,0,0,1,0,0,0,1,0,1,0,0,0,0,0
6348-SNFUS,0,1,0,1,1,1,1,1,0,1,72,55.45,4179.2,4,2.5944444444444414,0,0,0,1,1,0,0,0,0,1,1,0,0,0
1347-KTTTA,0,1,0,1,0,1,1,1,1,1,64,102.45,6654.1,3,1.5203125000000028,0,0,0,1,0,0,1,0,1,0,1,0,0,0
4195-NZGTA,0,0,0,0,0,0,0,0,0,0,1,25.25,25.25,0,0.0,0,0,0,0,1,0,0,0,0,0,0,1,0,0
7157-SMCFK,0,0,1,0,0,0,0,0,0,0,61,19.75,1124.2,0,1.3204918032786885,0,0,0,1,0,0,0,1,0,1,0,0,1,0
4709-LKHYG,0,1,0,0,0,0,0,0,0,0,29,20.0,540.05,0,1.3775862068965523,0,0,1,0,0,0,0,1,1,0,0,1,0,0
2504-DSHIH,1,1,0,0,0,0,0,0,0,1,23,86.8,1975.85,0,0.8934782608695713,0,1,0,0,0,1,1,0,0,0,0,1,0,0
0699-NDKJM,0,1,0,1,1,1,1,0,1,1,57,58.75,3437.45,3,1.5561403508771932,0,0,0,1,1,0,0,0,0,0,0,0,0,0
9286-BHDQG,0,1,0,0,1,1,1,1,0,0,72,45.25,3139.8,4,1.6416666666666657,0,0,0,1,1,0,0,0,0,1,1,0,0,0
0230-WEQUW,0,1,0,1,1,1,1,1,1,0,66,56.6,3789.2,4,0.8121212121212054,0,0,0,1,1,0,0,0,0,1,0,0,0,0
2040-LDIWQ,0,1,0,1,0,1,1,1,1,1,65,84.2,5324.5,3,2.2846153846153925,0,0,0,1,0,1,0,0,0,1,0,0,0,0
6496-JDSSB,0,0,0,1,0,0,0,0,1,0,8,80.0,624.6,0,1.9249999999999972,1,0,0,0,0,0,1,0,0,0,0,0,0,0
4443-EMBNA,0,1,0,0,0,0,0,0,0,0,71,24.75,1836.9,0,1.1218309859154942,0,0,0,1,0,1,0,1,0,1,0,0,0,0
6469-MRVET,0,1,0,1,0,0,0,0,0,0,1,20.2,20.2,0,0.0,0,0,0,0,0,0,0,1,1,0,0,1,0,0
5961-VUSRV,0,0,0,1,0,0,0,0,0,0,12,19.35,219.35,0,1.0708333333333364,1,0,0,0,0,0,0,1,1,0,0,0,0,0
6778-JFCMK,0,0,0,1,1,0,0,0,1,1,24,50.6,1288.75,1,3.097916666666663,0,1,0,0,1,0,0,0,1,0,0,0,1,0
6341-JVQGF,0,1,0,1,1,0,1,1,1,1,31,81.15,2545.75,3,0.9709677419354819,0,0,1,0,0,0,0,0,1,0,0,0,1,0
4811-JBUVU,0,0,0,1,0,0,0,1,0,1,30,89.9,2723.15,1,0.8716666666666697,0,0,1,0,0,1,1,0,0,0,1,0,0,0
0945-TSONX,0,1,0,1,1,1,0,1,1,1,47,85.3,4107.25,3,2.0882978723404335,0,0,1,0,0,1,0,0,0,1,1,0,0,0
2651-ZCBXV,0,0,0,1,1,1,0,1,1,1,54,108.0,5760.65,3,1.3212962962962962,0,0,0,1,0,1,1,0,0,1,1,0,0,0
3316-UWXUY,0,0,0,1,1,1,0,1,0,1,50,93.5,4747.5,3,1.4500000000000028,0,0,0,1,0,0,1,0,0,0,1,0,0,0
7083-MIOPC,0,0,0,0,0,0,0,0,0,0,72,20.25,1566.9,0,1.5125000000000028,0,0,0,1,0,0,0,1,0,1,1,0,0,0
1984-GPTEH,0,0,0,0,0,0,0,0,0,0,29,25.15,702.0,0,0.9431034482758598,0,0,1,0,0,1,0,1,0,0,0,1,0,0
0621-JFHOL,0,0,0,1,0,0,0,1,0,0,10,29.6,299.05,1,0.3049999999999997,1,0,0,0,1,0,0,0,0,1,0,0,1,0
9903-LYSAB,0,1,0,1,0,0,0,0,0,0,18,73.15,1305.95,0,0.5972222222222285,0,1,0,0,0,1,1,0,0,0,0,1,0,0
9227-UAQFT,0,0,0,0,0,0,0,0,0,0,16,19.75,284.35,0,1.9781249999999986,0,1,0,0,0,0,0,1,0,1,0,0,1,0
7301-ABVAD,0,0,0,0,0,1,1,1,1,1,72,86.6,6350.5,3,1.6013888888888914,0,0,0,1,0,1,0,0,0,1,0,0,0,0
6614-FHDBO,0,0,0,0,0,1,1,1,1,1,72,109.2,7878.3,3,0.22083333333333144,0,0,0,1,0,1,1,0,0,1,0,0,0,0
7576-ASEJU,0,1,0,1,1,0,0,1,1,1,41,74.7,3187.65,2,3.0475609756097555,0,0,1,0,0,0,0,0,1,0,1,0,0,0
9058-HRZSV,1,1,0,0,1,1,1,0,0,1,65,94.4,6126.15,3,0.15153846153847894,0,0,0,1,0,0,1,0,0,0,0,1,0,0
4522-AKYLR,1,0,0,1,0,1,1,0,0,0,13,54.8,731.3,2,1.4538461538461505,0,1,0,0,0,0,0,0,0,0,0,1,0,0
0221-WMXNQ,1,0,0,0,1,0,0,0,0,0,4,75.35,273.4,1,7.0,0,0,0,0,0,0,1,0,0,0,0,1,0,0
0303-UNCIP,0,0,0,0,0,0,1,0,0,1,41,65.0,2531.8,1,3.248780487804872,0,0,1,0,0,1,0,0,1,0,0,0,1,0
0959-WHOKV,0,0,0,1,1,1,1,0,0,1,42,99.0,4298.45,3,3.3440476190476147,0,0,1,0,0,1,1,0,1,0,0,1,0,0
4075-JFPGR,0,1,0,1,1,1,1,0,1,0,51,93.5,4619.55,3,2.920588235294119,0,0,0,1,0,0,1,0,1,0,0,1,0,0
3282-ZISZV,0,0,0,0,0,1,1,1,1,1,32,83.7,2633.3,3,1.4093749999999972,0,0,1,0,0,1,0,0,1,0,1,0,0,0
3675-YDUPJ,0,0,0,1,0,0,0,0,0,0,10,19.85,193.05,0,0.5450000000000017,1,0,0,0,0,0,0,1,0,0,0,0,1,0
4111-BNXIF,0,1,0,1,0,1,1,1,1,1,67,59.55,4103.9,3,1.702238805970147,0,0,0,1,1,0,0,0,0,1,0,1,0,0
7017-VFHAY,0,1,1,0,1,1,1,1,1,1,61,115.1,7008.15,4,0.2122950819672127,0,0,0,1,0,1,1,0,0,1,1,0,0,0
6655-LHBYW,0,0,0,0,1,1,1,1,1,1,50,114.35,5791.1,4,1.4720000000000084,0,0,0,1,0,1,1,0,1,0,1,0,0,0
5046-NUHWD,1,1,0,1,1,0,1,0,0,1,29,45.0,1228.65,2,2.63275862068965,0,0,1,0,1,0,0,0,0,0,0,1,0,0
7529-ZDFXI,1,1,0,1,0,1,0,0,0,1,57,89.85,4925.35,1,3.4403508771929694,0,0,0,1,0,1,1,0,0,0,0,1,0,0
7605-BDWDC,0,0,0,1,1,1,0,1,0,1,31,49.85,1520.1,3,0.8145161290322633,0,0,1,0,1,0,0,0,0,1,0,0,0,0
1950-KSVVJ,0,1,0,0,1,1,1,1,1,1,45,113.3,5032.25,4,1.4722222222222143,0,0,1,0,0,1,1,0,1,0,0,0,1,0
0123-CRBRT,0,1,0,0,1,1,1,1,1,1,61,88.1,5526.75,4,2.502459016393445,0,0,0,1,0,1,0,0,0,1,0,0,1,0
6292-TOSSS,0,0,0,0,0,0,0,0,0,0,50,24.9,1195.25,0,0.9949999999999974,0,0,0,1,0,1,0,1,0,1,0,0,0,0
3197-ARFOY,1,0,0,1,1,1,0,1,1,1,19,105.0,2007.25,3,0.6447368421052602,0,1,0,0,0,0,1,0,0,0,0,0,1,0
7014-ZZXAW,0,1,0,1,0,0,0,0,0,0,71,24.25,1732.95,0,0.15774647887323923,0,0,0,1,0,1,0,1,0,1,1,0,0,0
7633-MVPUY,0,1,0,1,1,1,0,1,0,0,57,59.75,3450.15,3,0.7789473684210577,0,0,0,1,0,0,0,0,0,1,0,1,0,0
4716-HHKQH,1,1,0,0,0,1,0,1,1,1,20,107.05,2172.05,2,1.552500000000009,0,1,0,0,0,1,1,0,0,0,0,1,0,0
3179-GBRWV,1,1,0,1,1,1,0,0,0,1,21,64.95,1339.8,2,1.1500000000000057,0,1,0,0,0,0,0,0,0,0,0,0,0,0
8645-KWHJO,0,0,0,1,0,0,1,1,1,1,14,55.0,771.95,2,0.13928571428571956,0,1,0,0,1,0,0,0,0,0,0,1,0,0
4130-MZLCC,0,0,0,0,0,1,0,0,0,0,5,50.55,244.75,1,1.5999999999999943,0,0,0,0,0,0,0,0,0,0,0,0,0,0
0314-TKOSI,0,0,0,0,1,1,0,0,0,0,6,55.15,322.9,2,1.3333333333333357,0,0,0,0,0,0,0,0,0,0,0,0,1,0
8229-MYEJZ,0,0,0,0,0,1,0,0,0,0,10,51.2,498.25,1,1.375,1,0,0,0,0,0,0,0,0,0,0,1,0,0
2080-SRCDE,0,0,1,0,0,0,0,0,0,0,1,25.4,25.4,0,0.0,0,0,0,0,0,1,0,1,0,0,0,0,1,0
9577-WJVCQ,0,0,0,0,1,0,0,0,0,0,68,54.45,3687.75,1,0.2183823529411768,0,0,0,1,0,1,0,0,0,0,0,0,1,0
6202-DYYFX,0,0,0,1,0,0,0,0,0,0,22,76.0,1783.6,0,5.072727272727263,0,1,0,0,0,1,1,0,1,0,1,0,0,0
3808-HFKDE,0,0,0,1,0,0,0,0,0,0,20,44.35,927.15,0,2.0075000000000003,0,1,0,0,0,0,0,0,0,0,0,1,0,0
3727-OWVYD,0,0,0,0,1,1,1,0,0,0,35,61.2,2021.2,3,3.451428571428572,0,0,1,0,0,0,0,0,1,0,0,0,1,0
2294-SALNE,0,1,0,0,0,1,1,1,0,0,23,86.8,1940.8,3,2.417391304347831,0,1,0,0,0,0,1,0,1,0,0,0,1,0
4847-TAJYI,1,0,0,1,0,0,0,0,1,1,6,89.35,567.8,0,5.283333333333331,0,0,0,0,0,0,1,0,0,0,0,1,0,0
1563-IWQEX,0,0,0,0,0,0,0,0,0,0,12,19.7,220.35,0,1.3374999999999986,1,0,0,0,0,0,0,1,0,0,0,0,1,0
8203-XJZRC,0,0,0,0,0,0,0,0,0,0,1,20.25,20.25,0,0.0,0,0,0,0,0,0,0,1,0,0,0,0,1,0
6556-DBKZF,0,1,1,0,0,0,1,0,0,0,71,76.05,5436.45,1,0.519718309859158,0,0,0,1,0,0,1,0,0,1,0,1,0,0
6851-WEFYX,1,1,0,1,0,0,1,0,1,1,35,100.8,3437.5,1,2.585714285714289,0,0,1,0,0,1,1,0,0,0,0,1,0,0
2985-JUUBZ,0,1,1,1,0,0,1,0,1,1,40,74.55,3015.75,1,0.84375,0,0,1,0,0,1,0,0,0,0,0,1,0,0
0895-LMRSF,0,0,0,1,0,0,0,0,1,1,23,64.9,1509.8,0,0.7434782608695514,0,1,0,0,0,0,0,0,1,0,0,0,0,0
8266-VBFQL,0,0,0,1,0,0,1,1,0,1,4,90.4,356.65,2,1.2375000000000114,0,0,0,0,0,0,1,0,0,0,0,1,0,0
8181-YHCMF,0,1,0,0,0,1,1,1,1,1,68,60.3,4109.0,3,0.12647058823529989,0,0,0,1,1,0,0,0,0,1,1,0,0,0
2240-HSJQD,0,0,1,1,0,1,0,0,0,0,38,81.85,3141.7,1,0.8263157894736821,0,0,1,0,0,1,1,0,0,0,0,0,1,0
1248-DYXUB,0,1,1,0,0,0,0,0,0,0,52,24.8,1229.1,0,1.16346153846154,0,0,0,1,0,1,0,1,0,1,0,0,1,0
4115-BNPJY,0,1,0,0,0,0,1,1,1,1,29,75.55,2054.4,2,4.708620689655163,0,0,1,0,0,0,0,0,0,1,0,0,1,0
3167-SNQPL,1,1,1,0,0,1,0,0,1,1,38,101.15,3741.85,1,2.6802631578947427,0,0,1,0,0,1,1,0,0,0,0,1,0,0
4091-TVOCN,0,0,0,1,1,0,1,0,1,1,48,78.75,3682.45,2,2.0322916666666657,0,0,1,0,0,1,0,0,1,0,1,0,0,0
1098-TDVUQ,0,0,0,1,0,0,0,0,0,0,1,19.25,19.25,0,0.0,0,0,0,0,0,0,0,1,0,0,0,0,0,0
7277-OZCGZ,0,0,0,1,1,0,0,1,0,1,22,89.05,1886.25,2,3.3113636363636374,0,1,0,0,0,0,1,0,0,0,0,1,0,0
1557-EMYVT,0,0,0,0,1,1,1,1,1,1,43,115.05,4895.1,4,1.2104651162790532,0,0,1,0,0,1,1,0,0,1,1,0,0,0
2799-ARNLO,1,1,0,1,0,0,0,0,0,0,5,69.35,341.6,0,1.029999999999987,0,0,0,0,0,0,1,0,0,0,0,1,0,0
5027-YOCXN,0,1,0,0,1,1,0,1,1,1,51,110.05,5686.4,3,1.448039215686265,0,0,0,1,0,1,1,0,1,0,1,0,0,0
3973-SKMLN,0,0,0,1,0,0,0,0,0,0,71,19.9,1355.1,0,0.8140845070422529,0,0,0,1,0,0,0,1,0,1,1,0,0,0
6745-JEFZB,0,1,0,1,0,0,0,1,1,0,35,91.5,3236.35,1,0.9671428571428606,0,0,1,0,0,1,1,0,0,0,1,0,0,0
9880-TDQAC,0,1,0,1,0,1,1,1,1,1,72,60.0,4264.0,3,0.7777777777777786,0,0,0,1,1,0,0,0,0,1,0,1,0,0
8705-WZCYL,0,0,0,1,0,0,0,0,0,0,1,44.8,44.8,0,0.0,0,0,0,0,0,0,0,0,0,0,0,1,0,0
7102-JJVTX,0,1,0,0,1,0,0,0,0,0,9,48.6,422.3,1,1.6777777777777771,1,0,0,0,0,0,0,0,1,0,0,0,1,0
8626-PTQGE,0,0,0,1,1,1,0,1,1,1,69,60.05,4176.7,3,0.4818840579710155,0,0,0,1,1,0,0,0,0,1,0,0,0,0
4983-CLMLV,0,1,0,1,0,1,0,1,1,1,52,102.7,5138.1,2,3.8903846153846047,0,0,0,1,0,1,1,0,0,0,1,0,0,0
5701-YVSVF,1,1,0,1,0,0,0,1,1,0,11,82.9,880.05,1,2.8954545454545553,1,0,0,0,0,0,1,0,0,0,0,1,0,0
5697-GOMBF,1,1,1,1,0,0,0,0,1,0,28,35.9,973.65,0,1.1267857142857167,0,0,1,0,1,0,0,0,0,0,0,1,0,0
2739-CACDQ,1,0,0,1,0,0,1,0,0,0,17,82.65,1470.05,1,3.823529411764696,0,1,0,0,0,1,1,0,0,0,1,0,0,0
9385-EHGDO,0,1,1,1,0,0,0,0,0,0,35,19.85,739.35,0,1.274285714285714,0,0,1,0,0,0,0,1,0,1,0,0,1,0
9498-FIMXL,0,0,0,1,0,0,0,0,0,0,8,19.2,161.95,0,1.0437499999999993,1,0,0,0,0,0,0,1,1,0,0,0,1,0
2379-GYFLQ,0,0,0,1,0,1,1,0,1,0,46,94.9,4422.95,2,1.251086956521732,0,0,1,0,0,1,1,0,1,0,1,0,0,0
2088-IEBAU,0,0,0,1,1,1,1,1,1,1,68,88.15,6148.45,4,2.268382352941174,0,0,0,1,0,1,0,0,0,1,0,1,0,0
7982-VCELR,0,0,0,1,0,1,0,0,1,1,36,94.8,3565.65,1,4.245833333333337,0,0,1,0,0,0,1,0,0,0,1,0,0,0
6035-BXTTY,1,0,0,0,0,1,0,1,0,0,32,54.65,1830.1,2,2.5406249999999986,0,0,1,0,0,0,0,0,0,0,0,0,0,0
6885-PKOAM,0,1,0,0,1,1,1,1,1,1,71,85.75,6223.8,4,1.9091549295774684,0,0,0,1,0,1,0,0,0,1,1,0,0,0
7520-HQWJU,0,1,1,1,1,1,1,0,0,0,66,67.45,4508.65,3,0.8628787878787847,0,0,0,1,0,1,0,0,0,0,0,0,0,0
9639-BUJXT,0,0,0,0,0,0,0,0,0,0,63,20.5,1328.15,0,0.5817460317460323,0,0,0,1,0,0,0,1,1,0,0,0,1,0
5924-SNGKP,0,0,0,1,0,0,0,0,0,0,41,20.25,865.0,0,0.8475609756097562,0,0,1,0,0,0,0,1,1,0,1,0,0,0
0021-IKXGC,1,0,0,1,0,0,0,0,0,0,1,72.1,72.1,0,0.0,0,0,0,0,0,1,1,0,0,0,0,1,0,0
8966-SNIZF,0,1,0,0,0,0,0,0,0,0,70,19.45,1303.5,0,0.8285714285714292,0,0,0,1,0,0,0,1,0,1,0,0,0,0
6243-OZGFH,0,0,0,1,0,0,0,0,1,1,23,44.95,996.85,0,1.608695652173914,0,1,0,0,1,0,0,0,0,0,0,1,0,0
4654-DLAMQ,1,1,0,0,1,1,1,0,0,1,64,97.0,6430.9,3,3.4828124999999943,0,0,0,1,0,0,1,0,1,0,0,0,0,0
0513-RBGPE,0,1,0,1,1,0,1,1,0,0,37,62.8,2278.75,3,1.2121621621621586,0,0,1,0,0,1,0,0,0,1,1,0,0,0
5160-UXJED,0,0,0,0,0,0,0,0,0,0,17,44.6,681.4,0,4.517647058823535,0,1,0,0,0,0,0,0,1,0,0,0,1,0
4115-NZRKS,1,0,0,1,0,0,0,0,1,1,7,89.15,574.35,0,7.1000000000000085,1,0,0,0,0,0,1,0,0,0,0,1,0,0
3351-NGXYI,1,0,0,1,1,0,0,0,0,0,16,54.1,889.0,1,1.4624999999999986,0,1,0,0,0,1,0,0,0,0,0,1,0,0
8984-EYLLL,0,1,0,1,0,1,0,1,1,1,64,105.25,6823.4,2,1.3656249999999943,0,0,0,1,0,1,1,0,0,1,0,1,0,0
9833-TGFHX,0,1,0,0,1,0,0,0,1,1,42,97.1,4016.75,1,1.4630952380952351,0,0,1,0,0,1,1,0,1,0,0,1,0,0
9294-TDIPC,0,0,1,0,0,0,0,0,0,0,5,20.2,83.75,0,3.4499999999999993,0,0,0,0,0,0,0,1,0,0,0,0,1,0
5229-DTFYB,0,0,0,1,0,1,0,1,1,1,41,98.8,3959.15,2,2.2353658536585357,0,0,1,0,0,0,1,0,0,1,0,0,0,0
0104-PPXDV,0,1,0,0,0,0,1,0,0,0,58,50.3,2878.55,1,0.6698275862068925,0,0,0,1,0,0,0,0,1,0,1,0,0,0
5176-LMJXE,0,0,0,1,0,0,0,0,0,0,47,20.55,945.7,0,0.42872340425531874,0,0,1,0,0,0,0,1,0,1,0,0,1,0
3583-KRKMD,0,0,0,1,0,0,0,1,0,0,18,75.9,1373.05,1,0.38055555555554577,0,1,0,0,0,0,1,0,0,0,0,0,0,0
9069-LGEUL,0,1,0,1,1,0,0,0,0,1,23,59.95,1406.0,1,1.1804347826086925,0,1,0,0,0,0,0,0,0,0,0,0,0,0
7302-ZHMHP,0,0,0,0,0,0,0,0,0,0,1,19.15,19.15,0,0.0,0,0,0,0,0,0,0,1,0,0,0,0,1,0
9571-EDEBV,0,1,0,1,0,0,1,0,1,1,71,98.65,6962.85,1,0.581690140845069,0,0,0,1,0,1,1,0,1,0,1,0,0,0
3520-FJGCV,0,1,1,1,1,1,1,1,1,1,72,112.6,8126.65,4,0.27013888888889426,0,0,0,1,0,1,1,0,0,1,1,0,0,0
6563-VRERX,0,1,0,0,0,0,0,0,0,0,33,20.6,690.25,0,0.31666666666666643,0,0,1,0,0,0,0,1,1,0,0,0,1,0
6122-EFVKN,0,0,0,0,1,0,0,1,0,0,24,35.75,830.8,2,1.1333333333333329,0,1,0,0,1,0,0,0,0,1,0,0,1,0
2805-EDJPQ,0,1,0,1,0,1,1,1,0,1,56,99.75,5608.4,3,0.3999999999999915,0,0,0,1,0,1,1,0,1,0,1,0,0,0
6862-CQUMB,0,0,0,1,0,1,0,0,1,1,37,96.1,3646.8,1,2.4621621621621728,0,0,1,0,0,0,1,0,0,0,1,0,0,0
7156-MXBJE,0,0,0,0,0,1,1,1,1,1,43,85.1,3662.25,3,0.06860465116280068,0,0,1,0,0,1,0,0,1,0,1,0,0,0
6158-HDPXZ,0,0,0,0,0,0,0,0,0,0,1,25.35,25.35,0,0.0,0,0,0,0,1,0,0,0,0,0,0,0,1,0
2863-IMQDR,0,0,0,0,1,1,1,1,1,1,61,89.65,5308.7,4,2.6221311475409976,0,0,0,1,0,1,0,0,0,1,0,1,0,0
5686-CMAWK,0,0,0,0,0,0,1,1,0,0,17,86.75,1410.25,2,3.794117647058826,0,1,0,0,0,1,1,0,1,0,0,1,0,0
5651-CRHKQ,0,1,0,1,0,1,1,1,0,0,41,86.2,3339.05,3,4.759756097560981,0,0,1,0,0,0,1,0,1,0,0,0,0,0
8204-YJCLA,1,1,0,1,1,1,1,1,1,1,72,64.8,4732.35,4,0.9270833333333428,0,0,0,1,1,0,0,0,0,1,0,0,0,0
6583-SZVGP,0,0,0,1,0,1,1,0,1,1,48,108.1,5067.45,2,2.528125000000003,0,0,1,0,0,1,1,0,0,1,0,0,0,0
1708-PBBOA,0,0,0,1,1,1,1,1,0,1,42,54.75,2348.45,4,1.1654761904761841,0,0,1,0,1,0,0,0,1,0,0,1,0,0
8782-LKFPK,0,0,0,1,0,0,1,0,0,1,44,90.4,4063.0,1,1.9409090909090878,0,0,1,0,0,1,1,0,0,0,0,0,1,0
5522-JBWMO,0,0,1,0,0,0,0,0,0,0,1,44.0,44.0,0,0.0,0,0,0,0,0,0,0,0,0,0,0,1,0,0
3597-MVHJT,0,0,0,1,0,0,0,0,1,1,27,95.6,2595.25,0,0.5203703703703724,0,0,1,0,0,1,1,0,0,0,0,0,0,0
9774-NRNAU,1,1,0,1,0,1,1,1,1,1,27,84.8,2309.55,3,0.7388888888888943,0,0,1,0,0,1,0,0,0,0,0,0,0,0
0224-RLWWD,1,0,0,1,0,0,0,0,0,0,2,44.3,89.3,0,0.3500000000000014,0,0,0,0,0,0,0,0,0,0,0,1,0,0
9967-ATRFS,0,0,0,0,0,0,0,0,0,0,19,19.9,367.55,0,0.5552631578947356,0,1,0,0,0,0,0,1,0,0,0,0,1,0
3951-NJCVI,1,1,0,1,0,0,0,0,1,1,42,95.05,3944.5,0,1.1333333333333258,0,0,1,0,0,1,1,0,0,0,0,1,0,0
2977-CEBSX,0,0,0,1,1,1,1,1,1,1,66,90.05,5965.95,4,0.3431818181818187,0,0,0,1,0,1,0,0,0,1,1,0,0,0
0177-PXBAT,1,1,0,1,1,0,1,1,1,1,33,109.9,3694.7,3,2.060606060606048,0,0,1,0,0,1,1,0,0,0,0,0,0,0
2519-ERQOJ,1,0,0,1,0,0,1,1,1,1,33,54.6,1803.7,2,0.05757575757575495,0,0,1,0,1,0,0,0,0,0,0,1,0,0
5876-QMYLD,0,1,0,0,0,0,0,0,0,0,23,20.05,415.1,0,2.002173913043478,0,1,0,0,0,0,0,1,1,0,0,0,1,0
2277-AXSDC,0,0,0,0,0,0,0,0,0,0,32,19.75,624.15,0,0.2453125000000007,0,0,1,0,0,0,0,1,1,0,0,0,0,0
9442-JTWDL,0,0,0,0,0,0,0,0,0,0,11,20.05,237.7,0,1.5590909090909086,1,0,0,0,0,0,0,1,1,0,1,0,0,0
3067-SVMTC,0,1,0,0,1,0,0,1,0,0,68,55.9,3848.8,2,0.7000000000000028,0,0,0,1,0,0,0,0,1,0,0,0,0,0
5495-GPSRW,0,0,0,1,0,0,0,0,0,0,20,19.7,419.4,0,1.2699999999999996,0,1,0,0,0,0,0,1,0,1,0,0,1,0
7606-BPHHN,0,0,0,1,0,0,0,0,0,0,72,19.8,1468.75,0,0.5993055555555564,0,0,0,1,0,0,0,1,0,1,1,0,0,0
4742-DRORA,0,1,0,1,1,0,1,0,1,0,60,95.4,5812.0,2,1.4666666666666544,0,0,0,1,0,1,1,0,1,0,0,0,0,0
0111-KLBQG,1,1,1,1,0,1,0,0,1,1,32,93.95,2861.45,1,4.5296875000000085,0,0,1,0,0,0,1,0,0,0,0,0,1,0
4163-NCJAK,0,1,0,1,0,0,0,0,0,0,46,24.45,1066.15,0,1.2728260869565204,0,0,1,0,0,1,0,1,1,0,0,0,0,0
5233-AOZUF,0,1,0,1,0,0,0,0,0,0,29,74.95,2149.05,0,0.8448275862068897,0,0,1,0,0,1,1,0,0,0,0,1,0,0
5973-EJGDP,0,0,0,1,0,1,1,1,0,0,51,87.35,4473.0,3,0.35588235294117965,0,0,0,1,0,1,1,0,0,0,0,1,0,0
1996-DBMUS,1,1,0,1,0,0,0,0,0,0,48,70.65,3545.05,0,3.2052083333333314,0,0,1,0,0,0,1,0,0,0,0,0,0,0
7916-VCCPB,0,1,1,0,0,1,0,0,0,0,16,73.25,1195.75,1,1.484375,0,1,0,0,0,0,1,0,0,0,0,0,0,0
4686-GEFRM,0,1,0,1,0,1,1,1,0,1,70,98.7,6858.9,3,0.7157142857142986,0,0,0,1,0,1,1,0,0,1,0,0,0,0
5249-QYHEX,0,1,1,1,0,0,0,0,0,0,40,24.8,1024.7,0,0.817499999999999,0,0,1,0,0,1,0,1,0,1,0,0,1,0
2233-FAGXV,0,1,1,1,0,0,0,0,0,0,5,24.3,132.25,0,2.1499999999999986,0,0,0,0,0,1,0,1,0,0,0,0,1,0
5605-IYGFG,0,0,0,1,0,0,0,0,0,0,7,69.85,515.45,0,3.785714285714292,1,0,0,0,0,0,1,0,0,0,0,0,0,0
7663-ZTEGJ,0,0,0,0,0,1,1,1,0,1,29,100.55,2830.45,3,2.948275862068968,0,0,1,0,0,1,1,0,1,0,1,0,0,0
3935-TBRZZ,0,1,0,0,0,0,0,0,0,0,44,25.7,1110.5,0,0.461363636363636,0,0,1,0,0,1,0,1,1,0,0,0,1,0
8111-BKVDS,0,0,0,0,1,1,1,0,0,0,10,40.7,449.3,3,4.229999999999997,1,0,0,0,1,0,0,0,0,0,0,0,0,0
2055-SIFSS,1,1,0,0,0,0,0,0,0,0,55,51.65,2838.55,0,0.03999999999999204,0,0,0,1,0,1,0,0,0,0,0,0,0,0
2806-MLNTI,1,1,0,1,0,1,1,0,1,1,52,105.1,5376.4,2,1.7076923076923123,0,0,0,1,0,1,1,0,1,0,0,0,0,0
8734-DKSTZ,0,1,1,0,0,0,0,0,0,1,10,85.95,858.6,0,0.09000000000000341,1,0,0,0,0,1,1,0,0,0,0,1,0,0
4360-PNRQB,0,0,0,1,0,0,0,0,0,0,18,75.6,1395.05,0,1.9027777777777857,0,1,0,0,0,1,1,0,0,0,0,0,0,0
6152-ONASV,0,1,0,0,1,0,0,1,0,0,68,58.25,3975.7,2,0.21617647058823053,0,0,0,1,0,1,0,0,1,0,0,0,0,0
7781-HVGMK,0,1,0,1,1,1,1,1,1,1,72,65.2,4784.45,4,1.2506944444444343,0,0,0,1,1,0,0,0,0,1,1,0,0,0
2181-UAESM,0,0,0,0,1,0,1,0,0,0,2,53.45,119.5,2,6.299999999999997,0,0,0,0,0,0,0,0,0,0,0,1,0,0
6048-NJXHX,0,1,0,1,0,0,0,0,0,0,41,19.75,899.45,0,2.18780487804878,0,0,1,0,0,0,0,1,0,1,0,1,0,0
2320-SLKMB,0,0,0,1,0,0,1,1,1,0,26,44.45,1183.8,2,1.0807692307692278,0,0,1,0,1,0,0,0,0,0,1,0,0,0
4980-URKXC,0,1,0,0,0,0,0,0,0,0,36,20.85,720.05,0,0.848611111111115,0,0,1,0,0,0,0,1,1,0,0,0,0,0
4376-KFVRS,0,1,0,1,1,1,1,1,1,1,72,114.05,8468.2,4,3.563888888888897,0,0,0,1,0,1,1,0,0,1,1,0,0,0
5886-VLQVU,0,1,0,1,0,0,0,1,0,1,35,89.85,3161.2,1,0.46999999999999886,0,0,1,0,0,1,1,0,0,0,0,0,0,0
3577-AMVUX,0,0,0,0,0,0,1,1,0,0,1,55.05,55.05,2,0.0,0,0,0,0,0,0,0,0,0,0,0,0,1,0
0771-WLCLA,0,1,1,1,1,0,1,1,1,1,16,112.95,1882.55,3,4.709374999999994,0,1,0,0,0,1,1,0,0,0,0,1,0,0
5628-RKIFK,1,0,0,0,1,0,0,0,1,1,49,101.55,5070.4,1,1.9275510204081598,0,0,0,1,0,1,1,0,0,0,1,0,0,0
0206-TBWLC,0,1,0,1,1,1,1,1,1,1,54,114.65,6049.5,4,2.6222222222222342,0,0,0,1,0,1,1,0,1,0,0,0,1,0
2937-FTHUR,0,0,1,0,1,0,0,0,0,1,18,64.8,1166.7,1,0.01666666666666572,0,1,0,0,0,1,0,0,0,0,0,1,0,0
1910-FMXJM,0,1,0,0,0,0,0,0,0,1,36,80.4,2937.65,0,1.2013888888888857,0,0,1,0,0,0,1,0,0,0,0,1,0,0
0732-OCQOC,0,1,0,1,0,0,0,0,0,0,52,25.05,1270.25,0,0.622115384615384,0,0,0,1,0,1,0,1,0,1,0,0,0,0
5168-MSWXT,0,1,1,1,0,0,1,0,1,1,8,94.75,759.55,1,0.19374999999999432,1,0,0,0,0,0,1,0,0,0,0,1,0,0
1090-ESELR,0,1,0,0,1,1,0,1,1,1,72,105.5,7611.55,3,0.21597222222222,0,0,0,1,0,0,1,0,0,1,0,0,0,0
8592-PLTMQ,0,0,0,0,0,0,0,0,0,0,64,24.7,1642.75,0,0.9679687500000007,0,0,0,1,0,1,0,1,1,0,0,0,1,0
5760-WRAHC,1,0,0,1,1,0,1,1,0,1,22,69.75,1545.4,3,0.4954545454545496,0,1,0,0,0,0,0,0,0,0,0,0,1,0
8847-GEOOQ,0,1,0,1,0,1,1,1,1,1,60,60.2,3582.4,3,0.4933333333333323,0,0,0,1,1,0,0,0,0,0,0,0,0,0
4785-FCIFB,0,1,0,0,0,0,0,0,0,0,61,24.4,1417.9,0,1.1557377049180282,0,0,0,1,0,1,0,1,0,1,0,0,1,0
8313-NDOIA,0,0,0,1,0,1,1,0,1,1,24,104.15,2494.65,2,0.20624999999999716,0,1,0,0,0,1,1,0,0,0,0,1,0,0
5149-CUZUJ,0,1,0,0,0,1,1,1,1,0,28,92.9,2768.35,3,5.969642857142844,0,0,1,0,0,0,1,0,1,0,0,0,0,0
0942-KOWSM,0,1,0,0,0,1,1,1,1,1,30,80.8,2369.3,3,1.8233333333333235,0,0,1,0,0,0,0,0,0,1,0,0,0,0
4237-CLSMM,0,1,0,0,0,0,0,0,0,0,2,20.0,38.0,0,1.0,0,0,0,0,0,0,0,1,0,0,0,0,1,0
1452-VOQCH,0,0,0,1,0,0,0,0,0,0,1,75.1,75.1,0,0.0,0,0,0,0,0,1,1,0,0,0,0,1,0,0
4719-UMSIY,0,0,1,0,0,0,0,0,0,0,6,19.65,100.9,0,2.833333333333332,0,0,0,0,0,0,0,1,0,0,0,0,1,0
6614-VBEGU,0,1,0,1,0,1,0,0,1,1,24,69.45,1614.05,1,2.1979166666666714,0,1,0,0,0,0,0,0,0,0,0,0,0,0
1480-BKXGA,1,1,0,1,1,1,1,1,1,1,72,116.05,8404.9,4,0.68472222222222,0,0,0,1,0,1,1,0,0,1,0,0,0,0
2996-XAUVF,0,0,0,1,0,0,0,1,0,1,70,40.05,2799.75,1,0.053571428571423496,0,0,0,1,1,0,0,0,0,1,0,0,1,0
9076-AXYIK,1,1,0,0,0,0,1,1,1,1,64,102.1,6538.45,2,0.06328125000000284,0,0,0,1,0,1,1,0,0,1,0,1,0,0
5968-XQIVE,0,1,0,1,0,1,0,0,1,0,72,89.7,6588.95,1,1.8131944444444343,0,0,0,1,0,1,1,0,1,0,0,1,0,0
8896-RAZCR,0,0,0,0,0,0,0,0,0,0,44,19.9,868.1,0,0.1704545454545432,0,0,1,0,0,0,0,1,0,1,0,0,1,0
4933-IKULF,1,0,0,0,0,0,0,0,0,0,17,20.65,330.6,0,1.2029411764705848,0,1,0,0,0,0,0,1,1,0,0,0,1,0
1304-BCCFO,0,1,0,1,0,0,1,0,1,1,9,70.05,564.4,1,7.338888888888889,1,0,0,0,0,0,0,0,0,0,0,0,1,0
4104-PVRPS,0,1,0,0,1,0,0,1,0,0,24,53.6,1315.35,2,1.2062499999999972,0,1,0,0,0,0,0,0,0,0,0,0,1,0
3780-DDGSE,1,1,1,1,0,1,0,1,1,1,35,76.05,2747.2,2,2.441428571428574,0,0,1,0,0,0,0,0,0,0,0,1,0,0
4431-EDMIQ,0,1,1,1,1,1,1,1,1,0,7,75.7,554.05,4,3.4499999999999886,1,0,0,0,0,0,0,0,0,0,0,1,0,0
0486-LGCCH,0,1,1,0,0,0,0,0,0,0,11,19.65,225.75,0,0.8727272727272748,1,0,0,0,0,0,0,1,0,1,0,0,1,0
4612-SSVHJ,1,0,0,1,0,0,0,0,0,1,20,81.45,1671.6,0,2.1299999999999955,0,1,0,0,0,0,1,0,0,0,0,1,0,0
5168-MQQCA,0,1,0,1,0,1,1,1,1,1,72,108.5,8003.8,3,2.6638888888888914,0,0,0,1,0,1,1,0,1,0,0,0,0,0
7971-HLVXI,0,1,1,1,0,0,0,0,0,1,72,84.5,6130.85,0,0.6506944444444542,0,0,0,1,0,1,1,0,0,1,1,0,0,0
9094-AZPHK,0,0,0,1,0,1,0,0,1,1,15,100.15,1415.0,1,5.816666666666677,0,1,0,0,0,1,1,0,0,0,0,1,0,0
3649-JPUGY,0,0,0,1,0,1,1,1,1,1,72,88.6,6201.95,3,2.461805555555557,0,0,0,1,0,1,0,0,0,1,0,0,0,0
4472-LVYGI,0,1,0,1,1,0,1,1,1,0,0,52.55,0.0,3,0.0,0,0,0,0,1,0,0,0,0,1,0,0,0,0
3552-CTCYF,0,1,1,1,0,1,1,0,1,1,63,104.8,6597.25,2,0.0817460317460359,0,0,0,1,0,1,1,0,0,1,0,0,0,0
6778-YSNIH,0,0,0,1,0,1,0,0,1,0,2,59.0,114.15,1,1.9249999999999972,0,0,0,0,0,0,0,0,0,0,0,1,0,0
5756-OZRIO,1,1,0,0,0,1,0,0,0,1,61,64.05,3902.6,1,0.0729508196721298,0,0,0,1,0,1,0,0,1,0,0,0,0,0
6579-JPICP,0,0,0,0,0,0,0,0,0,0,1,20.4,20.4,0,0.0,0,0,0,0,0,0,0,1,0,0,0,0,1,0
4134-BSXLX,0,1,0,0,1,1,0,1,0,0,28,60.9,1785.65,3,2.8732142857142904,0,0,1,0,0,0,0,0,0,0,0,0,1,0
0505-SPOOW,0,1,0,0,0,0,0,0,0,0,70,19.8,1397.65,0,0.16642857142857181,0,0,0,1,0,0,0,1,0,1,0,0,0,0
4374-YMUSQ,0,0,0,0,1,1,1,1,1,1,34,116.25,3899.05,4,1.572058823529403,0,0,1,0,0,1,1,0,1,0,1,0,0,0
4513-CXYIX,1,1,0,1,1,0,0,0,0,0,71,80.7,5676.0,1,0.7563380281690115,0,0,0,1,0,1,1,0,0,1,1,0,0,0
3957-HHLMR,0,1,0,0,1,0,0,0,0,1,70,65.2,4543.15,1,0.29785714285715414,0,0,0,1,0,1,0,0,1,0,0,0,0,0
7803-XOCCZ,0,1,1,1,1,0,1,1,0,0,52,84.05,4326.8,3,0.8423076923076849,0,0,0,1,0,0,1,0,0,0,0,0,0,0
5736-YEJAX,0,0,0,1,1,1,1,1,1,0,69,79.45,5502.55,4,0.29710144927535964,0,0,0,1,0,1,0,0,0,1,1,0,0,0
8981-FJGLA,0,0,1,1,0,0,1,0,0,0,11,78.0,851.8,1,0.5636363636363626,1,0,0,0,0,1,1,0,0,0,0,0,1,0
1135-LMECX,0,0,0,0,0,0,0,0,0,0,1,19.85,19.85,0,0.0,0,0,0,0,0,0,0,1,0,0,0,0,1,0
4332-MUOEZ,1,1,0,0,1,0,1,1,0,1,20,94.3,1818.3,3,3.385000000000005,0,1,0,0,0,0,1,0,1,0,1,0,0,0
8535-SFUTN,0,0,0,1,1,0,1,0,1,1,61,106.45,6300.15,2,3.1688524590164064,0,0,0,1,0,1,1,0,0,0,0,1,0,0
8677-HDZEE,0,0,0,1,0,1,0,1,1,1,56,105.45,5916.95,2,0.2098214285714164,0,0,0,1,0,1,1,0,0,0,0,0,0,0
2475-MROZF,0,0,0,1,1,1,1,1,0,0,30,95.0,2852.4,4,0.0799999999999983,0,0,1,0,0,1,1,0,0,0,1,0,0,0
3482-ABPKK,0,0,0,0,1,0,0,1,0,0,28,54.3,1546.3,2,0.9250000000000043,0,0,1,0,0,0,0,0,1,0,0,0,1,0
6705-LXORM,1,1,0,0,0,0,0,0,0,0,5,70.05,302.6,0,9.529999999999994,0,0,0,0,0,0,1,0,0,0,0,1,0,0
7531-GQHME,0,0,0,0,0,0,0,0,0,0,12,20.05,265.45,0,2.070833333333333,1,0,0,0,0,0,0,1,0,0,1,0,0,0
5174-ITUMV,0,1,1,1,0,1,1,0,1,1,67,105.4,6989.45,2,1.0798507462686615,0,0,0,1,0,1,1,0,1,0,0,1,0,0
4109-CYRBD,1,1,0,1,0,0,0,0,0,0,29,51.6,1442.0,0,1.8758620689655174,0,0,1,0,0,1,0,0,0,0,0,1,0,0
0913-XWSCN,0,1,1,0,0,0,0,0,0,1,55,85.5,4713.4,0,0.19818181818180847,0,0,0,1,0,1,1,0,0,0,0,0,0,0
0750-EBAIU,0,0,0,0,1,0,1,0,1,0,52,91.25,4738.3,2,0.12884615384615472,0,0,0,1,0,0,1,0,1,0,0,1,0,0
8606-CIQUL,1,1,1,1,1,1,1,1,1,1,72,115.75,8399.15,4,0.9048611111111029,0,0,0,1,0,1,1,0,0,1,1,0,0,0
3571-DPYUH,0,1,1,1,0,1,0,1,1,0,58,94.7,5430.35,2,1.073275862068968,0,0,0,1,0,1,1,0,1,0,1,0,0,0
7601-GNDYK,0,1,1,0,0,0,0,0,0,0,35,19.6,686.95,0,0.027142857142855803,0,0,1,0,0,0,0,1,0,1,0,0,1,0
0356-OBMAC,1,0,0,1,0,1,1,1,1,0,56,99.9,5706.3,3,1.9982142857142833,0,0,0,1,0,1,1,0,0,1,0,0,0,0
8067-NIOYM,0,1,1,1,0,0,0,0,0,0,24,21.1,490.65,0,0.6562500000000036,0,1,0,0,0,0,0,1,0,1,1,0,0,0
1403-GYAFU,0,1,1,0,0,0,0,0,0,0,70,20.05,1360.25,0,0.6178571428571438,0,0,0,1,0,0,0,1,0,1,1,0,0,0
4234-XTNEA,0,0,0,1,0,0,0,0,1,0,2,79.95,174.45,0,7.2749999999999915,0,0,0,0,0,0,1,0,0,0,0,1,0,0
1297-VQDRP,1,1,1,1,0,0,1,1,1,1,68,107.15,7379.8,2,1.3764705882352928,0,0,0,1,0,1,1,0,1,0,1,0,0,0
5348-CAGXB,0,0,0,1,0,0,1,0,1,0,12,89.55,1021.75,1,4.404166666666669,1,0,0,0,0,1,1,0,0,0,0,1,0,0
0621-HJWXJ,0,1,0,1,0,1,0,0,0,0,63,81.55,5029.05,1,1.7238095238095212,0,0,0,1,0,1,1,0,0,0,0,0,0,0
5844-QVTAT,0,1,0,1,1,1,1,0,0,0,33,58.45,1955.4,3,0.8045454545454547,0,0,1,0,0,0,0,0,1,0,0,0,1,0
8905-IAZPF,0,1,0,1,0,1,0,0,1,1,69,95.65,6744.2,1,2.092028985507241,0,0,0,1,0,0,1,0,1,0,1,0,0,0
5394-MEITZ,0,1,0,1,0,1,1,1,1,1,60,80.6,4946.7,3,1.8449999999999989,0,0,0,1,0,0,0,0,0,1,0,0,0,0
6859-QNXIQ,0,1,1,1,1,1,1,1,1,1,72,113.1,8248.5,4,1.4625000000000057,0,0,0,1,0,1,1,0,0,1,0,0,0,0
2782-LFZVW,0,0,0,1,0,0,0,0,0,1,11,58.95,601.6,0,4.259090909090908,1,0,0,0,0,1,0,0,0,0,0,0,1,0
2866-IKBTM,0,0,0,0,0,0,0,0,0,0,1,19.55,19.55,0,0.0,0,0,0,0,0,0,0,1,0,0,0,0,1,0
7129-AZJDE,0,1,1,1,0,0,0,0,0,1,34,78.95,2647.2,0,1.0911764705882376,0,0,1,0,0,0,1,0,1,0,0,0,0,0
2560-PPCHE,0,0,0,1,0,1,0,1,1,1,65,105.05,6744.25,2,1.2923076923076877,0,0,0,1,0,1,1,0,1,0,0,0,0,0
4676-MQUEA,1,1,0,1,1,1,1,0,1,0,50,101.9,5265.5,3,3.4099999999999966,0,0,0,1,0,1,1,0,1,0,0,0,0,0
8138-EALND,0,0,0,0,0,0,0,0,0,0,15,19.75,311.6,0,1.0233333333333334,0,1,0,0,0,0,0,1,0,0,0,0,1,0
3580-HYCSP,0,1,1,1,1,1,1,0,1,1,72,110.3,7966.9,3,0.3513888888888914,0,0,0,1,0,1,1,0,0,1,0,0,0,0
1352-HNSAW,0,1,1,1,1,1,1,1,1,1,72,115.6,8220.4,4,1.4277777777777771,0,0,0,1,0,1,1,0,0,1,0,0,0,0
2075-PUEPR,0,1,1,0,0,0,0,0,0,0,55,19.35,1153.25,0,1.6181818181818173,0,0,0,1,0,0,0,1,0,1,0,0,0,0
1982-FEBTD,0,1,1,1,0,0,0,0,0,0,23,25.6,514.75,0,3.219565217391306,0,1,0,0,0,1,0,1,0,1,1,0,0,0
5791-KAJFD,0,1,0,1,1,0,1,0,0,1,56,68.75,3808.0,2,0.75,0,0,0,1,0,1,0,0,1,0,0,0,0,0
2654-VBVPB,0,0,0,0,0,0,0,0,0,0,1,19.9,19.9,0,0.0,0,0,0,0,0,0,0,1,0,0,0,0,0,0
1154-HYWWO,0,0,0,0,1,1,0,1,1,0,38,70.6,2708.2,3,0.6684210526315866,0,0,1,0,0,0,0,0,1,0,0,0,1,0
2501-XWWTZ,0,0,0,0,0,0,0,0,0,0,11,70.2,760.05,0,1.104545454545459,1,0,0,0,0,0,1,0,0,0,0,1,0,0
3716-UVSPD,0,0,0,1,0,0,0,1,0,0,1,49.3,49.3,1,0.0,0,0,0,0,0,0,0,0,0,0,0,1,0,0
6815-ABQFQ,0,1,0,1,0,1,0,1,1,1,56,107.25,6033.3,2,0.48749999999999716,0,0,0,1,0,1,1,0,1,0,0,1,0,0
7343-EOBEU,0,1,0,1,0,0,0,0,0,0,3,23.6,89.05,0,6.083333333333332,0,0,0,0,0,1,0,1,0,0,0,0,1,0
3701-SFMUH,0,1,1,0,1,0,0,0,1,1,7,69.7,516.15,1,4.035714285714278,1,0,0,0,0,0,0,0,0,0,1,0,0,0
6103-LIANB,0,1,1,1,0,0,1,0,1,1,59,99.5,5861.75,1,0.14830508474575765,0,0,0,1,0,1,1,0,0,1,1,0,0,0
7319-VENRZ,0,0,0,0,0,0,1,1,1,0,7,64.3,445.95,2,0.5928571428571416,1,0,0,0,0,0,0,0,0,0,0,0,0,0
5846-NEQVZ,0,1,0,1,1,0,1,1,0,1,71,70.85,4973.4,3,0.8021126760563391,0,0,0,1,0,0,0,0,0,1,1,0,0,0
6967-QIQRV,0,1,1,0,1,0,0,1,1,1,15,101.9,1667.25,2,9.25,0,1,0,0,0,0,1,0,1,0,0,1,0,0
5781-RFZRP,0,1,0,0,1,1,0,1,1,0,71,73.5,5357.75,3,1.9612676056338074,0,0,0,1,0,1,0,0,0,1,1,0,0,0
0308-IVGOK,0,0,0,1,0,1,1,1,0,0,11,40.4,422.6,3,1.981818181818177,1,0,0,0,1,0,0,0,1,0,1,0,0,0
7293-LSCDV,0,1,1,1,0,0,0,0,0,0,60,19.25,1103.25,0,0.8625000000000007,0,0,0,1,0,0,0,1,0,1,1,0,0,0
7025-WCBNE,1,0,0,0,0,1,0,1,0,0,47,59.6,2754.0,2,1.004255319148939,0,0,1,0,0,1,0,0,0,1,0,0,0,0
5756-JYOJT,0,0,0,0,0,0,1,1,0,1,11,64.9,697.25,2,1.5136363636363726,1,0,0,0,0,0,0,0,1,0,1,0,0,0
6030-REHUX,1,1,0,1,0,1,1,1,1,1,28,110.85,3204.4,3,3.592857142857156,0,0,1,0,0,1,1,0,0,0,0,1,0,0
9548-LIGTA,0,1,0,1,1,1,0,1,1,1,61,81.05,4747.65,3,3.219672131147547,0,0,0,1,0,0,0,0,0,1,0,0,1,0
5150-LJNSR,0,1,1,0,1,0,1,0,1,0,31,98.05,3082.1,2,1.3725806451612925,0,0,1,0,0,1,1,0,1,0,0,0,0,0
8270-RKSAP,0,0,0,1,0,0,0,0,0,0,9,70.5,597.9,0,4.066666666666663,1,0,0,0,0,0,1,0,0,0,0,1,0,0
6522-YRBXD,1,1,0,1,1,1,0,0,0,1,35,94.55,3365.4,2,1.604285714285723,0,0,1,0,0,1,1,0,0,0,0,1,0,0
2640-LYMOV,0,0,0,1,0,0,0,0,0,0,2,19.65,38.8,0,0.25,0,0,0,0,0,0,0,1,0,0,0,0,1,0
1423-BMPBQ,0,1,1,1,0,0,0,0,0,0,1,19.0,19.0,0,0.0,0,0,0,0,0,0,0,1,0,0,0,0,1,0
2393-DIVAI,0,0,0,1,0,0,0,0,0,0,3,20.0,61.7,0,0.5666666666666664,0,0,0,0,0,0,0,1,0,0,0,0,1,0
4568-KNYWR,0,0,0,1,1,1,0,0,1,0,52,63.25,3342.45,2,1.0278846153846075,0,0,0,1,0,0,0,0,0,1,1,0,0,0
8752-IMQOS,0,1,0,0,0,0,0,0,0,0,5,20.1,85.1,0,3.080000000000002,0,0,0,0,0,0,0,1,1,0,0,0,1,0
0742-LAFQK,0,1,0,1,1,1,1,0,0,1,72,99.15,7422.1,3,3.93472222222222,0,0,0,1,0,1,1,0,0,1,0,1,0,0
0795-LAFGP,0,1,0,0,1,1,1,1,1,1,71,90.4,6668.05,4,3.5161971830985834,0,0,0,1,0,1,0,0,0,1,0,1,0,0
0619-OLYUR,0,1,0,1,1,0,1,1,1,1,72,111.9,8071.05,3,0.1979166666666572,0,0,0,1,0,1,1,0,0,1,1,0,0,0
5512-IDZEI,0,1,0,0,0,0,0,0,0,0,46,24.9,1174.8,0,0.6391304347826079,0,0,1,0,0,1,0,1,1,0,0,1,0,0
0459-SPZHJ,0,1,0,0,1,1,1,0,1,1,63,83.5,5435.0,3,2.7698412698412653,0,0,0,1,0,1,0,0,0,1,1,0,0,0
0215-BQKGS,0,0,0,1,1,1,1,0,0,0,30,84.3,2438.6,3,3.0133333333333354,0,0,1,0,0,0,1,0,0,0,1,0,0,0
9244-ZVAPM,0,0,0,0,0,0,0,0,0,0,1,45.6,45.6,0,0.0,0,0,0,0,0,0,0,0,0,0,0,0,1,0
8208-EUMTE,0,0,0,0,1,1,1,1,1,0,16,54.85,916.15,4,2.409374999999997,0,1,0,0,1,0,0,0,0,1,0,0,1,0
5172-MIGPM,0,0,0,0,0,0,0,1,0,1,4,65.55,237.2,1,6.25,0,0,0,0,0,1,0,0,0,0,0,0,1,0
1710-RCXUS,0,1,0,1,0,1,0,0,0,1,51,90.35,4614.55,1,0.13137254901961626,0,0,0,1,0,1,1,0,1,0,1,0,0,0
0374-FIUCA,0,1,0,1,0,0,0,0,0,0,65,20.4,1414.45,0,1.3607692307692325,0,0,0,1,0,0,0,1,0,1,1,0,0,0
5839-SUYVZ,0,0,0,1,0,0,0,1,0,0,16,74.55,1170.5,1,1.3937499999999972,0,1,0,0,0,0,1,0,0,0,1,0,0,0
5173-ZXXXL,0,0,0,0,0,0,0,0,0,0,2,19.95,47.7,0,3.900000000000002,0,0,0,0,0,0,0,1,1,0,0,0,1,0
1096-ADRUX,0,1,1,1,0,0,0,0,0,0,66,74.25,4859.25,0,0.625,0,0,0,1,0,1,1,0,1,0,0,0,0,0
2001-MCUUW,0,0,0,0,0,1,1,1,1,1,46,108.65,4903.2,3,2.058695652173924,0,0,1,0,0,1,1,0,0,1,0,1,0,0
2731-GJRDG,0,0,0,1,1,0,1,1,1,1,32,109.55,3608.0,3,3.200000000000003,0,0,1,0,0,1,1,0,1,0,0,0,0,0
4723-BEGSG,0,1,0,0,1,0,1,1,1,1,72,86.65,6094.25,3,2.0076388888888914,0,0,0,1,0,1,0,0,0,1,1,0,0,0
6516-NKQBO,0,1,0,0,1,0,1,1,1,1,38,81.0,3084.9,3,0.18157894736842195,0,0,1,0,0,0,0,0,0,1,1,0,0,0
8672-OAUPW,0,0,0,0,0,0,0,1,0,0,51,47.85,2356.75,1,1.639215686274511,0,0,0,1,0,0,0,0,1,0,1,0,0,0
8207-DMRVL,0,1,1,0,1,1,1,1,1,1,72,114.55,8306.05,4,0.8118055555555515,0,0,0,1,0,1,1,0,0,1,0,0,0,0
2804-ETQDK,0,0,1,0,0,0,0,0,0,0,66,20.55,1357.1,0,0.012121212121211755,0,0,0,1,0,0,0,1,0,1,0,0,1,0
6689-VRRTK,1,0,0,1,1,1,1,0,1,1,44,109.8,4860.35,3,0.6625000000000085,0,0,1,0,0,1,1,0,1,0,1,0,0,0
7138-GIRSH,0,0,0,0,0,0,1,1,0,1,50,69.5,3418.2,2,1.13600000000001,0,0,0,1,0,1,0,0,0,1,0,0,0,0
9396-ZSFLL,0,0,0,0,0,0,0,0,0,0,15,48.85,631.4,0,6.756666666666668,0,1,0,0,0,1,0,0,0,0,0,0,1,0
6464-KEXXH,0,0,0,1,0,0,0,0,0,0,8,25.25,186.3,0,1.9624999999999986,1,0,0,0,1,0,0,0,0,0,1,0,0,0
7134-MJPDY,1,0,0,1,0,0,1,1,1,1,66,102.85,6976.75,2,2.8583333333333343,0,0,0,1,0,1,1,0,1,0,1,0,0,0
5240-CAOYT,0,0,0,1,1,1,0,1,0,0,57,87.55,4884.85,3,1.850877192982452,0,0,0,1,0,1,1,0,0,0,0,0,0,0
4059-IIEBK,0,0,0,1,0,1,0,0,0,0,7,78.55,522.95,1,3.8428571428571274,1,0,0,0,0,1,1,0,0,0,0,0,0,0
4881-JVQOD,1,1,1,1,0,0,0,0,0,1,10,34.55,362.6,0,1.710000000000008,1,0,0,0,1,0,0,0,0,0,0,0,0,0
0516-UXRMT,0,0,0,1,1,1,1,0,0,0,62,92.05,5755.8,3,0.7854838709677523,0,0,0,1,0,1,1,0,1,0,0,1,0,0
4851-BQDNX,0,1,1,1,0,0,1,0,1,0,40,85.05,3355.65,1,1.1587499999999977,0,0,1,0,0,0,1,0,1,0,0,1,0,0
5148-HKFIR,0,0,0,0,0,0,0,0,0,0,20,19.7,406.95,0,0.6475000000000009,0,1,0,0,0,0,0,1,0,1,0,0,1,0
3003-CMDUU,0,1,0,1,0,0,0,1,1,1,25,95.15,2395.7,1,0.6779999999999831,0,0,1,0,0,0,1,0,0,0,0,1,0,0
5016-IBERQ,0,1,0,0,0,1,1,0,0,0,23,84.25,1968.1,2,1.3195652173913004,0,1,0,0,0,1,1,0,0,0,0,1,0,0
6797-UCJHZ,1,1,0,0,0,1,1,0,1,1,66,104.6,6819.45,2,1.2749999999999915,0,0,0,1,0,1,1,0,1,0,1,0,0,0
2469-DTSGX,1,0,0,0,0,1,1,1,1,1,72,111.65,7943.45,3,1.3243055555555685,0,0,0,1,0,1,1,0,0,1,0,1,0,0
9931-KGHOA,0,1,0,0,1,0,0,0,0,0,46,55.0,2473.95,1,1.218478260869567,0,0,1,0,0,1,0,0,0,0,0,0,0,0
1775-KWJKQ,0,1,0,0,1,1,1,1,1,1,72,89.85,6562.9,4,1.3013888888888943,0,0,0,1,0,1,0,0,0,1,1,0,0,0
7665-VIGUD,0,0,0,0,0,0,0,0,0,0,10,20.35,176.3,0,2.719999999999999,1,0,0,0,0,0,0,1,1,0,0,0,1,0
9411-TPQQV,0,0,0,1,1,0,0,1,1,1,40,54.55,2236.2,2,1.3549999999999969,0,0,1,0,1,0,0,0,1,0,0,0,0,0
7954-MLBUN,0,0,0,0,0,0,1,1,1,1,31,99.45,3109.9,2,0.8693548387096826,0,0,1,0,0,0,1,0,0,1,0,0,0,0
2077-DDHJK,0,1,0,0,1,1,1,1,0,0,68,70.9,4911.35,4,1.3257352941176492,0,0,0,1,0,1,0,0,0,1,1,0,0,0
9574-BOSMD,0,1,1,0,0,0,0,0,0,0,68,25.4,1620.2,0,1.573529411764703,0,0,0,1,0,1,0,1,0,1,0,0,0,0
4908-XAXAY,1,0,0,1,0,1,1,0,0,1,49,89.85,4287.2,2,2.3561224489795904,0,0,0,1,0,0,1,0,1,0,0,0,0,0
8404-VLQFB,0,1,1,1,0,0,0,0,0,0,15,25.25,394.85,0,1.0733333333333341,0,1,0,0,0,1,0,1,0,0,0,1,0,0
2391-IPLOP,0,1,0,1,0,0,1,1,1,0,50,69.65,3442.15,2,0.8070000000000022,0,0,0,1,0,1,0,0,1,0,0,1,0,0
3509-GWQGF,1,0,0,0,0,0,0,0,0,0,24,70.0,1732.6,0,2.191666666666663,0,1,0,0,0,0,1,0,0,0,1,0,0,0
5845-BZZIB,0,1,1,0,0,0,0,0,0,0,35,20.1,655.3,0,1.3771428571428608,0,0,1,0,0,0,0,1,0,1,0,0,1,0
1140-UKVZG,0,0,0,0,0,0,0,0,0,0,17,24.8,475.25,0,3.155882352941177,0,1,0,0,0,1,0,1,0,0,0,0,1,0
5183-SNMJQ,0,0,0,1,0,0,0,1,1,1,10,95.1,865.1,1,8.58999999999999,1,0,0,0,0,0,1,0,0,0,1,0,0,0
8100-PNJMH,0,1,0,1,1,1,1,1,1,1,68,88.85,6132.7,4,1.3367647058823593,0,0,0,1,0,1,0,0,0,1,1,0,0,0
7838-LAZFO,0,1,0,0,1,1,1,0,1,1,45,78.8,3597.5,3,1.1444444444444457,0,0,1,0,0,0,0,0,1,0,0,0,0,0
2085-JVGAD,0,1,0,0,0,0,0,0,0,0,37,20.35,697.65,0,1.494594594594595,0,0,1,0,0,0,0,1,0,0,0,0,0,0
8095-WANWK,0,0,0,0,0,0,0,0,0,0,10,45.25,428.7,0,2.3800000000000026,1,0,0,0,0,0,0,0,0,0,0,0,1,0
3030-ZKIWL,0,0,0,0,0,0,0,0,0,0,1,20.05,20.05,0,0.0,0,0,0,0,0,0,0,1,0,0,0,0,1,0
9565-FLVCG,0,1,0,1,1,1,0,0,0,1,65,69.55,4459.15,2,0.9476923076923072,0,0,0,1,0,1,0,0,0,1,0,0,1,0
8755-OGKNA,0,1,1,0,0,0,0,0,0,0,57,19.5,1167.6,0,0.9842105263157883,0,0,0,1,0,0,0,1,0,1,0,0,0,0
2800-VEQXM,0,0,0,1,0,0,1,0,0,0,3,74.75,238.1,1,4.61666666666666,0,0,0,0,0,0,1,0,0,0,0,0,1,0
5533-RJFTJ,0,0,0,1,0,0,1,0,0,0,49,30.2,1453.1,1,0.5448979591836753,0,0,0,1,1,0,0,0,0,0,0,0,0,0
0214-JHPFW,0,1,0,0,0,1,1,1,1,1,70,57.8,4039.3,3,0.09571428571427987,0,0,0,1,1,0,0,0,0,1,0,0,0,0
5642-MHDQT,0,1,0,1,0,0,0,0,0,0,53,19.85,1039.45,0,0.23773584905660528,0,0,0,1,0,0,0,1,1,0,0,0,0,0
3088-FVYWK,0,1,1,0,0,0,0,0,0,0,53,25.55,1336.1,0,0.3405660377358508,0,0,0,1,0,1,0,1,0,1,1,0,0,0
9092-GDZKO,0,0,0,1,0,0,0,0,0,0,22,24.85,493.4,0,2.4227272727272755,0,1,0,0,0,1,0,1,0,0,1,0,0,0
3729-OWRVL,1,0,0,1,1,0,1,1,1,1,65,110.35,7246.15,3,1.129230769230773,0,0,0,1,0,1,1,0,0,1,0,1,0,0
2324-AALNO,0,0,0,0,0,0,0,0,0,0,48,24.55,1203.95,0,0.5322916666666657,0,0,1,0,0,1,0,1,1,0,0,0,0,0
5760-IFJOZ,0,0,0,0,0,1,1,0,1,1,3,107.95,313.6,2,3.416666666666657,0,0,0,0,0,1,1,0,0,0,0,0,1,0
2826-UWHIS,0,1,0,0,0,1,0,0,0,0,45,81.4,3775.85,1,2.5077777777777754,0,0,1,0,0,1,1,0,0,0,0,0,0,0
7501-IWUNG,0,1,0,1,0,0,1,1,1,1,61,73.8,4616.05,2,1.8729508196721412,0,0,0,1,0,0,0,0,0,1,0,0,0,0
4957-TREIR,0,0,0,1,1,0,0,1,1,0,3,64.4,195.65,2,0.8166666666666629,0,0,0,0,0,0,0,0,0,0,1,0,0,0
7251-LJBQN,1,0,0,1,0,0,1,1,1,1,40,103.75,4188.4,2,0.9599999999999937,0,0,1,0,0,1,1,0,1,0,1,0,0,0
8040-MNRTF,0,0,0,0,0,0,0,0,0,0,1,71.1,71.1,0,0.0,0,0,0,0,0,0,1,0,0,0,0,0,1,0
1536-HBSWP,0,0,0,1,0,0,0,1,0,0,1,49.9,49.9,1,0.0,0,0,0,0,0,0,0,0,0,0,0,1,0,0
5313-FPXWG,0,0,0,1,0,0,0,0,0,0,51,24.6,1266.4,0,0.23137254901960702,0,0,0,1,0,1,0,1,1,0,0,0,0,0
0946-FKYTX,0,0,0,0,0,1,0,0,0,0,52,30.1,1623.4,1,1.119230769230768,0,0,0,1,1,0,0,0,1,0,0,0,1,0
5076-YVXCM,0,0,0,0,0,0,0,0,0,1,51,83.4,4149.45,0,2.038235294117655,0,0,0,1,0,1,1,0,0,0,0,0,0,0
8262-COGGB,0,0,0,1,0,0,0,0,0,0,1,20.45,20.45,0,0.0,0,0,0,0,0,0,0,1,0,0,0,0,1,0
6663-JOCQO,0,1,0,1,1,1,0,1,0,1,31,75.25,2344.5,3,0.37903225806451246,0,0,1,0,0,1,0,0,1,0,0,0,0,0
9620-QJREV,0,0,0,0,0,0,0,0,0,0,47,20.55,1013.05,0,1.0042553191489354,0,0,1,0,0,0,0,1,1,0,1,0,0,0
2682-KEVRP,1,0,0,1,0,0,0,0,0,0,22,20.05,417.0,0,1.0954545454545475,0,1,0,0,0,0,0,1,1,0,0,0,1,0
2480-JZOSN,0,1,0,1,0,0,0,0,0,0,1,20.65,20.65,0,0.0,0,0,0,0,0,0,0,1,0,0,0,0,1,0
0078-XZMHT,0,1,0,1,0,1,1,1,1,1,72,85.15,6316.2,3,2.5749999999999886,0,0,0,1,0,1,0,0,0,1,0,0,0,0
9978-HYCIN,1,1,1,1,0,1,0,0,1,0,47,84.95,4018.05,1,0.5404255319148916,0,0,1,0,0,0,1,0,1,0,0,0,0,0
8338-QIUNR,0,1,0,1,1,0,1,1,0,0,72,66.5,4811.6,3,0.32777777777778283,0,0,0,1,0,1,0,0,0,1,1,0,0,0
1525-LNLOJ,0,1,0,1,0,0,1,0,1,0,66,63.3,4189.7,1,0.18030303030302974,0,0,0,1,0,1,0,0,0,1,0,0,0,0
9450-TRJUU,0,0,0,0,0,0,0,0,1,0,35,83.15,2848.45,0,1.7657142857142958,0,0,1,0,0,1,1,0,0,0,0,1,0,0
1766-GKNMI,0,0,0,1,0,0,0,0,0,1,29,84.9,2516.2,0,1.865517241379294,0,0,1,0,0,1,1,0,0,0,0,1,0,0
6942-LBFDP,0,0,0,1,0,0,0,0,0,0,2,20.55,33.6,0,3.75,0,0,0,0,0,0,0,1,0,0,0,0,1,0
1456-TWCGB,0,0,0,0,0,1,0,0,0,0,4,49.25,208.45,1,2.862499999999997,0,0,0,0,0,0,0,0,0,0,0,0,1,0
7596-ZYWBB,0,0,0,1,1,1,0,1,0,0,65,59.6,3739.8,3,2.0646153846153865,0,0,0,1,0,0,0,0,0,1,0,0,1,0
8329-UTMVM,1,0,0,1,0,1,0,1,1,1,27,104.65,2964.0,2,5.127777777777766,0,0,1,0,0,1,1,0,1,0,0,0,0,0
3014-WJKSM,0,1,0,1,0,0,1,0,0,0,29,75.3,2263.4,1,2.748275862068965,0,0,1,0,0,0,1,0,0,0,1,0,0,0
3347-YJZZE,0,1,1,0,0,1,1,0,1,1,29,80.1,2211.8,2,3.8310344827586107,0,0,1,0,0,1,0,0,0,0,1,0,0,0
7929-DMBCV,0,1,0,1,0,0,1,1,0,0,20,81.0,1683.7,2,3.1850000000000023,0,1,0,0,0,0,1,0,0,0,0,0,1,0
9661-JALZV,0,0,0,1,0,0,0,0,0,0,58,24.7,1519.0,0,1.4896551724137943,0,0,0,1,0,1,0,1,0,1,1,0,0,0
5433-KYGHE,0,0,1,1,1,0,0,1,0,0,14,86.0,1164.05,2,2.8535714285714278,0,1,0,0,0,1,1,0,0,0,0,0,1,0
4312-KFRXN,0,1,0,0,0,0,0,0,0,0,72,25.4,1710.9,0,1.6374999999999957,0,0,0,1,0,1,0,1,0,1,0,0,1,0
5575-TPIZQ,0,0,0,1,1,0,0,0,1,0,46,89.15,4245.55,1,3.1445652173913032,0,0,1,0,0,1,1,0,0,0,1,0,0,0
0114-IGABW,0,1,0,0,0,1,1,1,1,1,71,58.25,4145.9,3,0.14295774647887072,0,0,0,1,1,0,0,0,0,1,0,0,0,0
9944-AEXBM,0,0,0,1,0,0,0,0,0,1,32,85.65,2664.3,0,2.390625,0,0,1,0,0,1,1,0,0,0,0,0,0,0
1853-ARAAQ,0,0,0,1,0,0,1,0,1,1,26,50.35,1277.5,1,1.2153846153846146,0,0,1,0,1,0,0,0,0,0,1,0,0,0
6952-OMNWB,1,1,0,1,0,0,1,0,0,0,68,80.35,5589.3,1,1.8455882352941302,0,0,0,1,0,1,1,0,0,0,1,0,0,0
4697-LUPSU,0,1,0,0,0,0,0,0,0,0,2,20.2,34.75,0,2.8249999999999993,0,0,0,0,0,0,0,1,1,0,0,0,1,0
8434-VGEQQ,0,1,0,0,0,0,0,0,0,0,61,20.55,1305.95,0,0.8590163934426229,0,0,0,1,0,0,0,1,0,1,1,0,0,0
6549-YMFAW,1,1,0,1,0,0,0,0,0,0,9,21.25,204.55,0,1.4777777777777779,1,0,0,0,0,0,0,1,0,0,0,0,1,0
4950-HKQTE,0,0,0,0,0,0,0,0,0,0,22,26.25,605.9,0,1.2909090909090892,0,1,0,0,0,1,0,1,0,1,0,0,1,0
6786-OBWQR,0,1,1,1,0,0,0,0,1,0,5,80.85,356.1,0,9.629999999999995,0,0,0,0,0,0,1,0,0,0,0,1,0,0
2753-JMMCV,0,0,0,1,0,1,1,1,0,1,65,74.2,4805.65,3,0.26692307692309214,0,0,0,1,0,1,0,0,0,1,1,0,0,0
6621-YOBKI,0,0,0,0,0,0,0,0,0,0,5,20.35,92.75,0,1.8000000000000007,0,0,0,0,0,0,0,1,0,0,0,0,1,0
1216-JWVUX,0,1,1,1,0,1,0,0,0,0,25,75.5,1901.05,1,0.5420000000000016,0,0,1,0,0,0,1,0,0,0,0,1,0,0
7564-GHCVB,0,1,0,0,1,0,0,0,0,0,72,79.05,5730.7,1,0.5430555555555543,0,0,0,1,0,1,1,0,0,1,0,0,0,0
1173-NOEYG,0,1,0,0,0,0,1,0,0,1,27,90.15,2423.4,1,0.3944444444444457,0,0,1,0,0,1,1,0,0,0,0,0,0,0
7595-EHCDL,0,1,1,0,0,0,1,0,1,1,32,50.6,1653.45,1,1.0703125,0,0,1,0,1,0,0,0,0,0,1,0,0,0
6647-ZEDXT,0,0,0,0,0,1,1,1,1,1,30,110.45,3327.05,3,0.451666666666668,0,0,1,0,0,1,1,0,1,0,1,0,0,0
2521-NPUZR,0,1,0,0,1,1,1,1,0,1,70,101.0,7085.5,4,0.22142857142857508,0,0,0,1,0,0,1,0,0,1,1,0,0,0
1307-TVUFB,1,0,0,1,0,1,0,0,0,0,42,79.35,3344.1,1,0.27142857142857224,0,0,1,0,0,1,1,0,0,0,0,0,0,0
7503-MIOGA,1,1,0,1,1,1,1,1,1,1,72,89.85,6697.35,4,3.168750000000017,0,0,0,1,0,1,0,0,0,1,0,0,0,0
4381-MHQDC,0,0,0,1,1,0,1,1,0,0,47,65.0,2879.9,3,3.7255319148936152,0,0,1,0,0,1,0,0,0,1,0,0,1,0
6923-JHPMP,0,0,0,1,1,0,1,0,0,0,2,80.45,137.1,2,11.900000000000006,0,0,0,0,0,0,1,0,0,0,0,1,0,0
4018-PPNDW,0,1,0,1,0,0,0,0,0,0,61,24.1,1551.6,0,1.3360655737704903,0,0,0,1,0,1,0,1,0,1,0,0,1,0
1635-FJFCC,0,0,0,1,0,0,0,0,0,0,5,44.05,202.15,0,3.6199999999999974,0,0,0,0,0,0,0,0,0,0,1,0,0,0
2499-AJYUA,1,1,0,1,0,1,1,1,1,1,72,110.8,7882.25,3,1.3243055555555543,0,0,0,1,0,1,1,0,0,1,1,0,0,0
6919-ELBGL,1,1,0,1,1,1,1,1,1,1,72,114.95,8196.4,4,1.1111111111111143,0,0,0,1,0,1,1,0,0,1,0,0,0,0
3966-HRMZA,1,0,0,0,0,0,1,0,0,0,3,75.05,202.9,1,7.416666666666657,0,0,0,0,0,0,1,0,0,0,0,0,1,0
6425-JWTDV,0,1,0,0,0,0,0,0,0,0,48,19.25,855.1,0,1.435416666666665,0,0,1,0,0,0,0,1,0,1,0,0,1,0
8405-IGQFX,0,0,0,1,0,0,1,1,1,0,63,90.05,5817.0,2,2.2833333333333314,0,0,0,1,0,0,1,0,1,0,1,0,0,0
8224-IVVPA,0,0,0,1,1,1,0,0,0,0,27,56.7,1652.95,2,4.520370370370372,0,0,1,0,0,0,0,0,0,0,0,0,1,0
9477-LGWQI,0,1,0,1,1,1,1,0,1,1,70,80.15,5600.15,3,0.14785714285714846,0,0,0,1,0,0,0,0,0,1,1,0,0,0
1410-RSCMR,0,1,1,1,1,0,1,1,0,1,7,71.35,515.75,3,2.3285714285714363,1,0,0,0,0,0,0,0,0,0,1,0,0,0
3115-CZMZD,0,0,0,0,0,0,0,0,0,0,0,20.25,0.0,0,0.0,0,0,0,0,0,0,0,1,0,1,0,0,1,0
0139-IVFJG,0,1,0,0,1,1,0,0,1,0,2,90.35,190.5,2,4.900000000000006,0,0,0,0,0,0,1,0,0,0,0,1,0,0
5730-DBDSI,0,0,0,0,0,0,0,0,0,0,66,19.7,1253.8,0,0.7030303030303031,0,0,0,1,0,0,0,1,0,1,0,0,0,0
0030-FNXPP,0,0,0,0,0,0,0,0,0,0,3,19.85,57.2,0,0.783333333333335,0,0,0,0,0,0,0,1,0,0,0,0,1,0
5684-FJVYR,0,1,0,1,1,1,0,1,0,0,72,90.35,6563.4,3,0.8083333333333371,0,0,0,1,0,1,1,0,0,1,0,0,0,0
4013-GUXND,0,0,0,0,0,0,0,0,0,0,1,20.8,20.8,0,0.0,0,0,0,0,0,0,0,1,0,0,0,0,1,0
1266-NZYUI,0,1,0,0,1,0,1,1,0,0,72,66.85,4758.8,3,0.7555555555555458,0,0,0,1,0,1,0,0,0,1,0,0,0,0
7969-FFOWG,0,1,0,0,0,0,0,0,0,0,65,19.9,1292.6,0,0.013846153846152731,0,0,0,1,0,0,0,1,0,1,0,0,1,0
4718-DHSMV,0,0,0,1,0,0,0,0,1,0,11,35.8,363.15,0,2.786363636363639,1,0,0,0,1,0,0,0,0,0,0,0,1,0
5175-WLYXL,0,0,0,1,0,1,0,0,0,0,22,78.85,1600.25,1,6.1113636363636346,0,1,0,0,0,1,1,0,0,0,0,0,1,0
7817-OMJNA,0,0,0,0,0,0,0,0,0,0,14,20.4,275.7,0,0.7071428571428555,0,1,0,0,0,0,0,1,1,0,0,0,0,0
8728-SKJLR,0,0,0,1,0,0,0,1,0,0,41,74.25,3089.1,1,1.09390243902439,0,0,1,0,0,0,1,0,0,0,0,1,0,0
3137-NYQQI,0,1,0,0,1,1,0,0,0,1,17,64.8,1175.6,2,4.35294117647058,0,1,0,0,0,0,0,0,1,0,0,0,1,0
7706-DZNKK,0,0,0,1,0,0,0,0,0,0,11,20.45,237.3,0,1.1227272727272748,1,0,0,0,0,0,0,1,0,0,1,0,0,0
8823-RLPWL,0,1,0,1,1,1,1,0,1,1,72,110.65,8065.65,3,1.3729166666666544,0,0,0,1,0,1,1,0,0,1,1,0,0,0
9505-SQFSW,0,1,1,0,0,1,0,0,0,1,3,40.3,92.5,1,9.466666666666665,0,0,0,0,1,0,0,0,0,0,0,0,1,0
3758-CKOQL,0,1,0,1,1,1,1,1,0,1,59,107.0,6152.3,4,2.723728813559319,0,0,0,1,0,1,1,0,1,0,1,0,0,0
5676-CFLYY,0,1,0,1,0,1,0,1,1,1,71,73.35,5154.5,2,0.7514084507042185,0,0,0,1,0,0,0,0,0,1,1,0,0,0
7521-AFHAB,0,1,1,0,0,0,0,0,0,0,5,44.8,220.45,0,0.7100000000000009,0,0,0,0,0,0,0,0,0,0,0,0,1,0
0285-INHLN,0,1,1,1,1,1,0,0,0,0,27,54.75,1510.3,2,1.1870370370370367,0,0,1,0,0,0,0,0,0,0,1,0,0,0
5125-CNDSP,0,0,0,1,1,1,0,1,0,0,63,40.6,2588.95,3,0.49444444444444,0,0,0,1,1,0,0,0,1,0,0,0,0,0
4992-LTJNE,0,1,0,0,1,0,0,0,0,0,72,55.3,3983.6,1,0.027777777777778567,0,0,0,1,0,1,0,0,0,1,0,0,0,0
2202-OUTMO,0,1,0,1,1,0,0,1,0,0,34,60.85,2003.6,2,1.9205882352941188,0,0,1,0,0,1,0,0,0,0,0,0,0,0
0810-BDHAW,0,1,0,0,1,1,0,0,1,1,24,78.4,1832.4,2,2.049999999999997,0,1,0,0,0,1,0,0,1,0,0,1,0,0
0229-LFJAF,0,0,0,0,1,1,1,1,0,0,72,69.65,4908.25,4,1.47986111111112,0,0,0,1,0,1,0,0,0,1,0,0,0,0
7131-ZQZNK,0,1,0,0,1,0,1,1,1,1,60,59.85,3590.2,3,0.013333333333335418,0,0,0,1,1,0,0,0,0,1,1,0,0,0
3442-ZHHCC,0,0,0,1,1,1,1,0,0,1,68,76.9,5023.0,3,3.0323529411764696,0,0,0,1,0,1,0,0,1,0,1,0,0,0
5726-CVNYA,0,1,0,1,0,0,0,0,0,0,8,19.85,146.6,0,1.5250000000000021,1,0,0,0,0,0,0,1,0,1,0,0,1,0
9871-ELEYA,0,0,0,0,1,0,1,1,1,0,34,67.65,2339.3,3,1.1529411764705912,0,0,1,0,0,0,0,0,0,1,1,0,0,0
4257-GAESD,0,0,0,0,0,0,0,0,1,1,6,45.0,298.7,0,4.783333333333331,0,0,0,0,1,0,0,0,0,0,1,0,0,0
5173-WXOQV,0,1,0,1,0,1,0,1,0,1,2,64.2,143.65,2,7.625,0,0,0,0,0,0,0,0,0,0,0,0,1,0
2040-OBMLJ,0,0,0,0,0,0,0,1,0,0,31,81.7,2548.65,1,0.5145161290322591,0,0,1,0,0,1,1,0,1,0,1,0,0,0
6286-ZHAOK,0,1,1,1,0,0,0,0,0,0,20,25.55,507.4,0,0.18000000000000327,0,1,0,0,0,1,0,1,0,0,0,0,0,0
3807-XHCJH,0,1,1,0,0,0,0,0,0,0,1,20.0,20.0,0,0.0,0,0,0,0,0,0,0,1,0,0,0,1,0,0
5671-RQRLP,1,1,0,1,0,0,0,0,0,0,70,75.65,5411.4,0,1.655714285714268,0,0,0,1,0,1,1,0,0,1,1,0,0,0
8859-AXJZP,0,1,0,1,0,0,0,0,0,0,39,23.8,903.8,0,0.625641025641027,0,0,1,0,0,1,0,1,0,1,0,0,1,0
3174-AKMAS,0,1,0,1,0,1,0,1,1,0,46,64.2,3009.5,2,1.2239130434782624,0,0,1,0,0,0,0,0,0,1,1,0,0,0
9926-PJHDQ,0,1,0,1,0,0,1,0,1,1,72,76.8,5468.45,1,0.84930555555556,0,0,0,1,0,1,0,0,0,1,0,0,0,0
7382-DFJTU,0,0,0,0,0,0,1,1,0,0,18,55.2,1058.1,2,3.5833333333333286,0,1,0,0,0,0,0,0,0,0,1,0,0,0
2798-NYLMZ,0,1,0,1,1,0,1,1,1,1,71,108.55,7616.0,3,1.282394366197181,0,0,0,1,0,1,1,0,0,1,1,0,0,0
8098-TDCBU,0,1,0,0,0,0,0,0,0,0,42,25.25,1108.2,0,1.1357142857142861,0,0,1,0,0,1,0,1,0,1,0,1,0,0
3551-GAEGL,0,1,0,0,1,0,0,0,0,0,34,30.4,938.65,1,2.7926470588235297,0,0,1,0,1,0,0,0,1,0,0,0,0,0
4785-NKHCX,1,0,0,0,0,0,0,0,0,0,5,20.05,94.15,0,1.2199999999999989,0,0,0,0,0,0,0,1,0,0,0,0,0,0
3196-NVXLZ,0,0,0,1,0,0,0,0,1,0,25,84.6,2088.05,0,1.0779999999999887,0,0,1,0,0,1,1,0,0,0,0,0,1,0
0036-IHMOT,0,1,1,1,0,1,1,1,1,1,55,103.7,5656.75,3,0.8500000000000085,0,0,0,1,0,0,1,0,1,0,0,0,0,0
4178-EGMON,0,1,0,1,1,1,0,1,0,0,70,88.0,5986.45,3,2.479285714285723,0,0,0,1,0,1,1,0,0,1,1,0,0,0
4220-TINQT,0,1,0,1,0,0,1,1,1,1,61,106.35,6751.35,2,4.327868852459034,0,0,0,1,0,1,1,0,0,0,0,1,0,0
5318-YKDPV,0,1,0,1,1,0,1,1,1,1,43,79.15,3566.6,3,3.7941860465116264,0,0,1,0,0,0,0,0,0,1,1,0,0,0
7975-TZMLR,0,0,0,1,0,1,1,0,1,1,47,103.1,4889.3,2,0.9276595744680947,0,0,1,0,0,1,1,0,1,0,0,1,0,0
0295-QVKPB,0,0,0,1,0,0,1,1,1,0,5,63.95,318.1,2,0.3299999999999983,0,0,0,0,0,0,0,0,0,0,1,0,0,0
4335-BSMJS,0,0,0,1,0,0,0,0,0,0,62,25.8,1563.95,0,0.5749999999999993,0,0,0,1,0,1,0,1,0,1,1,0,0,0
9146-JRIOX,0,1,1,0,0,0,0,0,0,0,14,25.55,372.45,0,1.053571428571427,0,1,0,0,0,1,0,1,0,0,0,0,1,0
5337-IIWKZ,0,1,1,1,0,0,1,1,1,0,34,44.85,1442.6,2,2.420588235294119,0,0,1,0,1,0,0,0,0,0,0,1,0,0
9650-VBUOG,0,1,1,0,0,0,0,0,0,0,38,25.05,963.95,0,0.3171052631578952,0,0,1,0,0,1,0,1,0,1,1,0,0,0
3487-EARAT,0,1,0,0,1,1,1,1,0,1,70,74.1,5222.3,4,0.5042857142857287,0,0,0,1,0,0,0,0,1,0,1,0,0,0
2672-TGEFF,0,1,1,1,0,1,0,0,1,0,37,88.8,3340.55,1,1.4851351351351383,0,0,1,0,0,1,1,0,0,0,0,1,0,0
4250-WAROZ,1,1,1,1,1,1,0,0,0,1,60,93.25,5774.55,2,2.992500000000007,0,0,0,1,0,1,1,0,0,0,0,1,0,0
8184-WMOFI,0,1,0,0,1,0,1,1,0,1,62,71.4,4487.3,3,0.9758064516128968,0,0,0,1,0,0,0,0,1,0,1,0,0,0
6092-QZVPP,0,0,0,1,1,0,1,1,1,1,36,79.2,2854.95,3,0.10416666666665719,0,0,1,0,0,0,0,0,0,0,1,0,0,0
4625-LAMOB,0,0,0,0,0,0,0,0,0,0,44,20.4,905.55,0,0.18068181818181728,0,0,1,0,0,0,0,1,0,1,1,0,0,0
0392-BZIUW,0,1,0,1,1,0,1,0,1,1,72,105.0,7589.8,2,0.4138888888888914,0,0,0,1,0,1,1,0,0,1,1,0,0,0
6549-NNDYT,0,0,0,1,1,0,0,0,0,0,13,30.85,394.1,1,0.5346153846153854,0,1,0,0,1,0,0,0,0,0,0,0,0,0
0422-OHQHQ,0,1,0,0,0,0,0,0,0,0,15,20.55,295.95,0,0.8200000000000003,0,1,0,0,0,0,0,1,1,0,0,0,1,0
6916-HIJSE,0,0,0,1,1,1,1,1,1,1,65,84.85,5459.2,4,0.8623076923076951,0,0,0,1,0,0,0,0,0,1,0,0,0,0
2316-ESMLS,0,1,0,0,1,0,0,1,0,0,12,33.15,444.75,2,3.9125000000000014,1,0,0,0,1,0,0,0,1,0,1,0,0,0
9778-OGKQZ,0,1,0,1,1,1,1,1,1,1,72,92.0,6782.15,4,2.1965277777777743,0,0,0,1,0,1,0,0,0,1,1,0,0,0
7408-OFWXJ,0,1,0,0,1,1,1,1,1,1,72,89.8,6510.45,4,0.6229166666666686,0,0,0,1,0,1,0,0,0,1,1,0,0,0
6007-TCTST,0,1,1,1,1,1,1,1,1,1,72,115.8,8476.5,4,1.9291666666666742,0,0,0,1,0,1,1,0,0,1,0,0,0,0
2252-NKNSI,0,0,0,1,1,1,0,1,1,1,52,85.15,4461.85,3,0.6548076923076991,0,0,0,1,0,1,0,0,0,1,0,0,1,0
8713-IGZSO,0,0,0,0,0,0,0,0,0,0,2,24.85,62.0,0,6.149999999999999,0,0,0,0,0,1,0,1,0,0,0,0,1,0
7905-TVXTA,0,0,0,1,1,0,0,1,1,0,5,64.35,352.65,2,6.180000000000007,0,0,0,0,0,0,0,0,0,0,0,1,0,0
7695-PKLCZ,0,0,0,0,0,0,0,0,0,0,68,20.5,1424.9,0,0.45441176470588474,0,0,0,1,0,0,0,1,0,1,1,0,0,0
8374-UULRV,0,0,0,0,1,1,0,1,1,1,72,86.05,6309.65,3,1.5840277777777771,0,0,0,1,0,1,0,0,0,1,1,0,0,0
3224-DFQNQ,0,1,0,0,1,1,0,1,0,0,66,89.0,5898.6,3,0.3727272727272748,0,0,0,1,0,1,1,0,1,0,0,1,0,0
5275-PMFUT,0,1,0,1,1,1,1,1,1,1,72,64.8,4719.75,4,0.7520833333333314,0,0,0,1,1,0,0,0,0,1,1,0,0,0
4795-UXVCJ,0,0,0,0,0,0,0,0,0,0,26,19.8,457.3,0,2.2115384615384635,0,0,1,0,0,0,0,1,1,0,1,0,0,0
9777-IQHWP,0,1,1,0,1,0,1,0,0,1,64,93.4,5822.3,2,2.426562500000003,0,0,0,1,0,1,1,0,0,1,0,0,0,0
0979-MOZQI,0,1,0,1,0,0,0,1,1,0,62,39.0,2337.45,1,1.2991935483871018,0,0,0,1,1,0,0,0,0,1,0,0,0,0
2732-ISEZX,0,0,0,1,0,0,0,0,0,0,5,20.5,104.3,0,0.35999999999999943,0,0,0,0,0,0,0,1,0,0,0,0,1,0
0323-XWWTN,0,0,1,1,0,0,0,0,0,0,3,26.4,121.25,0,14.016666666666666,0,0,0,0,0,1,0,1,0,1,0,0,1,0
1937-OTUKY,0,1,0,1,1,0,1,1,1,0,72,98.2,7015.9,3,0.7569444444444571,0,0,0,1,0,1,1,0,0,1,0,0,0,0
1573-LGXBA,0,1,1,1,0,1,1,0,1,1,57,97.55,5598.0,2,0.6605263157894825,0,0,0,1,0,0,1,0,1,0,1,0,0,0
1764-VUUMT,0,0,1,0,0,0,0,0,0,0,66,19.95,1269.1,0,0.7212121212121225,0,0,0,1,0,0,0,1,0,1,1,0,0,0
4713-ZBURT,0,0,1,0,0,0,1,0,1,1,45,99.7,4634.35,1,3.285555555555561,0,0,1,0,0,1,1,0,0,1,0,0,0,0
3050-GBUSH,0,0,0,1,0,0,0,0,1,0,3,34.8,113.95,0,3.183333333333337,0,0,0,0,1,0,0,0,0,0,1,0,0,0
7876-AEHIG,0,0,0,0,1,0,1,1,1,1,51,60.15,3077.0,3,0.18333333333333712,0,0,0,1,1,0,0,0,1,0,0,0,0,0
7945-HLKEA,0,0,0,0,1,0,1,1,0,0,60,64.75,4039.5,3,2.575000000000003,0,0,0,1,0,1,0,0,1,0,0,1,0,0
9342-VNIMQ,0,0,0,1,0,1,0,0,0,0,33,54.65,1665.2,1,4.189393939393938,0,0,1,0,0,1,0,0,0,0,0,0,0,0
3523-BRGUW,1,0,0,0,0,0,0,0,0,0,26,19.3,504.2,0,0.09230769230769198,0,0,1,0,0,0,0,1,1,0,1,0,0,0
3199-NPKCN,0,1,0,1,1,0,1,1,1,1,67,111.25,7511.65,3,0.8641791044775999,0,0,0,1,0,1,1,0,1,0,0,1,0,0
5170-PTRKA,0,1,0,1,1,0,0,1,0,0,49,35.8,1782.0,2,0.5673469387755148,0,0,0,1,1,0,0,0,1,0,1,0,0,0
4661-NJEUX,0,0,0,1,0,0,0,0,0,0,1,20.05,20.05,0,0.0,0,0,0,0,0,0,0,1,0,0,0,0,1,0
2123-AGEEN,1,0,0,1,0,0,1,0,1,0,7,84.35,609.65,1,2.7428571428571473,1,0,0,0,0,0,1,0,0,0,0,1,0,0
1258-YMZNM,1,0,0,1,1,1,1,0,1,1,27,110.5,2857.6,3,4.662962962962965,0,0,1,0,0,1,1,0,1,0,0,0,0,0
0048-LUMLS,0,1,1,0,0,0,0,0,1,1,37,91.2,3247.55,0,3.428378378378383,0,0,1,0,0,0,1,0,1,0,1,0,0,0
5898-IGSLP,0,1,1,0,1,0,1,1,0,0,31,89.3,2823.0,3,1.764516129032259,0,0,1,0,0,1,1,0,0,0,0,1,0,0
6259-WJQLC,1,0,0,1,0,0,1,0,0,0,32,81.1,2619.25,1,0.7515625000000057,0,0,1,0,0,1,1,0,0,0,1,0,0,0
7997-EASSD,0,1,0,1,0,0,0,1,0,0,63,81.2,4965.1,1,2.3888888888888857,0,0,0,1,0,1,1,0,1,0,1,0,0,0
0730-KOAVE,0,0,0,1,1,1,0,0,0,1,30,94.3,2679.7,2,4.976666666666674,0,0,1,0,0,1,1,0,0,0,1,0,0,0
8975-SKGRX,0,1,0,1,1,1,1,1,1,1,71,116.1,8310.55,4,0.9499999999999886,0,0,0,1,0,1,1,0,0,1,0,0,0,0
0678-RLHVP,0,0,0,0,0,1,1,0,1,1,53,105.55,5682.25,2,1.6622641509434004,0,0,0,1,0,1,1,0,0,1,0,1,0,0
2267-FPIMA,0,1,0,1,1,1,0,0,0,1,50,94.4,4914.9,2,3.897999999999982,0,0,0,1,0,1,1,0,0,0,1,0,0,0
1051-GEJLJ,0,0,0,0,0,0,0,0,0,0,2,19.5,27.55,0,5.725,0,0,0,0,0,0,0,1,0,0,0,0,1,0
5285-MVEHD,0,1,0,1,1,1,1,0,1,1,56,105.6,6068.65,3,2.768749999999997,0,0,0,1,0,0,1,0,1,0,1,0,0,0
0379-DJQHR,0,1,0,0,1,1,1,0,1,1,67,81.35,5398.6,3,0.7738805970149087,0,0,0,1,0,0,0,0,0,1,1,0,0,0
5543-QDCRY,0,0,0,1,0,0,0,0,1,0,4,56.4,234.85,0,2.3125,0,0,0,0,0,0,0,0,0,0,0,1,0,0
0297-RBCSG,0,0,0,1,0,1,0,1,0,1,19,65.35,1231.85,2,0.5157894736842081,0,1,0,0,0,0,0,0,1,0,0,0,0,0
4694-PHWFW,0,0,1,0,0,0,0,0,0,0,8,19.95,170.9,0,1.4125000000000014,1,0,0,0,0,0,0,1,0,0,0,0,1,0
0835-JKADZ,0,0,0,1,0,1,1,1,1,1,71,111.25,7984.15,3,1.2028169014084398,0,0,0,1,0,1,1,0,0,1,0,1,0,0
7508-SMHXL,1,0,0,0,0,1,0,0,1,0,15,89.0,1288.3,1,3.1133333333333297,0,1,0,0,0,1,1,0,0,0,1,0,0,0
3865-YIOTT,0,1,1,1,1,0,1,0,1,1,72,106.1,7848.5,2,2.9069444444444485,0,0,0,1,0,1,1,0,1,0,0,0,0,0
5993-BQHEA,0,0,0,0,0,0,0,0,0,0,12,20.05,267.0,0,2.1999999999999993,1,0,0,0,0,0,0,1,1,0,1,0,0,0
6024-RUGGH,0,1,1,1,0,0,0,0,0,0,72,25.2,1798.9,0,0.21527777777777501,0,0,0,1,0,1,0,1,0,1,0,0,0,0
3956-CJUST,1,0,0,1,1,0,0,0,0,0,23,75.4,1643.55,1,3.9413043478260903,0,1,0,0,0,0,1,0,0,0,0,0,0,0
4079-WWQQQ,0,0,0,1,1,1,1,1,1,1,72,65.55,4807.45,4,1.2201388888888829,0,0,0,1,1,0,0,0,0,1,0,0,0,0
6103-BOCOU,0,0,0,1,0,0,1,0,0,0,26,80.7,2193.0,1,3.6461538461538368,0,0,1,0,0,1,1,0,0,0,0,1,0,0
5149-TGWDZ,0,0,0,1,0,1,1,1,1,1,21,104.55,2239.4,3,2.0880952380952493,0,1,0,0,0,0,1,0,1,0,0,0,1,0
7471-WNSUF,0,1,0,0,0,0,0,0,0,0,60,24.15,1505.9,0,0.9483333333333377,0,0,0,1,0,1,0,1,1,0,0,0,0,0
8942-DBMHZ,0,0,0,0,0,0,0,0,0,0,12,20.45,255.35,0,0.8291666666666657,1,0,0,0,0,0,0,1,0,0,0,0,1,0
4301-VVZKA,0,1,0,1,0,0,0,0,0,0,16,75.4,1189.4,0,1.0625,0,1,0,0,0,1,1,0,0,0,0,1,0,0
9199-PWQVC,0,1,0,1,1,1,0,0,1,1,63,79.7,4786.15,2,3.729365079365081,0,0,0,1,0,1,0,0,1,0,1,0,0,0
4824-GUCBY,1,0,0,0,1,1,0,0,0,0,22,81.7,1820.9,2,1.068181818181813,0,1,0,0,0,0,1,0,0,0,0,1,0,0
5393-HJZSM,0,1,1,0,1,1,1,1,0,1,32,76.3,2404.15,4,1.1703124999999943,0,0,1,0,0,0,0,0,0,0,0,0,0,0
0862-PRCBS,0,1,1,1,0,1,0,1,1,1,68,103.75,7039.45,2,0.22867647058824048,0,0,0,1,0,1,1,0,0,1,1,0,0,0
8812-ZRHFP,0,1,1,0,0,0,1,0,0,1,30,86.45,2538.05,1,1.8483333333333292,0,0,1,0,0,0,1,0,1,0,0,1,0,0
5146-CBVOE,0,0,0,0,0,1,0,0,0,0,16,75.1,1212.85,1,0.703125,0,1,0,0,0,0,1,0,0,0,0,0,0,0
0454-OKRCT,0,0,0,0,0,1,0,1,0,0,33,80.6,2651.1,2,0.26363636363636545,0,0,1,0,0,0,1,0,0,1,0,0,0,0
5787-KXGIY,0,1,0,0,0,0,0,0,0,0,72,19.3,1304.8,0,1.1777777777777807,0,0,0,1,0,0,0,1,0,1,1,0,0,0
4198-VFOEA,0,0,0,1,1,0,0,1,0,0,12,33.6,435.45,2,2.6875,1,0,0,0,1,0,0,0,1,0,0,0,1,0
6630-UJZMY,1,1,0,1,0,0,0,0,1,0,4,83.25,308.05,0,6.237499999999997,0,0,0,0,0,1,1,0,0,0,0,1,0,0
5709-LVOEQ,0,1,0,0,1,1,1,0,1,1,0,80.85,0.0,3,0.0,0,0,0,0,0,0,0,0,0,1,0,0,1,0
2692-AQCPF,0,1,0,1,0,1,1,1,1,1,65,108.05,7118.9,3,1.471538461538458,0,0,0,1,0,1,1,0,1,0,1,0,0,0
0347-UBKUZ,0,0,0,0,0,0,0,0,0,0,15,19.9,320.45,0,1.4633333333333347,0,1,0,0,0,0,0,1,0,0,0,0,1,0
0835-DUUIQ,0,0,0,0,0,0,0,0,0,0,24,21.05,531.55,0,1.0979166666666629,0,1,0,0,0,0,0,1,1,0,0,0,0,0
0811-GSDTP,0,0,1,0,0,1,0,0,0,0,13,30.15,382.2,1,0.75,0,1,0,0,1,0,0,0,0,0,0,1,0,0
7567-ECMCM,0,0,0,1,0,0,0,0,0,1,24,79.85,2001.0,0,3.5250000000000057,0,1,0,0,0,0,1,0,0,0,1,0,0,0
6115-ZTBFQ,0,1,0,0,1,1,1,1,1,1,72,65.5,4919.7,4,2.8291666666666657,0,0,0,1,1,0,0,0,0,1,0,0,0,0
6353-BRMMA,0,1,1,1,1,1,0,0,1,1,54,104.1,5645.8,2,0.45185185185185617,0,0,0,1,0,1,1,0,0,0,0,0,0,0
6231-WFGFH,0,1,1,1,0,0,0,0,0,0,4,20.5,77.6,0,1.1000000000000014,0,0,0,0,0,0,0,1,0,0,0,0,1,0
9904-EHEVJ,1,1,1,1,0,0,1,0,1,0,32,91.35,2896.55,1,0.8328124999999886,0,0,1,0,0,1,1,0,0,0,0,0,1,0
6169-PPETC,0,1,1,0,0,0,0,0,0,0,35,20.5,759.35,0,1.1957142857142848,0,0,1,0,0,0,0,1,0,1,0,0,0,0
8584-KMVXD,0,0,0,0,0,1,0,0,0,0,8,75.6,535.55,1,8.65625,1,0,0,0,0,0,1,0,0,0,0,1,0,0
8467-WYNSR,0,0,0,0,1,0,0,1,0,0,22,55.1,1253.15,2,1.8613636363636417,0,1,0,0,0,0,0,0,0,0,0,0,1,0
0851-DFJKB,0,0,0,0,1,0,1,1,0,0,15,58.95,955.15,3,4.7266666666666595,0,1,0,0,0,0,0,0,0,0,0,1,0,0
5382-SOYZL,0,0,0,1,0,0,0,0,1,1,22,95.1,2162.6,0,3.200000000000003,0,1,0,0,0,1,1,0,0,0,0,1,0,0
3261-CQXOL,0,1,1,0,0,0,0,0,0,0,71,25.45,1813.35,0,0.09014084507042242,0,0,0,1,0,1,0,1,0,1,0,0,0,0
8388-FYNPZ,0,0,0,0,1,0,1,0,0,0,4,56.75,245.15,2,4.537500000000001,0,0,0,0,0,0,0,0,0,0,0,1,0,0
4002-BQWPQ,0,0,0,0,1,1,1,1,0,1,25,81.75,2028.8,4,0.597999999999999,0,0,1,0,0,1,0,0,0,0,0,0,0,0
5651-YLPRD,0,1,1,1,0,1,0,0,1,0,32,86.1,2723.75,1,0.9828124999999943,0,0,1,0,0,0,1,0,0,0,0,1,0,0
2826-DXLQO,1,1,0,0,1,0,0,0,0,0,7,29.8,220.45,1,1.6928571428571395,1,0,0,0,1,0,0,0,0,0,0,0,0,0
4378-BZYFP,0,0,0,1,0,0,0,0,0,0,17,20.5,365.8,0,1.0176470588235311,0,1,0,0,0,0,0,1,1,0,0,0,1,0
9489-UTFKA,1,1,0,0,1,0,0,0,1,0,8,60.9,551.95,1,8.093750000000007,1,0,0,0,0,0,0,0,0,0,0,0,0,0
4849-PYRLQ,1,0,0,0,1,0,1,1,0,1,56,73.25,4054.2,3,0.8535714285714278,0,0,0,1,0,1,0,0,0,1,0,0,0,0
7764-BDPEE,0,0,1,0,0,0,0,0,0,0,3,20.85,60.65,0,0.6333333333333364,0,0,0,0,0,0,0,1,0,0,0,0,1,0
3429-IFLEM,0,0,0,0,1,1,1,1,1,0,71,77.35,5550.1,4,0.8204225352112786,0,0,0,1,0,0,0,0,0,1,1,0,0,0
5002-GCQFH,0,1,0,1,1,1,0,0,1,0,49,93.85,4733.1,2,2.743877551020418,0,0,0,1,0,1,1,0,0,0,0,0,0,0
0556-FJEGU,0,0,0,0,0,1,1,1,1,0,58,70.1,4048.95,3,0.29051724137930535,0,0,0,1,0,0,0,0,0,1,0,0,0,0
0604-THJFP,0,1,0,1,0,1,0,1,1,1,59,75.95,4542.35,2,1.0389830508474631,0,0,0,1,0,0,0,0,0,1,1,0,0,0
5879-SESNB,0,0,0,0,0,0,0,0,0,0,11,75.25,888.65,0,5.536363636363632,1,0,0,0,0,1,1,0,0,0,0,1,0,0
6461-PPAXN,0,1,0,1,1,0,0,1,0,0,35,54.95,1916.0,2,0.20714285714286262,0,0,1,0,0,0,0,0,1,0,0,0,0,0
3318-ISQFQ,0,0,0,1,0,0,0,0,0,0,20,19.5,413.0,0,1.1499999999999986,0,1,0,0,0,0,0,1,0,0,0,0,0,0
1106-HRLKZ,0,1,1,0,0,0,0,0,0,0,40,19.6,808.95,0,0.6237500000000011,0,0,1,0,0,0,0,1,0,1,0,0,1,0
2483-XSSMZ,0,0,0,1,1,0,0,0,0,0,39,47.85,1886.4,1,0.5192307692307736,0,0,1,0,0,0,0,0,1,0,0,1,0,0
8165-ZJRNM,0,1,1,0,0,0,0,0,0,0,72,23.75,1679.25,0,0.42708333333333215,0,0,0,1,0,1,0,1,0,1,0,0,0,0
2604-XVDAM,0,0,0,0,0,0,0,0,0,0,12,43.8,540.95,0,1.2791666666666757,1,0,0,0,0,0,0,0,0,0,0,0,0,0
3717-OFRTN,0,0,0,0,0,0,0,0,0,0,1,19.75,19.75,0,0.0,0,0,0,0,0,0,0,1,0,0,0,0,0,0
9046-JBFWA,0,0,1,0,0,0,0,0,0,0,27,19.15,537.35,0,0.7518518518518533,0,0,1,0,0,0,0,1,0,0,0,0,1,0
3280-NMUVX,0,1,0,0,0,0,0,0,0,0,34,19.6,678.8,0,0.3647058823529399,0,0,1,0,0,0,0,1,1,0,1,0,0,0
1206-EHBDD,0,1,0,0,1,0,1,0,0,0,56,80.3,4513.65,2,0.3008928571428555,0,0,0,1,0,0,1,0,0,1,0,0,0,0
8361-LBRDI,0,0,0,0,0,0,0,0,0,0,58,24.35,1423.85,0,0.1991379310344783,0,0,0,1,0,1,0,1,0,1,1,0,0,0
4883-KCPZJ,0,1,1,0,0,0,0,0,0,0,22,25.25,555.4,0,0.004545454545453964,0,1,0,0,0,1,0,1,0,1,1,0,0,0
9108-EQPNQ,0,1,1,0,0,0,0,0,0,0,10,26.1,225.55,0,3.5450000000000017,1,0,0,0,0,1,0,1,0,1,1,0,0,0
7277-KAMWT,0,0,0,0,0,0,0,0,0,0,13,20.0,268.45,0,0.6499999999999986,0,1,0,0,0,0,0,1,0,1,1,0,0,0
2545-LXYVJ,0,1,0,0,0,0,0,0,0,0,72,20.7,1492.1,0,0.023611111111112137,0,0,0,1,0,0,0,1,0,1,0,0,0,0
3234-VKACU,0,0,0,0,0,0,0,1,1,1,2,70.3,132.4,1,4.099999999999994,0,0,0,0,0,0,0,0,0,0,0,1,0,0
8120-JDCAM,0,1,1,1,0,0,0,0,0,0,4,69.55,284.9,0,1.6749999999999972,0,0,0,0,0,0,1,0,0,0,0,0,1,0
8917-FAEMR,0,0,0,0,0,0,0,0,0,0,37,19.85,784.25,0,1.345945945945946,0,0,1,0,0,0,0,1,0,1,0,0,1,0
7047-YXDMZ,0,0,0,0,0,0,0,0,0,0,21,20.0,417.7,0,0.10952380952381091,0,1,0,0,0,0,0,1,0,0,0,0,1,0
2858-EIMXH,1,1,0,1,0,0,0,0,1,1,53,95.85,5016.25,0,1.2037735849056617,0,0,0,1,0,1,1,0,1,0,1,0,0,0
6419-ZTTLE,1,1,0,1,0,0,0,0,0,0,23,20.75,485.2,0,0.3456521739130416,0,1,0,0,0,0,0,1,1,0,0,1,0,0
0929-HYQEW,0,0,0,1,1,0,0,0,0,0,3,50.15,160.85,1,3.4666666666666686,0,0,0,0,0,0,0,0,0,0,0,0,1,0
6614-YOLAC,0,1,0,0,1,1,0,1,1,1,71,58.65,4145.25,3,0.26619718309859053,0,0,0,1,1,0,0,0,0,1,0,0,1,0
7426-RHZGU,0,0,0,1,0,0,0,1,1,1,9,95.9,827.45,1,3.9611111111111086,1,0,0,0,0,0,1,0,0,0,0,0,0,0
4065-JJAVA,0,0,0,0,0,1,0,0,0,0,1,49.5,49.5,1,0.0,0,0,0,0,0,0,0,0,0,0,0,1,0,0
7649-SIJJF,0,1,0,1,1,1,1,1,0,1,71,80.1,5585.4,4,1.4323943661971867,0,0,0,1,0,1,0,0,0,1,0,0,1,0
9361-YNQWJ,0,0,0,1,0,0,0,0,0,0,64,24.4,1601.2,0,0.6187500000000021,0,0,0,1,0,1,0,1,1,0,0,0,0,0
3748-FVMZZ,0,0,0,1,0,0,0,1,0,1,4,40.05,162.45,1,0.5625,0,0,0,0,1,0,0,0,0,0,0,1,0,0
9391-TTOYH,0,0,0,1,0,0,0,0,0,0,23,19.5,470.2,0,0.9434782608695649,0,1,0,0,0,0,0,1,0,0,0,0,1,0
1452-XRSJV,0,1,1,0,1,0,0,0,0,0,39,51.05,2066.0,1,1.9243589743589737,0,0,1,0,0,0,0,0,0,0,1,0,0,0
3422-WJOYD,0,1,0,0,1,0,0,1,0,0,28,54.35,1426.45,2,3.4053571428571416,0,0,1,0,0,0,0,0,1,0,0,0,1,0
8242-SOQUO,1,0,0,1,0,1,0,0,1,0,5,84.7,392.5,1,6.200000000000003,0,0,0,0,0,0,1,0,0,0,0,1,0,0
7460-ITWWP,1,1,0,1,0,0,1,0,0,1,45,86.1,3861.45,1,0.28999999999999204,0,0,1,0,0,0,1,0,0,0,0,1,0,0
7147-AYBAA,0,0,0,1,0,0,0,0,0,0,37,70.35,2552.9,0,1.3527027027027003,0,0,1,0,0,0,1,0,0,0,0,0,1,0
7868-TMWMZ,1,1,0,1,1,1,1,1,1,1,60,110.0,6668.35,4,1.139166666666668,0,0,0,1,0,0,1,0,0,1,0,0,0,0
6732-FZUGP,0,0,0,0,1,0,1,0,1,0,47,94.9,4615.25,2,3.296808510638286,0,0,1,0,0,1,1,0,1,0,1,0,0,0
8329-GWVPJ,0,1,1,1,0,0,0,0,0,0,50,69.75,3557.7,0,1.4039999999999964,0,0,0,1,0,0,1,0,0,0,0,0,0,0
1352-VHKAJ,0,1,1,0,0,0,0,1,1,1,27,71.6,1957.1,1,0.8851851851851933,0,0,1,0,0,1,0,0,0,0,0,0,0,0
2632-TACXW,0,1,0,0,0,0,0,0,0,0,62,23.65,1416.75,0,0.7991935483870947,0,0,0,1,0,1,0,1,0,1,0,0,0,0
8146-QQKZH,0,1,0,0,1,0,1,1,1,1,71,81.85,5924.4,3,1.5922535211267643,0,0,0,1,0,0,0,0,0,1,0,0,0,0
1767-CJKBA,0,0,0,0,0,0,0,0,0,0,66,25.1,1697.7,0,0.6227272727272712,0,0,0,1,0,1,0,1,0,1,0,0,1,0
6445-TNRXS,0,1,1,1,1,1,1,1,1,1,68,114.7,7849.85,4,0.7389705882352899,0,0,0,1,0,1,1,0,0,1,0,0,0,0
4581-LNWUM,0,0,0,0,0,0,1,0,1,1,13,49.15,649.4,1,0.8038461538461519,0,1,0,0,1,0,0,0,0,0,0,1,0,0
4869-EPIUS,0,1,0,1,0,0,0,0,0,1,56,80.9,4557.5,0,0.4839285714285637,0,0,0,1,0,0,1,0,1,0,0,1,0,0
1915-OAKWD,0,0,0,1,0,0,0,0,0,0,16,19.3,360.35,0,3.2218750000000007,0,1,0,0,0,0,0,1,1,0,0,0,0,0
7296-PIXQY,0,1,1,0,0,0,0,0,0,0,14,70.2,1046.5,0,4.549999999999997,0,1,0,0,0,0,1,0,0,0,0,1,0,0
3354-OADJP,0,0,0,0,1,0,0,1,0,0,8,54.25,447.75,2,1.71875,1,0,0,0,0,0,0,0,1,0,0,0,0,0
3524-WQDSG,0,1,1,1,0,0,1,0,1,1,43,99.3,4209.95,1,1.394186046511635,0,0,1,0,0,1,1,0,0,0,0,0,0,0
0810-DHDBD,0,0,0,0,1,0,1,1,1,0,52,74.0,3877.65,3,0.5701923076923094,0,0,0,1,0,1,0,0,1,0,1,0,0,0
4026-SKKHW,0,0,0,1,0,0,0,1,0,0,3,50.25,152.3,1,0.5166666666666728,0,0,0,0,0,0,0,0,0,0,0,0,1,0
2829-HYVZP,0,0,0,1,0,0,0,0,0,0,29,19.8,572.2,0,0.06896551724137723,0,0,1,0,0,0,0,1,1,0,0,0,1,0
3845-JHAMY,0,1,1,1,0,0,0,0,0,1,16,35.5,552.7,0,0.9562499999999972,0,1,0,0,1,0,0,0,0,0,1,0,0,0
7013-PSXHK,0,0,0,1,0,0,1,1,1,1,40,80.75,3208.65,2,0.5337499999999977,0,0,1,0,0,1,0,0,1,0,0,0,1,0
3486-NPGST,0,0,0,0,0,0,0,0,0,0,36,19.55,620.75,0,2.3069444444444436,0,0,1,0,0,0,0,1,1,0,0,0,1,0
6100-FJZDG,0,1,0,1,0,0,0,0,0,0,26,20.05,505.9,0,0.5923076923076955,0,0,1,0,0,0,0,1,1,0,0,0,0,0
4829-ZLJTK,1,1,0,1,1,1,1,0,1,1,72,112.4,8046.85,3,0.6381944444444514,0,0,0,1,0,1,1,0,0,1,0,1,0,0
1730-VFMWO,0,1,0,0,0,0,0,1,0,0,34,50.2,1815.3,1,3.191176470588232,0,0,1,0,0,0,0,0,0,0,0,0,0,0
7143-BQIBA,0,0,0,0,1,0,0,1,1,0,10,62.25,612.95,2,0.9549999999999983,1,0,0,0,0,0,0,0,0,0,0,0,0,0
3800-LYTRK,0,0,0,0,1,0,0,1,0,0,14,55.7,795.15,2,1.096428571428568,0,1,0,0,0,0,0,0,1,0,0,0,1,0
9646-NMHXE,0,1,0,0,0,0,0,0,0,0,47,19.65,973.1,0,1.0542553191489397,0,0,1,0,0,0,0,1,0,1,0,0,1,0
7030-NJVDP,0,1,0,1,1,0,0,1,0,1,24,89.25,2210.2,2,2.8416666666666544,0,1,0,0,0,0,1,0,0,0,0,1,0,0
8883-GRDWQ,1,0,0,0,1,0,0,1,0,0,20,54.0,1055.9,2,1.2049999999999983,0,1,0,0,0,0,0,0,1,0,0,0,1,0
7771-ZONAT,0,0,0,0,0,0,1,1,1,1,22,56.75,1304.85,2,2.5613636363636303,0,1,0,0,1,0,0,0,0,1,0,0,0,0
2111-DWYHN,0,0,0,0,0,0,0,0,0,0,1,21.1,21.1,0,0.0,0,0,0,0,0,0,0,1,0,0,0,0,1,0
4194-WHFCB,0,1,1,1,0,1,0,1,0,1,59,96.65,5580.8,2,2.0601694915254285,0,0,0,1,0,1,1,0,0,0,0,0,0,0
4121-AGSIN,0,1,0,1,0,0,0,0,0,0,58,24.5,1497.9,0,1.3258620689655203,0,0,0,1,0,1,0,1,1,0,1,0,0,0
9845-PEEKO,1,0,0,1,0,1,0,0,0,0,59,79.2,4590.35,1,1.3974576271186407,0,0,0,1,0,1,1,0,0,1,1,0,0,0
0455-XFASS,0,1,1,1,0,0,0,0,0,0,3,69.55,200.2,0,2.816666666666663,0,0,0,0,0,0,1,0,0,0,0,1,0,0
0301-KOBTQ,0,0,0,1,0,0,0,0,0,0,32,20.05,614.45,0,0.8484374999999993,0,0,1,0,0,0,0,1,0,1,0,0,0,0
1751-NCDLI,1,1,0,1,0,0,1,0,1,1,46,98.85,4564.9,1,0.38695652173912265,0,0,1,0,0,1,1,0,0,0,0,1,0,0
4367-NUYAO,0,1,1,0,0,0,0,0,0,0,0,25.75,0.0,0,0.0,0,0,0,0,0,1,0,1,0,1,0,0,1,0
9170-ARBTB,0,1,0,0,0,0,0,0,0,0,52,19.6,1012.4,0,0.13076923076923208,0,0,0,1,0,0,0,1,1,0,1,0,0,0
7241-AJHFS,0,0,0,0,1,0,0,1,0,0,32,87.65,2766.4,2,1.2000000000000028,0,0,1,0,0,1,1,0,0,0,0,0,0,0
4546-FOKWR,0,0,0,1,0,0,0,0,0,0,16,74.75,1129.35,0,4.165625000000006,0,1,0,0,0,1,1,0,0,0,1,0,0,0
9036-CSKBW,0,0,0,0,1,1,1,0,1,1,51,107.45,5680.9,3,3.940196078431356,0,0,0,1,0,1,1,0,1,0,0,0,0,0
5832-TRLPB,0,0,0,1,0,0,1,1,1,1,29,75.35,2243.9,2,2.025862068965523,0,0,1,0,0,0,0,0,1,0,0,0,0,0
8590-YFFQO,0,1,0,0,1,1,1,1,0,0,70,64.95,4523.25,4,0.3321428571428555,0,0,0,1,0,0,0,0,0,1,1,0,0,0
8659-IOOPU,0,1,1,0,1,0,1,1,0,1,71,100.45,7159.7,3,0.3908450704225288,0,0,0,1,0,1,1,0,0,1,0,1,0,0
1338-CECEE,0,1,0,0,0,1,1,0,1,0,41,68.5,2839.95,2,0.767073170731706,0,0,1,0,0,1,0,0,1,0,0,0,0,0
7439-DKZTW,0,0,0,1,0,0,0,0,1,0,1,80.55,80.55,0,0.0,0,0,0,0,0,0,1,0,0,0,0,1,0,0
4646-QZXTF,0,1,0,0,1,0,1,1,1,1,7,81.25,580.1,3,1.6214285714285808,1,0,0,0,0,0,0,0,0,0,0,0,0,0
9742-XOKTS,0,1,1,0,1,1,0,1,0,0,67,89.55,6038.55,3,0.5776119402985103,0,0,0,1,0,1,1,0,1,0,0,1,0,0
6921-OZMFH,0,1,1,1,0,0,0,1,0,0,5,55.7,259.4,1,3.8200000000000074,0,0,0,0,0,1,0,0,0,0,0,0,1,0
9578-FOMUK,0,0,1,1,0,0,0,0,0,0,15,24.8,324.15,0,3.1900000000000013,0,1,0,0,0,1,0,1,0,0,0,1,0,0
4712-UYOOI,0,1,1,0,0,0,0,0,0,0,20,20.0,417.65,0,0.8825000000000003,0,1,0,0,0,0,0,1,0,0,0,1,0,0
7722-CVFXN,0,1,1,1,0,1,0,1,1,1,54,105.2,5637.85,2,0.7953703703703638,0,0,0,1,0,1,1,0,1,0,0,1,0,0
8717-VCTXJ,0,0,0,1,0,0,0,0,0,0,42,19.55,839.4,0,0.4357142857142833,0,0,1,0,0,0,0,1,1,0,0,0,1,0
7363-QTBIW,0,1,0,1,0,0,0,0,0,1,9,79.75,769.1,0,5.705555555555563,1,0,0,0,0,0,1,0,0,0,0,1,0,0
4159-NAAIX,0,0,0,0,0,1,0,0,1,1,63,97.45,6253.0,1,1.8039682539682502,0,0,0,1,0,1,1,0,0,1,0,0,0,0
0971-QIFJK,0,1,0,0,0,0,0,0,0,0,69,24.25,1641.8,0,0.4557971014492743,0,0,0,1,0,1,0,1,0,1,0,0,0,0
9397-TZSHA,0,0,0,0,0,0,0,0,0,0,69,24.6,1678.05,0,0.2804347826086975,0,0,0,1,0,1,0,1,0,1,1,0,0,0
3391-JSQEW,0,1,0,1,0,1,0,0,0,0,40,50.15,2058.5,1,1.3125,0,0,1,0,0,0,0,0,0,0,0,0,1,0
0343-QLUZP,0,0,0,0,1,1,1,0,0,0,60,39.6,2424.5,3,0.80833333333333,0,0,0,1,1,0,0,0,0,1,0,0,0,0
2176-LVPNX,1,0,0,0,1,1,1,1,1,1,71,89.85,6293.45,4,1.2098591549295747,0,0,0,1,0,1,0,0,0,1,0,0,1,0
3312-UUMZW,0,1,0,1,0,1,0,0,1,1,32,98.85,3145.9,1,0.5406249999999915,0,0,1,0,0,1,1,0,0,0,1,0,0,0
1271-UODNO,0,0,0,1,0,0,0,1,0,0,39,53.85,2200.7,1,2.57820512820512,0,0,1,0,0,1,0,0,0,1,1,0,0,0
8461-EFQYM,0,0,0,1,0,0,0,0,0,0,38,24.25,914.4,0,0.1868421052631568,0,0,1,0,0,1,0,1,1,0,0,1,0,0
6900-RBKER,0,0,0,1,0,0,1,0,0,1,52,89.45,4577.75,1,1.4163461538461632,0,0,0,1,0,1,1,0,0,1,1,0,0,0
6891-JPYFF,0,1,1,1,1,1,0,0,1,1,48,105.25,4997.5,2,1.1354166666666714,0,0,1,0,0,1,1,0,0,0,1,0,0,0
1459-QNFQT,0,1,0,0,1,0,1,1,1,1,70,59.5,4144.8,3,0.2885714285714229,0,0,0,1,1,0,0,0,0,1,0,0,0,0
1047-NNCBF,0,0,0,0,0,0,0,0,0,0,20,70.55,1493.55,0,4.127499999999998,0,1,0,0,0,0,1,0,0,0,1,0,0,0
3696-XRIEN,0,0,0,1,1,0,1,1,1,1,50,82.5,4179.1,3,1.0820000000000078,0,0,0,1,0,1,0,0,1,0,1,0,0,0
0074-HDKDG,0,1,0,1,1,1,1,0,0,0,25,61.6,1611.0,3,2.8399999999999963,0,0,1,0,0,0,0,0,1,0,0,0,0,0
8791-GFXLZ,0,0,0,1,0,1,0,0,0,0,12,49.05,593.05,1,0.37083333333333,1,0,0,0,0,0,0,0,0,0,0,0,0,0
9330-DHBFL,0,1,0,1,1,1,1,1,0,0,23,66.25,1533.8,4,0.436956521739134,0,1,0,0,0,0,0,0,1,0,0,0,1,0
0098-BOWSO,0,0,0,1,0,0,0,0,0,0,27,19.4,529.8,0,0.22222222222222143,0,0,1,0,0,0,0,1,0,0,0,1,0,0
3452-ABWRL,1,0,0,1,0,0,0,0,1,0,47,86.05,3865.6,0,3.8031914893616943,0,0,1,0,0,1,1,0,0,0,1,0,0,0
5859-HZYLF,0,1,1,1,0,0,0,0,0,0,26,19.15,515.75,0,0.6865384615384613,0,0,1,0,0,0,0,1,0,1,1,0,0,0
3156-QLHBO,0,0,1,0,0,0,0,0,0,0,2,19.25,48.35,0,4.925000000000001,0,0,0,0,0,0,0,1,0,0,0,0,1,0
2208-NQBCT,0,1,1,0,1,1,0,0,0,0,26,81.95,2070.05,2,2.332692307692298,0,0,1,0,0,0,1,0,0,0,0,1,0,0
1779-PWPMG,1,1,0,1,1,1,1,1,1,1,72,114.65,8333.95,4,1.09930555555556,0,0,0,1,0,1,1,0,0,1,0,0,0,0
6621-NRZAK,0,1,1,0,0,0,0,0,0,0,63,20.0,1209.25,0,0.8055555555555571,0,0,0,1,0,0,0,1,0,1,1,0,0,0
0831-JNISG,0,1,1,0,0,0,0,0,0,0,71,19.8,1396.25,0,0.13450704225352084,0,0,0,1,0,0,0,1,0,1,0,0,1,0
0774-IFUVM,0,1,1,1,1,0,0,0,1,0,11,65.15,723.35,1,0.6090909090909093,1,0,0,0,0,1,0,0,0,0,0,0,0,0
3082-WQRVY,1,1,0,0,0,0,0,0,0,0,14,19.65,228.65,0,3.3178571428571395,0,1,0,0,0,0,0,1,1,0,0,0,1,0
9553-DLCLU,0,0,0,0,1,1,1,1,1,1,13,88.95,1161.75,4,0.41538461538461036,0,1,0,0,0,1,0,0,0,1,1,0,0,0
1641-BYBTK,0,0,1,1,0,0,0,0,0,0,6,20.2,98.35,0,3.8083333333333336,0,0,0,0,0,0,0,1,0,0,0,0,1,0
2460-NGXBJ,1,1,1,1,0,0,0,0,0,0,11,75.2,775.3,0,4.718181818181819,1,0,0,0,0,1,1,0,0,0,1,0,0,0
2446-ZKVAF,0,1,0,0,0,1,0,0,0,0,18,56.8,1074.65,1,2.9027777777777857,0,1,0,0,0,1,0,0,0,0,1,0,0,0
3522-CDKHF,0,1,0,1,1,0,0,0,0,0,32,75.5,2324.7,1,2.8531250000000057,0,0,1,0,0,0,1,0,0,0,0,0,0,0
1430-SFQSA,0,0,0,0,1,0,0,1,0,0,29,35.6,1072.6,2,1.3862068965517196,0,0,1,0,1,0,0,0,1,0,0,0,1,0
0411-EZJZE,0,0,0,1,0,0,0,0,1,0,3,60.25,170.5,0,3.4166666666666643,0,0,0,0,0,1,0,0,0,0,0,1,0,0
8807-ARQET,0,0,0,1,0,1,0,0,0,1,41,40.35,1677.85,1,0.5731707317073145,0,0,1,0,1,0,0,0,0,0,0,1,0,0
8992-CEUEN,0,0,0,0,0,0,0,0,0,0,1,18.85,18.85,0,0.0,0,0,0,0,0,0,0,1,0,0,0,1,0,0
4320-QMLLA,0,0,0,0,0,0,0,0,1,0,7,54.85,370.4,0,1.9357142857142904,1,0,0,0,0,0,0,0,0,0,0,0,1,0
8777-PVYGU,0,1,0,1,1,0,1,0,1,0,52,64.3,3410.6,2,1.288461538461533,0,0,0,1,0,0,0,0,1,0,0,0,1,0
8292-ITGYJ,0,1,1,1,0,0,0,0,0,0,45,24.65,1138.8,0,0.6566666666666663,0,0,1,0,0,1,0,1,0,1,0,0,0,0
6870-ZWMNX,0,1,0,0,0,1,1,1,1,0,70,76.1,5264.25,3,0.8964285714285722,0,0,0,1,0,1,0,0,0,1,1,0,0,0
0621-CXBKL,0,0,0,0,0,0,0,0,0,0,53,18.7,1005.7,0,0.2754716981132077,0,0,0,1,0,0,0,1,0,1,0,0,1,0
5268-DSMNQ,1,1,0,1,0,1,1,0,1,0,62,97.95,5936.55,2,2.1991935483871003,0,0,0,1,0,1,1,0,1,0,1,0,0,0
5334-JLAXU,0,1,0,1,1,1,0,0,0,1,60,94.1,5475.9,2,2.8349999999999937,0,0,0,1,0,1,1,0,0,0,1,0,0,0
6242-MBHPK,1,1,0,1,1,0,0,0,1,1,23,95.1,2326.05,1,6.032608695652186,0,1,0,0,0,0,1,0,0,0,0,1,0,0
9359-UGBTK,0,0,0,1,1,0,1,1,0,1,67,72.35,4991.5,3,2.1500000000000057,0,0,0,1,0,0,0,0,1,0,0,0,0,0
4782-OSFXZ,1,1,0,1,1,1,1,1,0,1,71,82.7,5831.2,4,0.5704225352112786,0,0,0,1,0,1,0,0,0,1,0,0,0,0
6479-OAUSD,0,0,0,0,0,0,0,0,0,0,25,19.9,510.8,0,0.5320000000000036,0,0,1,0,0,0,0,1,1,0,1,0,0,0
7129-ACFOG,0,0,0,1,1,0,0,0,0,0,5,53.8,283.95,1,2.990000000000002,0,0,0,0,0,1,0,0,0,0,0,1,0,0
4189-NAKJS,0,0,0,1,0,0,0,0,0,0,26,51.55,1295.4,0,1.7269230769230717,0,0,1,0,0,1,0,0,1,0,1,0,0,0
5562-BETPV,0,1,0,0,0,0,0,0,0,0,1,19.65,19.65,0,0.0,0,0,0,0,0,0,0,1,1,0,0,0,1,0
1282-IHQAC,1,0,0,1,0,1,1,0,1,0,70,44.05,3011.65,2,1.0264285714285677,0,0,0,1,1,0,0,0,1,0,1,0,0,0
9127-FHJBZ,0,1,1,1,1,1,1,1,1,1,72,114.0,8093.15,4,1.595138888888897,0,0,0,1,0,1,1,0,0,1,0,1,0,0
1641-RQDAY,1,1,1,1,0,1,0,0,1,1,32,100.4,3217.65,1,0.15156249999999716,0,0,1,0,0,1,1,0,0,0,0,1,0,0
6994-ORCWG,0,0,0,1,0,1,0,0,0,0,14,54.25,773.2,1,0.9785714285714349,0,1,0,0,0,1,0,0,1,0,0,0,1,0
1346-UFHAX,0,0,0,1,1,0,0,0,0,0,13,80.0,1029.35,1,0.8192307692307708,0,1,0,0,0,1,1,0,0,0,1,0,0,0
2933-XEUJM,0,0,0,0,1,0,1,0,1,1,46,79.2,3593.8,2,1.0739130434782567,0,0,1,0,0,1,0,0,0,1,0,0,1,0
5461-QKNTN,1,1,0,1,0,1,0,1,1,0,43,94.3,3953.15,2,2.366279069767444,0,0,1,0,0,1,1,0,0,0,0,1,0,0
4835-YSJMR,0,0,0,1,0,0,0,1,0,0,39,49.8,1971.15,1,0.7423076923076977,0,0,1,0,0,0,0,0,0,1,0,0,0,0
3164-YAXFY,0,0,0,1,1,0,1,0,1,1,57,53.75,3196.0,2,2.3201754385964932,0,0,0,1,1,0,0,0,0,0,0,1,0,0
0887-WBJVH,0,1,0,1,0,0,0,1,1,1,53,93.45,4872.2,1,1.5216981132075489,0,0,0,1,0,0,1,0,1,0,0,1,0,0
4660-IRIBM,0,1,1,1,1,0,1,0,1,0,18,87.9,1500.5,2,4.538888888888891,0,1,0,0,0,0,1,0,0,0,0,0,1,0
7670-ZBPOQ,0,1,0,1,1,0,0,1,0,0,58,61.05,3478.75,2,1.071551724137926,0,0,0,1,0,1,0,0,1,0,0,0,0,0
8089-UZWLX,1,0,0,0,0,0,1,0,1,1,71,104.05,7413.55,1,0.36619718309859195,0,0,0,1,0,1,1,0,0,1,0,0,0,0
0080-OROZO,0,0,0,1,0,0,1,1,1,1,35,99.25,3532.0,2,1.664285714285711,0,0,1,0,0,0,1,0,1,0,0,1,0,0
3916-NRPAP,0,0,0,0,0,0,1,0,0,1,3,85.7,256.75,1,0.11666666666667425,0,0,0,0,0,0,1,0,0,0,1,0,0,0
6807-SIWJI,0,0,0,1,1,1,0,0,1,1,38,104.85,3887.25,2,2.553947368421049,0,0,1,0,0,1,1,0,1,0,0,1,0,0
8221-HVAYI,0,1,0,1,1,1,1,1,0,0,35,69.15,2490.15,4,1.9971428571428476,0,0,1,0,0,1,0,0,0,1,1,0,0,0
5232-NXPAY,0,0,0,0,0,0,1,1,1,1,47,74.45,3510.3,2,0.23723404255319736,0,0,1,0,0,0,0,0,0,1,0,0,1,0
8967-SZQAS,0,0,0,0,0,1,0,0,0,0,14,50.45,765.45,1,4.225000000000001,0,1,0,0,0,0,0,0,0,0,0,1,0,0
4468-KAZHE,1,1,0,1,0,1,0,0,0,1,20,60.0,1259.35,1,2.967499999999994,0,1,0,0,0,0,0,0,0,0,0,1,0,0
0455-ENTCR,0,1,0,0,1,1,0,1,1,1,66,85.25,5538.35,3,1.3356060606060538,0,0,0,1,0,1,0,0,0,1,0,1,0,0
8944-AILEF,0,1,0,1,0,0,0,0,0,0,15,19.45,340.85,0,3.273333333333337,0,1,0,0,0,0,0,1,0,0,1,0,0,0
5542-NKVRU,0,0,0,1,0,0,0,0,0,0,42,20.75,844.45,0,0.644047619047619,0,0,1,0,0,0,0,1,0,1,0,0,0,0
7126-RBHSD,0,1,0,0,1,0,0,0,0,0,17,78.9,1348.95,1,0.45000000000000284,0,1,0,0,0,1,1,0,0,0,0,1,0,0
5370-IIVVL,0,0,0,1,0,1,0,1,1,1,37,104.5,3778.0,2,2.3918918918918877,0,0,1,0,0,1,1,0,1,0,1,0,0,0
6789-HJBWG,0,0,0,1,0,1,0,0,0,0,12,49.4,611.65,1,1.5708333333333329,1,0,0,0,0,0,0,0,0,0,0,1,0,0
9087-EYCPR,0,0,0,0,0,0,0,0,0,0,60,25.0,1505.05,0,0.08416666666666472,0,0,0,1,0,1,0,1,0,1,0,0,1,0
6791-YBNAK,0,1,1,0,0,0,0,0,0,0,18,25.55,467.85,0,0.44166666666666643,0,1,0,0,1,0,0,0,0,0,1,0,0,0
6077-BDPXA,0,0,0,1,0,0,0,0,0,0,3,70.15,194.2,0,5.416666666666671,0,0,0,0,0,0,1,0,0,0,0,1,0,0
0013-MHZWF,0,0,1,1,0,0,0,1,1,1,9,69.4,571.45,1,5.9055555555555586,1,0,0,0,0,0,0,0,0,0,1,0,0,0
8268-YDIXR,0,1,0,1,1,1,1,0,0,0,56,93.15,5253.95,3,0.6705357142857054,0,0,0,1,0,1,1,0,1,0,0,1,0,0
4291-SHSBH,0,0,0,1,0,0,0,0,0,0,7,69.55,521.35,0,4.928571428571431,1,0,0,0,0,0,1,0,0,0,0,1,0,0
6980-IMXXE,0,1,1,0,0,0,0,0,0,0,69,20.2,1412.65,0,0.2731884057971037,0,0,0,1,0,0,0,1,0,1,0,0,0,0
0040-HALCW,0,1,1,0,0,0,0,0,0,0,54,20.4,1090.6,0,0.2037037037037024,0,0,0,1,0,0,0,1,0,1,1,0,0,0
0784-GTUUK,0,1,0,1,0,0,0,0,0,0,62,23.75,1446.8,0,0.41451612903225765,0,0,0,1,0,1,0,1,1,0,1,0,0,0
2294-DMMUS,0,1,1,1,0,0,0,0,1,1,62,70.45,4300.45,0,1.087903225806457,0,0,0,1,0,1,0,0,0,0,1,0,0,0
0872-JCPIB,0,0,0,0,1,0,0,0,0,1,17,65.75,1111.2,1,0.38529411764704946,0,1,0,0,0,1,0,0,0,0,0,0,0,0
3055-MJDSB,0,0,0,1,0,0,0,0,0,0,9,24.6,190.1,0,3.4777777777777814,1,0,0,0,1,0,0,0,0,0,0,0,1,0
9091-WTUUY,0,1,0,0,1,0,1,1,1,0,64,69.25,4447.75,3,0.24609375,0,0,0,1,0,0,0,0,0,1,0,0,1,0
7115-IRDHS,0,1,0,0,0,0,0,0,0,0,72,24.65,1830.05,0,0.7673611111111107,0,0,0,1,0,1,0,1,0,1,0,0,0,0
8496-DMZUK,0,0,0,0,1,1,1,0,0,0,30,90.4,2820.65,3,3.6216666666666697,0,0,1,0,0,1,1,0,1,0,0,0,0,0
2040-VZIKE,0,1,0,1,1,0,0,0,1,1,49,100.85,4847.35,1,1.9244897959183476,0,0,0,1,0,1,1,0,0,0,0,0,1,0
9068-VPWQQ,0,1,0,0,1,0,1,1,0,1,61,75.35,4729.3,3,2.179508196721315,0,0,0,1,0,1,0,0,0,1,1,0,0,0
0178-SZBHO,0,1,1,0,0,1,0,0,1,0,47,87.2,4017.45,1,1.7223404255319252,0,0,1,0,0,1,1,0,0,0,0,1,0,0
0384-RVBPI,0,0,0,0,1,0,1,0,0,1,20,64.4,1398.6,2,5.529999999999987,0,1,0,0,0,0,0,0,0,0,1,0,0,0
1299-AURJA,0,1,1,0,0,0,0,0,0,0,70,24.7,1685.9,0,0.615714285714283,0,0,0,1,0,1,0,1,0,1,0,0,0,0
4525-VZCZG,0,0,1,1,1,1,0,1,1,1,54,105.85,5826.65,3,2.050925925925924,0,0,0,1,0,0,1,0,1,0,0,1,0,0
1543-LLLFT,1,1,0,1,0,1,1,1,1,0,61,98.3,6066.55,3,1.151639344262307,0,0,0,1,0,1,1,0,1,0,0,0,1,0
2788-CJQAQ,0,0,0,0,0,0,0,0,0,0,13,19.45,270.2,0,1.334615384615386,0,1,0,0,0,0,0,1,1,0,0,0,1,0
0319-QZTCO,0,1,1,1,0,1,0,0,1,0,3,58.7,168.6,1,2.500000000000007,0,0,0,0,0,0,0,0,0,0,1,0,0,0
2120-SMPEX,0,0,0,1,0,0,0,0,0,0,25,20.15,536.35,0,1.304000000000002,0,0,1,0,0,0,0,1,0,0,0,0,1,0
0096-FCPUF,0,0,0,1,1,0,0,0,0,1,30,64.5,1888.45,1,1.5516666666666623,0,0,1,0,0,1,0,0,0,0,0,0,1,0
0668-OGMHD,0,1,0,0,1,0,0,0,0,0,21,28.5,629.35,1,1.4690476190476218,0,1,0,0,1,0,0,0,0,0,0,1,0,0
6507-ZJSUR,1,1,0,1,0,0,0,0,1,1,23,90.45,2117.25,0,1.6043478260869506,0,1,0,0,0,0,1,0,0,0,0,1,0,0
9408-HRXRK,0,1,1,1,1,1,0,0,1,1,45,105.15,4730.9,2,0.018888888888909605,0,0,1,0,0,1,1,0,0,0,0,1,0,0
5593-SUAOO,0,1,1,0,0,1,1,0,0,0,24,83.15,2033.05,2,1.5604166666666544,0,1,0,0,0,1,1,0,1,0,0,0,0,0
6766-HFKLA,0,1,0,0,0,0,1,1,1,1,56,103.2,5744.35,2,0.6223214285714249,0,0,0,1,0,1,1,0,0,1,0,0,0,0
7617-EYGLW,0,0,0,0,0,0,0,0,0,0,1,19.45,19.45,0,0.0,0,0,0,0,0,0,0,1,0,0,0,1,0,0
9220-ZNKJI,1,1,0,0,0,0,1,1,1,0,55,88.8,4805.3,2,1.4309090909090827,0,0,0,1,0,0,1,0,0,1,1,0,0,0
2226-ICFDO,0,1,0,1,1,0,1,1,1,1,72,85.9,6110.75,3,1.0284722222222342,0,0,0,1,0,1,0,0,0,1,1,0,0,0
0723-VSOBE,1,0,0,0,0,0,0,0,0,1,45,34.2,1596.6,0,1.279999999999994,0,0,1,0,1,0,0,0,1,0,0,1,0,0
5529-GIBVH,0,0,0,0,0,0,0,0,0,0,47,20.15,1046.2,0,2.1095744680851105,0,0,1,0,0,0,0,1,0,1,0,0,1,0
9992-UJOEL,0,0,0,1,0,1,0,0,0,0,2,50.3,92.75,1,3.924999999999997,0,0,0,0,0,0,0,0,0,0,0,0,1,0
4741-WWJQZ,0,1,0,1,1,0,0,1,0,0,2,80.15,194.55,2,17.125,0,0,0,0,0,0,1,0,0,0,0,1,0,0
6625-UTXEW,0,1,0,1,0,1,0,0,0,0,12,51.25,612.1,1,0.24166666666666714,1,0,0,0,0,0,0,0,0,0,0,1,0,0
6244-BESBM,0,1,1,1,0,0,0,1,1,1,69,95.2,6671.7,1,1.4913043478260875,0,0,0,1,0,0,1,0,0,1,1,0,0,0
1004-NOZNR,1,0,1,0,1,0,0,0,1,1,56,94.8,5264.3,1,0.794642857142847,0,0,0,1,0,0,1,0,1,0,1,0,0,0
1251-STYSZ,1,0,0,1,1,0,0,0,0,0,4,80.25,303.7,1,4.325000000000003,0,0,0,0,0,1,1,0,0,0,0,1,0,0
2612-PHGOX,0,1,0,1,0,1,1,1,1,0,64,76.1,4818.8,3,0.8062499999999915,0,0,0,1,0,1,0,0,0,1,0,0,0,0
8480-PPONV,0,1,1,0,1,1,1,1,1,1,62,115.55,7159.05,4,0.08145161290322278,0,0,0,1,0,1,1,0,0,1,0,0,0,0
8780-IHCRN,0,1,1,0,0,0,0,0,0,0,63,24.65,1574.5,0,0.34206349206349174,0,0,0,1,0,1,0,1,0,1,1,0,0,0
4598-ZADCK,0,0,0,1,1,1,1,1,1,0,53,53.6,2879.2,4,0.7245283018867852,0,0,0,1,1,0,0,0,1,0,0,1,0,0
1257-SXUXQ,0,1,1,0,0,0,0,0,0,0,5,19.45,86.05,0,2.2399999999999984,0,0,0,0,0,0,0,1,0,0,0,0,1,0
9681-KYGYB,1,1,0,1,1,1,1,0,0,0,49,88.2,4159.45,3,3.31326530612246,0,0,0,1,0,1,1,0,0,0,0,1,0,0
7182-OVLBJ,0,1,1,1,1,0,0,0,1,1,62,101.15,6638.35,1,5.920161290322582,0,0,0,1,0,1,1,0,0,1,0,0,0,0
5095-ETBRJ,0,1,0,0,1,1,0,1,0,0,55,56.8,3112.05,3,0.2172727272727215,0,0,0,1,0,0,0,0,0,1,0,0,1,0
7005-CYUIL,1,1,0,1,1,1,1,1,1,0,71,99.4,7168.25,4,1.5612676056338017,0,0,0,1,0,0,1,0,0,1,0,1,0,0
4821-WQOYN,0,1,1,1,0,0,0,0,0,0,72,20.1,1326.25,0,1.6798611111111121,0,0,0,1,0,0,0,1,0,1,1,0,0,0
4730-AWNAU,0,1,0,0,1,0,1,1,1,1,36,60.7,2234.55,3,1.3708333333333371,0,0,1,0,1,0,0,0,1,0,1,0,0,0
3452-FLHYD,0,1,0,1,0,0,0,0,0,0,25,20.95,495.15,0,1.144000000000002,0,0,1,0,0,0,0,1,1,0,0,0,0,0
2388-LAESQ,1,1,0,1,1,1,1,1,1,1,72,114.85,8317.95,4,0.6770833333333428,0,0,0,1,0,1,1,0,0,1,0,0,0,0
9531-NSBMR,0,0,0,1,0,0,0,0,0,0,36,19.25,679.8,0,0.36666666666666714,0,0,1,0,0,0,0,1,1,0,0,0,0,0
6260-ONULR,0,0,0,1,0,0,0,0,1,1,1,62.8,62.8,0,0.0,0,0,0,0,0,0,0,0,0,0,0,0,1,0
4389-UEFCZ,0,1,0,1,1,0,1,0,1,1,72,105.5,7544.0,2,0.7222222222222285,0,0,0,1,0,1,1,0,0,1,0,1,0,0
8711-LOBKY,0,1,1,0,0,0,0,0,0,0,59,19.85,1188.25,0,0.2898305084745765,0,0,0,1,0,0,0,1,0,1,0,0,1,0
8985-OOPOS,0,0,0,0,0,0,1,1,1,1,1,74.1,74.1,2,0.0,0,0,0,0,0,0,0,0,1,0,1,0,0,0
8800-ZKRFW,0,1,1,1,0,1,1,1,1,1,30,107.5,3242.5,3,0.5833333333333286,0,0,1,0,0,1,1,0,0,0,0,1,0,0
2616-FLVQC,0,0,0,0,0,0,0,0,0,0,64,19.55,1240.15,0,0.1726562499999993,0,0,0,1,0,0,0,1,0,1,0,0,1,0
9968-FFVVH,0,0,0,0,1,1,1,1,0,0,63,68.8,4111.35,4,3.540476190476184,0,0,0,1,0,1,0,0,1,0,0,0,0,0
3108-PCCGG,1,1,0,0,1,1,1,0,1,1,72,84.45,5899.85,3,2.5076388888888914,0,0,0,1,0,1,0,0,0,1,1,0,0,0
8390-FESFV,0,0,0,0,0,1,1,1,1,1,62,84.5,5193.2,3,0.7387096774193509,0,0,0,1,0,1,0,0,0,1,0,0,0,0
3022-BEXHZ,0,1,1,1,0,1,1,1,1,1,67,111.2,7530.8,3,1.2000000000000028,0,0,0,1,0,1,1,0,0,1,0,0,0,0
6248-TKCQV,0,1,0,1,1,0,0,1,1,1,70,80.6,5460.2,2,2.597142857142856,0,0,0,1,0,1,0,0,0,1,0,0,0,0
6729-GDNGC,1,0,0,0,0,0,0,0,1,0,20,80.7,1614.2,0,0.010000000000005116,0,1,0,0,0,0,1,0,0,0,0,0,0,0
6198-ZFIOJ,0,0,0,0,0,0,0,0,0,0,5,75.6,402.5,0,4.900000000000006,0,0,0,0,0,1,1,0,0,0,0,1,0,0
5989-OMNJE,0,1,0,0,1,1,1,0,1,1,24,57.6,1367.75,3,0.6104166666666657,0,1,0,0,1,0,0,0,1,0,0,1,0,0
1291-CUOCY,0,1,0,1,0,1,1,1,1,1,72,110.6,7962.2,3,0.013888888888885731,0,0,0,1,0,1,1,0,0,1,1,0,0,0
9795-SHUHB,0,1,0,1,1,1,0,1,0,0,66,58.2,3810.8,3,0.4606060606060609,0,0,0,1,0,0,0,0,0,1,1,0,0,0
3230-IUALN,0,1,0,1,1,0,1,1,1,1,45,81.0,3533.6,3,2.475555555555559,0,0,1,0,0,0,0,0,0,1,0,0,1,0
0042-RLHYP,0,1,1,0,0,0,0,0,0,0,69,19.7,1396.9,0,0.5449275362318851,0,0,0,1,0,0,0,1,0,1,0,0,0,0
4945-RVMTE,0,0,0,1,0,0,1,0,1,0,28,59.55,1646.45,1,0.7482142857142833,0,0,1,0,0,0,0,0,0,0,0,0,0,0
1866-NXPSP,0,0,0,1,1,1,1,1,0,1,36,75.55,2680.15,4,1.1013888888888772,0,0,1,0,0,0,0,0,1,0,0,0,1,0
3941-XTSKM,0,1,0,1,0,1,1,0,0,1,42,45.1,2049.05,2,3.6869047619047635,0,0,1,0,1,0,0,0,1,0,1,0,0,0
1661-CZBAU,0,0,0,1,1,0,0,1,0,1,48,70.95,3629.2,2,4.658333333333331,0,0,1,0,0,1,0,0,1,0,0,0,0,0
5158-RIVOP,0,1,1,0,0,0,0,0,0,0,11,20.9,202.3,0,2.509090909090908,1,0,0,0,0,0,0,1,0,1,1,0,0,0
9788-YTFGE,0,0,0,1,0,0,0,0,0,0,7,19.95,147.5,0,1.1214285714285737,1,0,0,0,0,0,0,1,0,0,0,0,1,0
9277-JOOMO,0,0,0,0,0,0,0,0,0,0,3,24.6,86.35,0,4.18333333333333,0,0,0,0,0,1,0,1,0,0,0,0,1,0
1907-YLNYW,0,0,0,1,1,0,1,0,0,1,8,66.7,579.0,2,5.674999999999997,1,0,0,0,0,0,0,0,0,0,0,1,0,0
8947-YRTDV,0,1,1,0,1,1,1,0,0,1,32,94.8,3131.55,3,3.0609375000000085,0,0,1,0,0,0,1,0,1,0,0,0,1,0
3161-ONRWK,0,1,0,1,1,1,1,1,0,0,60,65.85,3928.3,4,0.3783333333333303,0,0,0,1,0,0,0,0,1,0,0,0,0,0
0114-RSRRW,0,1,0,1,0,0,0,0,0,0,10,19.95,187.75,0,1.1750000000000007,1,0,0,0,0,0,0,1,0,0,0,0,0,0
4565-NLZBV,0,1,0,1,0,0,0,0,0,0,71,24.65,1710.15,0,0.5633802816901365,0,0,0,1,0,1,0,1,0,1,0,0,0,0
6682-VCIXC,0,1,0,1,1,1,0,1,1,0,43,51.25,2151.6,3,1.2127906976744214,0,0,1,0,1,0,0,0,1,0,0,0,0,0
6475-VHUIZ,0,1,0,0,0,0,1,1,0,0,23,54.25,1221.55,2,1.139130434782608,0,1,0,0,0,0,0,0,0,0,0,1,0,0
3910-MRQOY,0,1,0,0,0,0,0,0,0,0,72,19.4,1496.45,0,1.3840277777777814,0,0,0,1,0,0,0,1,0,1,0,0,0,0
0661-WCQNQ,0,1,0,1,1,0,0,1,0,0,22,56.25,1292.2,2,2.4863636363636417,0,1,0,0,0,0,0,0,1,0,1,0,0,0
7537-RBWEA,0,0,0,1,0,0,0,0,0,0,1,25.15,25.15,0,0.0,0,0,0,0,1,0,0,0,0,0,0,0,1,0
4656-CAURT,0,0,0,0,0,0,0,0,0,0,69,23.95,1713.1,0,0.8775362318840578,0,0,0,1,0,1,0,1,0,1,0,0,0,0
0121-SNYRK,0,0,0,1,1,0,0,1,0,0,50,35.4,1748.9,2,0.42199999999999704,0,0,0,1,1,0,0,0,1,0,0,0,1,0
3733-LSYCE,0,1,0,0,0,1,0,0,0,0,15,75.35,1114.55,1,1.0466666666666669,0,1,0,0,0,0,1,0,0,0,0,0,0,0
6265-FRMTQ,0,0,0,0,0,0,0,0,0,0,31,20.4,609.1,0,0.751612903225805,0,0,1,0,0,0,0,1,0,1,0,0,0,0
1371-DWPAZ,0,1,0,0,1,1,1,1,1,0,0,56.05,0.0,4,0.0,0,0,0,0,1,0,0,0,0,1,1,0,0,0
2017-CCBLH,0,0,0,0,0,0,0,0,0,0,8,20.0,141.6,0,2.3000000000000007,1,0,0,0,0,0,0,1,0,1,0,0,1,0
7690-KPNCU,0,1,0,1,1,0,1,0,1,1,64,73.05,4688.65,2,0.21015624999999716,0,0,0,1,0,0,0,0,1,0,1,0,0,0
0536-BGFMZ,0,1,0,0,0,0,0,0,0,0,28,20.5,563.05,0,0.3910714285714292,0,0,1,0,0,0,0,1,0,0,0,0,1,0
2293-IJWPS,0,1,0,1,0,0,1,0,1,1,57,100.75,5985.0,1,4.25,0,0,0,1,0,1,1,0,1,0,1,0,0,0
5469-NUJUR,0,0,0,1,0,0,0,0,0,0,19,19.95,373.5,0,0.2921052631578931,0,1,0,0,0,0,0,1,0,1,0,0,1,0
2625-TRCZQ,0,1,0,1,0,1,0,0,1,1,51,49.65,2553.35,1,0.41568627450980244,0,0,0,1,1,0,0,0,0,0,0,1,0,0
4102-HLENU,0,1,0,0,1,1,1,0,0,0,67,65.65,4322.85,3,1.1298507462686587,0,0,0,1,0,1,0,0,0,1,0,0,1,0
7266-GSSJX,0,1,1,1,0,0,0,0,0,0,11,20.45,250.8,0,2.3500000000000014,1,0,0,0,0,0,0,1,0,0,0,1,0,0
7722-VJRQD,0,1,0,0,1,0,1,1,1,1,72,60.95,4549.05,3,2.231250000000003,0,0,0,1,1,0,0,0,0,1,0,0,0,0
7073-QETQY,0,1,0,1,0,0,0,0,0,0,66,20.35,1359.5,0,0.2484848484848463,0,0,0,1,0,0,0,1,1,0,0,1,0,0
5624-RYAMH,0,0,0,1,0,0,0,0,0,0,9,19.5,178.85,0,0.37222222222222,1,0,0,0,0,0,0,1,0,0,0,1,0,0
0196-JTUQI,0,0,0,1,0,0,0,0,0,0,9,75.2,633.85,0,4.772222222222226,1,0,0,0,0,1,1,0,0,0,1,0,0,0
7130-YXBRO,0,1,0,1,1,1,1,0,1,1,48,111.45,5315.1,3,0.71875,0,0,1,0,0,1,1,0,0,0,0,0,0,0
9272-LSVYH,0,0,0,0,0,0,0,0,0,0,10,70.15,735.5,0,3.3999999999999915,1,0,0,0,0,0,1,0,0,0,0,0,1,0
3084-DOWLE,0,1,0,0,1,1,1,1,1,1,72,92.0,6474.4,4,2.077777777777783,0,0,0,1,0,1,0,0,0,1,0,0,0,0
1084-MNSMJ,0,1,0,0,1,1,1,1,1,1,51,85.5,4421.95,4,1.204901960784312,0,0,0,1,0,0,0,0,0,1,1,0,0,0
4238-HFHSN,1,1,0,1,0,1,0,0,0,0,61,82.15,4904.85,1,1.7426229508196656,0,0,0,1,0,1,1,0,0,0,0,1,0,0
6250-CGGUN,0,0,0,0,1,0,1,1,0,0,54,84.4,4484.05,3,1.362037037037041,0,0,0,1,0,0,1,0,1,0,0,1,0,0
5478-JJVZK,0,0,0,1,1,1,0,0,0,0,33,60.9,2033.85,2,0.731818181818177,0,0,1,0,0,1,0,0,0,0,0,0,1,0
7596-IIWYC,0,0,0,1,0,0,0,0,0,0,27,20.25,538.2,0,0.31666666666666643,0,0,1,0,0,0,0,1,0,1,0,0,0,0
9793-WECQC,0,0,0,0,0,1,0,0,1,1,23,95.3,2192.9,1,0.04347826086957696,0,1,0,0,0,0,1,0,0,0,0,0,1,0
4291-HPAXL,0,0,1,0,0,0,0,0,0,0,1,19.85,19.85,0,0.0,0,0,0,0,0,0,0,1,0,0,0,0,1,0
8999-YPYBV,0,1,0,1,1,1,1,1,1,1,45,84.35,3858.05,4,1.3844444444444548,0,0,1,0,0,0,0,0,0,1,0,0,1,0
1839-FBNFR,0,1,1,1,0,0,0,0,0,0,39,19.85,854.8,0,2.067948717948717,0,0,1,0,0,0,0,1,0,1,0,0,0,0
3071-MVJCD,0,1,0,0,1,1,1,1,1,0,72,82.3,5815.15,4,1.53402777777778,0,0,0,1,0,1,0,0,0,1,0,0,0,0
1697-BCSHV,0,1,1,1,0,1,0,0,1,0,58,66.8,3970.4,1,1.6551724137931103,0,0,0,1,0,1,0,0,0,0,0,0,0,0
0562-KBDVM,0,0,0,1,1,1,1,1,0,0,70,44.6,3058.15,4,0.9121428571428538,0,0,0,1,1,0,0,0,0,1,0,0,0,0
1131-SUEKT,0,1,1,1,0,1,0,1,1,1,61,98.45,6145.2,2,2.2909836065573757,0,0,0,1,0,0,1,0,1,0,0,0,0,0
3717-OEAUQ,0,0,0,0,0,0,0,0,0,0,2,70.7,129.2,0,6.1000000000000085,0,0,0,0,0,0,1,0,0,0,0,0,1,0
4538-WNTMJ,0,1,0,0,0,0,0,0,0,0,46,24.95,1165.9,0,0.39565217391304586,0,0,1,0,0,1,0,1,1,0,0,0,1,0
9432-RUVSL,0,0,0,1,1,0,1,1,1,1,48,102.5,4904.25,3,0.328125,0,0,1,0,0,0,1,0,0,1,1,0,0,0
8060-HIWJJ,0,0,0,0,0,1,1,1,1,1,64,86.55,5632.55,3,1.4585937500000057,0,0,0,1,0,1,0,0,0,1,1,0,0,0
7684-XSZIY,0,1,1,0,0,0,0,0,0,0,72,24.3,1643.25,0,1.4770833333333329,0,0,0,1,0,1,0,1,0,1,0,0,0,0
9089-UOWJG,0,1,1,1,0,0,1,0,1,0,12,58.35,740.55,1,3.362499999999997,1,0,0,0,0,0,0,0,0,0,1,0,0,0
8039-ACLPL,0,1,0,0,1,1,1,0,0,1,72,68.75,4888.2,3,0.8583333333333343,0,0,0,1,0,0,0,0,0,1,1,0,0,0
9885-AIBVB,0,1,0,1,0,1,1,0,0,0,29,85.8,2440.25,2,1.6534482758620612,0,0,1,0,0,1,1,0,0,0,0,1,0,0
1934-MKPXS,0,1,0,0,0,0,0,0,0,0,33,20.1,620.55,0,1.2954545454545467,0,0,1,0,0,0,0,1,1,0,1,0,0,0
2592-YKDIF,0,0,0,0,0,0,0,0,0,0,1,20.35,20.35,0,0.0,0,0,0,0,0,0,0,1,0,0,0,0,1,0
2272-JKMSI,0,1,1,1,0,1,1,1,1,1,62,110.8,6840.95,3,0.46209677419355444,0,0,0,1,0,1,1,0,1,0,0,1,0,0
8714-CTZJW,0,0,0,1,0,0,1,0,0,1,4,82.85,319.6,1,2.9499999999999886,0,0,0,0,0,0,1,0,0,0,1,0,0,0
3569-EDBPQ,0,0,0,1,1,0,0,1,0,0,24,84.35,1938.05,2,3.597916666666663,0,1,0,0,0,1,1,0,0,0,0,1,0,0
3131-NWVFJ,0,1,0,0,0,0,0,0,0,0,14,19.55,294.5,0,1.485714285714284,0,1,0,0,0,0,0,1,1,0,0,0,1,0
7521-YXVZY,0,0,1,0,0,0,0,0,0,0,3,19.95,58.3,0,0.5166666666666657,0,0,0,0,0,0,0,1,0,0,0,0,1,0
2373-NTKOD,0,0,0,1,0,0,0,0,1,1,8,66.25,546.45,0,2.0562500000000057,1,0,0,0,0,0,0,0,0,0,0,1,0,0
1970-KKFWL,0,0,0,0,0,0,0,0,0,0,35,23.3,797.1,0,0.5257142857142867,0,0,1,0,0,1,0,1,0,1,0,0,0,0
9337-SRRNI,0,0,1,1,0,0,0,0,0,0,66,25.3,1673.8,0,0.060606060606058776,0,0,0,1,0,1,0,1,0,1,1,0,0,0
0895-UADGO,0,0,0,1,1,0,0,1,0,1,8,44.55,343.45,2,1.6187499999999986,1,0,0,0,1,0,0,0,0,1,0,0,1,0
5678-VFNEQ,0,1,0,1,1,0,1,0,1,1,71,104.1,7412.25,2,0.29788732394366946,0,0,0,1,0,1,1,0,1,0,1,0,0,0
5977-CKHON,0,1,1,1,0,0,1,0,0,1,43,92.55,4039.0,1,1.3802325581395394,0,0,1,0,0,1,1,0,0,0,0,0,0,0
2692-BUCFV,1,0,0,1,0,1,1,0,1,1,29,101.45,2948.6,2,0.22586206896551175,0,0,1,0,0,0,1,0,0,0,0,0,0,0
1830-GGFNM,0,1,1,0,1,1,1,1,0,0,65,94.55,6078.75,4,1.0307692307692236,0,0,0,1,0,1,1,0,0,1,1,0,0,0
5302-BDJNT,0,0,0,0,0,0,1,1,1,0,35,95.5,3418.2,2,2.162857142857135,0,0,1,0,0,1,1,0,0,0,0,1,0,0
5223-UZAVK,0,0,0,1,1,1,0,0,1,1,64,100.3,6603.8,2,2.8843750000000057,0,0,0,1,0,0,1,0,1,0,1,0,0,0
4859-ZSRDZ,0,1,0,1,0,0,1,1,1,1,58,55.5,3166.9,2,0.8982758620689637,0,0,0,1,1,0,0,0,0,1,1,0,0,0
5651-WYIPH,1,0,0,1,0,1,0,0,0,0,18,49.85,865.75,1,1.75277777777778,0,1,0,0,0,0,0,0,0,0,1,0,0,0
9350-VLHMB,0,1,1,1,0,1,0,0,0,1,67,89.55,6373.1,1,5.570895522388071,0,0,0,1,0,1,1,0,0,0,0,0,0,0
3498-LZGQZ,0,1,1,1,0,0,0,0,0,0,63,19.15,1177.05,0,0.466666666666665,0,0,0,1,0,0,0,1,0,1,0,0,1,0
8785-CJSHH,0,1,0,1,0,1,0,0,1,1,60,99.8,5985.75,1,0.037499999999994316,0,0,0,1,0,1,1,0,0,0,0,1,0,0
3870-SPZSI,0,1,1,1,1,1,1,1,1,1,70,113.05,7869.05,4,0.6349999999999909,0,0,0,1,0,1,1,0,0,1,1,0,0,0
7560-QRBXH,0,0,0,0,0,0,0,0,0,0,48,19.95,936.7,0,0.435416666666665,0,0,1,0,0,0,0,1,1,0,0,0,1,0
7077-XJMET,0,1,0,1,0,0,1,1,1,1,12,74.15,741.4,2,12.366666666666674,1,0,0,0,0,0,0,0,0,0,0,1,0,0
8752-GHJFU,1,1,0,1,1,1,1,1,0,0,71,92.0,6585.2,4,0.7492957746478908,0,0,0,1,0,1,1,0,1,0,0,1,0,0
6896-SRVYQ,1,0,0,0,0,0,1,0,0,0,44,73.85,3122.4,1,2.886363636363626,0,0,1,0,0,0,1,0,0,0,0,1,0,0
4652-ODEVH,0,1,1,0,0,0,0,0,0,0,45,24.45,1088.25,0,0.2666666666666657,0,0,1,0,0,1,0,1,0,1,0,0,1,0
6510-UPNKS,0,0,0,0,0,0,0,0,0,0,23,24.8,615.35,0,1.9543478260869556,0,1,0,0,0,1,0,1,1,0,1,0,0,0
6718-BDGHG,0,1,0,1,0,0,0,1,1,0,43,64.85,2908.2,1,2.782558139534885,0,0,1,0,0,1,0,0,1,0,0,0,0,0
9046-DQMTP,0,0,0,0,0,0,0,0,0,0,35,20.75,739.9,0,0.39000000000000057,0,0,1,0,0,0,0,1,0,0,0,0,0,0
6439-LAJXL,0,1,0,1,1,1,0,1,1,0,9,68.95,593.85,3,2.9666666666666686,1,0,0,0,0,0,0,0,0,0,0,0,1,0
9052-VKDUW,1,1,0,1,1,1,1,0,1,1,65,109.4,7227.45,3,1.791538461538451,0,0,0,1,0,1,1,0,0,0,1,0,0,0
1666-JZPZT,0,0,0,0,0,0,0,0,0,0,27,49.0,1291.35,0,1.1722222222222243,0,0,1,0,0,1,0,0,0,0,0,0,1,0
5777-KJIRB,0,0,0,1,0,0,1,0,0,0,40,50.25,2023.55,1,0.33874999999999744,0,0,1,0,0,0,0,0,1,0,0,0,1,0
7677-SJJJK,0,1,0,0,0,0,0,0,0,0,8,19.9,153.95,0,0.65625,1,0,0,0,0,0,0,1,1,0,1,0,0,0
2480-EJWYP,1,1,0,1,0,1,0,0,1,1,58,97.8,5458.8,1,3.682758620689654,0,0,0,1,0,1,1,0,1,0,0,0,0,0
3253-HKOKL,0,1,1,0,1,0,1,0,1,1,52,100.3,5244.45,2,0.5548076923076906,0,0,0,1,0,0,1,0,1,0,0,1,0,0
7055-HNEOJ,0,1,0,1,0,0,1,1,0,0,3,55.8,154.55,2,4.283333333333324,0,0,0,0,0,0,0,0,0,0,0,0,1,0
5514-YQENT,0,0,1,1,1,1,1,1,1,1,41,111.15,4507.15,4,1.2195121951219647,0,0,1,0,0,0,1,0,0,1,0,1,0,0
3211-AAPKX,0,0,0,1,0,0,0,1,1,1,20,98.55,2031.95,1,3.0474999999999994,0,1,0,0,0,1,1,0,0,0,0,0,1,0
8445-DNBAE,0,0,1,1,0,0,0,0,0,0,1,50.05,50.05,0,0.0,0,0,0,0,0,1,0,0,0,0,0,1,0,0
2958-NHPPS,0,0,0,0,0,0,0,0,0,0,23,20.85,473.9,0,0.24565217391304728,0,1,0,0,0,0,0,1,0,0,0,1,0,0
6806-YDEUL,1,0,0,0,0,0,0,0,0,0,6,19.5,106.8,0,1.6999999999999993,0,0,0,0,0,0,0,1,0,0,0,0,0,0
1735-XMJVH,0,1,1,1,0,0,0,0,0,0,8,19.35,152.6,0,0.27500000000000213,1,0,0,0,0,0,0,1,0,0,0,0,1,0
6890-PFRQX,0,0,0,0,1,0,1,0,1,0,18,69.5,1199.4,2,2.86666666666666,0,1,0,0,0,1,0,0,0,0,0,0,1,0
0222-CNVPT,1,0,0,1,1,0,0,0,1,1,52,48.8,2555.05,1,0.3355769230769283,0,0,0,1,1,0,0,0,0,0,1,0,0,0
5899-OUVKV,0,0,0,1,0,1,0,0,1,1,31,94.5,2979.2,1,1.6032258064516043,0,0,1,0,0,0,1,0,0,0,0,1,0,0
8681-ICONS,0,1,1,1,0,0,0,0,0,0,29,20.65,654.85,0,1.9310344827586228,0,0,1,0,0,0,0,1,0,0,0,0,1,0
1621-YNCJH,0,1,0,1,1,1,1,1,0,1,36,106.05,3834.4,4,0.4611111111111228,0,0,1,0,0,1,1,0,0,1,1,0,0,0
6362-QHAFM,0,1,0,1,0,0,1,1,1,1,42,108.3,4586.15,2,0.8940476190476119,0,0,1,0,0,1,1,0,1,0,0,1,0,0
3070-BDOQC,0,0,0,1,0,1,1,0,1,1,60,99.65,5941.05,2,0.6325000000000074,0,0,0,1,0,0,1,0,0,1,0,1,0,0
6234-PFPXL,0,1,0,0,1,0,0,1,1,0,22,95.9,2234.95,2,5.688636363636348,0,1,0,0,0,1,1,0,0,0,1,0,0,0
9824-QCJPK,0,1,0,0,0,0,0,0,0,0,36,20.0,666.75,0,1.4791666666666679,0,0,1,0,0,0,0,1,1,0,0,0,1,0
4283-IVYCI,0,0,0,0,1,0,0,1,0,1,9,64.95,547.8,2,4.083333333333343,1,0,0,0,0,0,0,0,0,0,0,0,1,0
1866-OBPNR,0,1,1,0,0,1,0,0,0,0,1,74.6,74.6,1,0.0,0,0,0,0,0,0,1,0,0,0,1,0,0,0
8205-MQUGY,0,1,1,1,1,0,0,0,0,0,12,49.2,571.15,1,1.6041666666666714,1,0,0,0,0,0,0,0,0,0,0,1,0,0
8970-ANWXO,0,0,0,1,0,0,0,1,1,1,23,73.75,1756.6,1,2.623913043478254,0,1,0,0,0,1,0,0,1,0,0,0,1,0
9480-BQJEI,0,0,0,1,1,1,0,0,0,1,62,92.3,5731.45,2,0.14274193548386904,0,0,0,1,0,1,1,0,1,0,0,0,0,0
6979-TNDEU,0,0,0,0,0,0,0,0,0,0,8,19.2,156.85,0,0.40625,1,0,0,0,0,0,0,1,0,0,0,0,1,0
9777-WJJPR,0,1,0,0,0,0,1,0,1,0,31,88.65,2683.2,1,2.0951612903225936,0,0,1,0,0,1,1,0,0,0,1,0,0,0
9495-SKLKD,0,1,1,1,0,1,1,0,0,1,45,95.95,4456.65,2,3.086666666666659,0,0,1,0,0,1,1,0,0,0,0,0,0,0
6048-UWKAL,1,1,0,0,0,1,0,1,1,1,69,105.4,6998.95,2,3.965942028985509,0,0,0,1,0,1,1,0,0,1,1,0,0,0
5067-DGXLL,0,0,0,0,0,0,0,0,0,0,2,20.25,36.8,0,1.8500000000000014,0,0,0,0,0,0,0,1,0,0,0,0,1,0
6281-FKEWS,0,0,0,1,0,0,1,0,1,1,44,49.05,2265.0,1,2.4272727272727295,0,0,1,0,1,0,0,0,1,0,0,1,0,0
8898-KASCD,0,0,0,0,0,0,1,1,0,0,39,35.55,1309.15,2,1.9820512820512803,0,0,1,0,1,0,0,0,1,0,0,0,1,0
9242-TKFSV,0,1,0,1,1,1,1,1,1,1,72,65.1,4754.3,4,0.9319444444444542,0,0,0,1,1,0,0,0,0,1,1,0,0,0
9290-SHCMB,1,0,0,1,0,0,1,0,1,1,13,96.85,1235.55,1,1.8076923076923066,0,1,0,0,0,0,1,0,0,0,0,1,0,0
0743-HNPFG,0,1,0,1,1,1,0,1,0,1,51,69.75,3562.5,3,0.10294117647059409,0,0,0,1,0,0,0,0,1,0,1,0,0,0
2277-BKJKN,1,1,0,1,0,1,1,0,1,1,71,99.2,7213.75,2,2.4021126760563334,0,0,0,1,0,0,1,0,0,1,0,1,0,0
5035-PGZXH,0,0,0,1,0,1,1,0,1,1,56,106.8,5914.4,2,1.1857142857142833,0,0,0,1,0,1,1,0,1,0,0,1,0,0
8695-WDYEA,0,0,0,0,1,0,0,0,0,0,1,51.25,51.25,1,0.0,0,0,0,0,0,0,0,0,0,0,0,0,1,0
6543-JXSOO,0,1,0,1,1,1,0,1,0,0,23,57.75,1282.85,3,1.9739130434782624,0,1,0,0,0,0,0,0,1,0,0,0,1,0
8016-ZMGMO,1,1,0,1,0,1,1,0,1,0,66,70.85,4738.85,2,0.9507575757575921,0,0,0,1,0,1,0,0,1,0,0,0,0,0
8605-ITULD,0,0,0,0,0,0,0,0,0,0,1,19.55,19.55,0,0.0,0,0,0,0,0,0,0,1,0,0,0,0,1,0
6416-YJTTB,0,0,0,1,1,0,1,0,0,0,11,79.5,795.65,2,7.1681818181818215,1,0,0,0,0,0,1,0,0,0,0,0,0,0
4472-VESGY,0,1,1,0,1,1,1,0,0,1,52,98.15,4993.4,3,2.123076923076937,0,0,0,1,0,1,1,0,0,0,0,0,0,0
3195-TQDZX,0,0,0,1,0,0,0,0,0,0,3,20.25,61.45,0,0.23333333333333428,0,0,0,0,0,0,0,1,0,0,0,1,0,0
3128-YOVTD,0,1,1,1,1,1,0,0,0,0,51,79.15,4018.55,2,0.3549019607843178,0,0,0,1,0,0,1,0,0,0,0,0,0,0
1728-CXQBE,1,1,0,1,0,1,1,0,0,1,64,94.25,6081.4,2,0.7718749999999943,0,0,0,1,0,1,1,0,0,0,0,1,0,0
7041-TXQJH,0,0,0,1,0,0,1,0,0,1,37,40.2,1478.85,1,0.23108108108108638,0,0,1,0,1,0,0,0,0,0,1,0,0,0
5014-GSOUQ,0,0,0,0,0,0,0,0,0,0,13,19.95,243.65,0,1.2076923076923052,0,1,0,0,0,0,0,1,0,1,0,0,1,0
5724-BIDBU,0,1,0,1,1,0,0,0,0,0,49,55.35,2633.95,1,1.5959183673469468,0,0,0,1,0,1,0,0,1,0,0,1,0,0
0481-SUMCB,1,0,0,1,0,0,1,0,1,1,45,102.15,4735.35,1,3.0799999999999983,0,0,1,0,0,1,1,0,1,0,0,0,0,0
1769-GRUIK,0,0,0,1,0,0,0,0,0,0,18,71.1,1247.75,0,1.7805555555555515,0,1,0,0,0,0,1,0,0,0,0,1,0,0
8819-WFGGJ,0,1,0,1,1,0,1,0,1,1,68,54.1,3794.5,2,1.7014705882352956,0,0,0,1,1,0,0,0,0,1,0,0,0,0
7427-AUFPY,0,0,0,0,0,0,0,0,0,0,54,19.65,1008.7,0,0.9703703703703681,0,0,0,1,0,0,0,1,0,1,1,0,0,0
2811-POVEX,1,1,1,1,0,1,1,0,0,1,23,88.45,2130.55,2,4.182608695652178,0,1,0,0,0,0,1,0,0,0,0,0,0,0
7898-PDWQE,0,1,0,0,1,1,1,1,0,1,71,80.4,5727.15,4,0.2640845070422415,0,0,0,1,0,1,0,0,0,1,1,0,0,0
9972-EWRJS,0,1,1,1,0,0,0,0,0,0,67,19.25,1372.9,0,1.2410447761194057,0,0,0,1,0,0,0,1,0,1,0,0,0,0
9314-IJWSQ,0,1,1,1,0,0,0,0,1,0,14,84.8,1203.9,0,1.1928571428571502,0,1,0,0,0,1,1,0,0,0,0,1,0,0
5799-JRCZO,0,0,1,0,0,0,0,0,0,0,63,19.5,1215.1,0,0.2126984126984155,0,0,0,1,0,0,0,1,0,1,1,0,0,0
1921-KYSAY,0,0,0,1,0,0,1,1,0,1,41,68.6,2877.05,2,1.5719512195122007,0,0,1,0,0,1,0,0,1,0,0,1,0,0
6198-RTPMF,0,1,0,0,0,0,0,0,1,1,17,92.6,1579.7,0,0.32352941176471006,0,1,0,0,0,1,1,0,0,0,0,1,0,0
2924-KHUVI,0,1,0,1,1,0,0,0,1,1,56,100.55,5514.95,1,2.0687499999999943,0,0,0,1,0,1,1,0,1,0,0,1,0,0
1925-GMVBW,0,0,0,0,0,0,0,0,0,0,5,20.55,96.1,0,1.3300000000000018,0,0,0,0,0,0,0,1,0,0,1,0,0,0
6184-DYUOB,0,1,0,1,0,0,0,0,0,0,3,19.6,55.25,0,1.1833333333333336,0,0,0,0,0,0,0,1,0,0,0,0,1,0
9207-ZPANB,0,0,0,0,1,1,1,1,0,0,37,67.45,2443.3,4,1.4148648648648674,0,0,1,0,0,1,0,0,1,0,0,1,0,0
9327-QSDED,0,0,0,0,0,0,0,0,0,0,8,43.55,335.4,0,1.625,1,0,0,0,0,0,0,0,0,0,0,0,1,0
1656-DRSMG,0,0,0,1,0,1,1,1,1,1,63,109.85,7002.95,3,1.3079365079365175,0,0,0,1,0,1,1,0,0,0,1,0,0,0
3012-VFFMN,0,1,1,0,0,0,0,0,0,0,7,20.65,158.95,0,2.057142857142857,1,0,0,0,0,0,0,1,0,0,0,0,1,0
2984-AFWNC,0,0,0,0,0,1,0,0,1,1,3,95.4,293.15,1,2.3166666666666487,0,0,0,0,0,0,1,0,0,0,0,1,0,0
0640-YJTPY,0,1,1,0,0,0,0,0,0,0,72,21.0,1493.75,0,0.25347222222222143,0,0,0,1,0,0,0,1,0,1,0,0,0,0
8096-LOIST,0,0,0,1,0,0,0,0,0,1,19,56.2,1093.4,0,1.3473684210526358,0,1,0,0,0,0,0,0,0,0,0,1,0,0
9764-REAFF,0,1,0,0,0,0,0,0,0,0,59,18.4,1057.85,0,0.47033898305084776,0,0,0,1,0,0,0,1,0,1,0,0,0,0
7107-UBYKY,0,1,1,1,0,0,0,0,0,0,35,25.75,882.55,0,0.5342857142857156,0,0,1,0,0,1,0,1,0,0,0,1,0,0
4881-GQJTW,0,0,0,0,0,0,0,0,0,0,14,19.6,300.4,0,1.857142857142854,0,1,0,0,0,0,0,1,0,0,1,0,0,0
7876-DNYAP,0,1,1,0,0,0,0,0,0,0,69,19.8,1436.95,0,1.0253623188405783,0,0,0,1,0,0,0,1,0,1,1,0,0,0
7905-NJMXS,1,1,0,0,1,1,0,1,0,0,7,64.2,475.0,3,3.6571428571428584,1,0,0,0,0,1,0,0,0,0,0,1,0,0
2882-WDTBA,0,1,0,1,1,1,1,1,1,0,69,75.75,5388.15,4,2.3391304347826036,0,0,0,1,0,0,0,0,0,1,0,0,0,0
2091-GPPIQ,0,1,0,1,0,1,0,1,1,1,72,78.95,5730.15,2,0.6354166666666572,0,0,0,1,0,1,0,0,0,1,0,1,0,0
5071-FBJFS,0,1,1,0,1,0,0,0,0,0,4,50.3,217.1,1,3.9750000000000014,0,0,0,0,0,0,0,0,0,0,0,1,0,0
2796-UUZZO,0,1,1,1,0,1,1,0,0,0,63,80.3,4896.35,2,2.5801587301587148,0,0,0,1,0,0,1,0,0,0,1,0,0,0
2429-AYKKO,0,0,0,0,0,0,0,0,0,0,72,19.85,1434.1,0,0.06805555555555287,0,0,0,1,0,0,0,1,0,1,0,0,0,0
9798-OPFEM,0,0,0,1,0,0,0,0,0,0,46,21.1,937.1,0,0.7282608695652186,0,0,1,0,0,0,0,1,0,1,0,1,0,0
3794-NFNCH,0,1,0,1,0,0,1,0,0,0,30,50.0,1474.9,1,0.836666666666666,0,0,1,0,0,0,0,0,0,0,0,0,1,0
5193-QLVZB,0,0,0,1,0,1,1,0,1,1,63,104.75,6536.5,2,0.9960317460317469,0,0,0,1,0,1,1,0,0,1,0,0,0,0
7114-AEOZE,0,0,0,0,0,0,0,0,0,0,60,19.85,1128.1,0,1.0483333333333356,0,0,0,1,0,0,0,1,0,1,0,0,0,0
5522-NYKPB,0,1,1,0,0,0,0,1,1,0,25,85.9,2199.05,1,2.0619999999999976,0,0,1,0,0,0,1,0,0,0,0,1,0,0
9957-YODKZ,1,1,0,1,0,0,1,0,0,0,6,80.8,457.1,1,4.61666666666666,0,0,0,0,0,1,1,0,0,0,0,1,0,0
6518-KZXCB,0,0,0,0,0,0,0,0,0,0,22,25.25,566.5,0,0.5,0,1,0,0,0,1,0,1,0,1,0,0,1,0
2245-ADZFJ,0,1,0,0,0,1,0,1,1,1,31,80.55,2471.6,2,0.8209677419354904,0,0,1,0,0,1,0,0,0,1,0,0,0,0
7776-QGYJC,0,1,1,1,0,0,1,1,0,0,39,81.5,3107.3,2,1.8256410256410192,0,0,1,0,0,0,1,0,0,0,0,0,0,0
9313-QOLTZ,0,0,0,0,0,0,0,0,0,0,26,20.9,518.3,0,0.9653846153846146,0,0,1,0,0,0,0,1,0,0,0,0,1,0
4672-FOTSD,0,0,0,1,1,1,0,1,0,0,12,67.25,832.3,3,2.1083333333333343,1,0,0,0,0,1,0,0,0,0,0,1,0,0
9818-XQCUV,0,0,0,0,0,0,0,0,0,0,2,20.35,45.3,0,2.299999999999997,0,0,0,0,0,0,0,1,0,0,0,0,1,0
7338-ERIVA,0,0,0,0,1,0,0,1,1,0,39,45.05,1790.6,2,0.8628205128205124,0,0,1,0,1,0,0,0,1,0,0,0,0,0
8259-NFJTV,0,1,1,0,1,0,0,1,0,0,7,34.65,246.6,2,0.5785714285714292,1,0,0,0,1,0,0,0,0,0,0,0,1,0
3223-DWFIO,1,0,0,0,0,0,0,0,0,0,4,69.35,261.65,0,3.9375,0,0,0,0,0,0,1,0,0,0,0,1,0,0
6968-GMKPR,0,0,0,1,0,1,1,0,0,0,55,81.55,4509.5,2,0.4409090909090878,0,0,0,1,0,0,1,0,0,0,0,1,0,0
4751-ERMAN,0,1,0,1,0,1,1,0,1,1,72,75.4,5480.25,2,0.7145833333333229,0,0,0,1,0,0,0,0,0,1,0,0,0,0
1436-ZMJAN,0,1,0,1,0,0,1,0,1,1,10,67.8,653.15,1,2.4849999999999994,1,0,0,0,0,0,0,0,0,0,1,0,0,0
3292-PBZEJ,1,0,0,1,0,1,1,1,1,1,11,111.4,1183.05,3,3.8500000000000085,1,0,0,0,0,1,1,0,0,0,0,1,0,0
0799-DDIHE,0,1,1,0,0,0,0,0,0,0,15,46.3,639.45,0,3.6699999999999946,0,1,0,0,0,0,0,0,0,0,0,1,0,0
3070-FNFZQ,0,1,1,0,0,0,0,0,0,0,23,20.4,478.75,0,0.4152173913043491,0,1,0,0,0,0,0,1,0,1,0,0,0,0
2812-SFXMJ,0,0,1,0,0,0,0,0,0,0,1,20.05,20.05,0,0.0,0,0,0,0,0,0,0,1,0,0,0,0,1,0
5014-WUQMG,0,1,1,1,1,1,1,0,0,1,47,96.1,4391.45,3,2.664893617021278,0,0,1,0,0,0,1,0,1,0,0,1,0,0
5312-TSZVC,0,0,0,0,0,0,0,0,0,0,15,19.65,270.6,0,1.6099999999999959,0,1,0,0,0,0,0,1,1,0,0,0,1,0
0993-OSGPT,1,1,0,1,0,1,1,1,0,0,68,60.65,3975.9,3,2.1808823529411754,0,0,0,1,0,0,0,0,1,0,0,0,0,0
7108-DGVUU,1,1,0,0,0,1,1,0,0,1,21,71.7,1497.05,2,0.4119047619047649,0,1,0,0,0,1,0,0,1,0,0,0,0,0
2782-JEEBU,0,0,0,1,0,1,0,1,0,0,21,36.0,780.15,2,1.1499999999999986,0,1,0,0,1,0,0,0,0,0,0,0,1,0
5127-BZENZ,0,1,0,0,1,0,0,0,1,0,56,65.2,3512.15,1,2.4830357142857125,0,0,0,1,0,1,0,0,1,0,0,0,0,0
2720-FVBQP,0,1,1,1,0,0,0,0,0,0,6,48.95,273.25,0,3.4083333333333385,0,0,0,0,0,1,0,0,0,0,1,0,0,0
9906-NHHVC,1,0,0,1,0,1,1,0,1,1,65,53.5,3517.9,2,0.6215384615384636,0,0,0,1,1,0,0,0,0,1,0,0,0,0
4522-XRWWI,0,1,0,0,1,0,0,1,1,1,42,80.45,3375.9,2,0.0714285714285694,0,0,1,0,0,1,0,0,1,0,1,0,0,0
3766-EJLFL,0,1,1,1,1,0,1,1,1,1,68,109.05,7508.55,3,1.3698529411764753,0,0,0,1,0,1,1,0,0,1,0,0,0,0
5939-SXWHM,0,1,1,0,0,0,0,0,0,0,48,26.3,1245.05,0,0.361458333333335,0,0,1,0,0,1,0,1,0,1,0,0,0,0
8152-UOBNY,1,0,0,1,0,1,0,1,1,1,50,106.8,5347.95,2,0.15900000000000603,0,0,0,1,0,1,1,0,1,0,0,1,0,0
7351-KYHQH,1,0,0,1,0,1,1,0,1,0,7,64.95,493.65,2,5.571428571428569,1,0,0,0,0,0,0,0,0,0,0,1,0,0
7643-RCHXS,0,1,1,0,0,0,0,0,0,0,63,19.35,1263.85,0,0.7111111111111086,0,0,0,1,0,0,0,1,0,1,0,1,0,0
8246-SHFGA,0,0,0,0,0,0,0,0,0,0,17,21.1,385.55,0,1.5794117647058812,0,1,0,0,0,0,0,1,0,0,1,0,0,0
0620-XEFWH,0,1,1,0,0,0,0,0,0,0,4,18.85,84.2,0,2.1999999999999993,0,0,0,0,0,0,0,1,0,0,0,0,1,0
6485-QXWWE,0,0,1,0,0,0,0,0,0,0,62,26.0,1638.7,0,0.4306451612903217,0,0,0,1,0,1,0,1,0,1,0,0,0,0
7321-VGNKU,0,1,0,1,0,0,0,0,0,0,2,70.35,120.25,0,10.224999999999994,0,0,0,0,0,0,1,0,0,0,0,1,0,0
5327-CNLUQ,0,1,0,1,1,1,1,0,1,0,48,96.9,4473.45,3,3.703125000000014,0,0,1,0,0,1,1,0,0,1,0,0,0,0
7552-KEYGT,0,1,0,0,0,0,0,0,0,0,27,19.55,520.55,0,0.27037037037037237,0,0,1,0,0,0,0,1,0,1,0,0,0,0
5816-JMLGY,0,1,0,1,0,1,1,1,1,1,70,80.4,5717.85,3,1.2835714285714346,0,0,0,1,0,0,0,0,0,1,0,0,0,0
2927-QRRQV,0,1,0,1,0,1,1,0,1,0,46,94.65,4312.5,2,0.9000000000000057,0,0,1,0,0,1,1,0,1,0,0,1,0,0
6265-SXWBU,0,1,1,0,0,1,1,0,1,0,69,95.75,6511.25,2,1.3840579710144993,0,0,0,1,0,1,1,0,1,0,1,0,0,0
7941-RCJOW,0,0,0,1,0,0,0,0,0,0,65,19.55,1218.65,0,0.8015384615384598,0,0,0,1,0,0,0,1,0,1,1,0,0,0
6374-NTQLP,1,1,1,1,1,0,1,1,1,1,72,104.1,7447.7,3,0.6597222222222143,0,0,0,1,0,0,1,0,0,1,1,0,0,0
2387-KDZQY,0,0,0,1,0,0,0,0,0,0,17,20.1,279.5,0,3.658823529411766,0,1,0,0,0,0,0,1,1,0,0,0,1,0
3584-WKTTW,0,1,0,1,1,0,1,1,1,1,51,111.55,5720.35,3,0.6137254901960887,0,0,0,1,0,1,1,0,1,0,0,1,0,0
3399-BMLVW,0,1,0,0,1,1,0,1,0,0,51,60.5,3121.45,3,0.7049019607843121,0,0,0,1,0,0,0,0,0,1,1,0,0,0
1971-DTCZB,0,1,0,1,1,1,1,1,1,1,72,90.95,6468.6,4,1.1083333333333343,0,0,0,1,0,1,0,0,0,1,0,0,0,0
3374-PZLXD,0,0,0,0,0,0,0,0,0,0,34,19.7,675.6,0,0.17058823529411882,0,0,1,0,0,0,0,1,0,0,0,0,1,0
3813-DHBBB,0,1,0,1,1,1,0,1,0,1,67,50.95,3521.7,3,1.6126865671641752,0,0,0,1,1,0,0,0,0,1,0,0,0,0
2812-REYAT,0,1,0,1,0,0,0,0,0,0,49,20.05,923.1,0,1.2112244897959172,0,0,0,1,0,0,0,1,1,0,0,0,0,0
6518-PPLMZ,0,1,1,1,0,0,0,0,0,0,53,19.4,1110.35,0,1.5500000000000007,0,0,0,1,0,0,0,1,0,1,0,0,1,0
4939-KYYPY,0,0,0,0,0,0,1,1,0,0,27,59.45,1611.65,2,0.24074074074074048,0,0,1,0,0,1,0,0,0,0,0,1,0,0
5930-GBIWP,0,0,0,1,1,1,1,1,0,1,69,81.5,5553.25,4,1.0181159420289845,0,0,0,1,0,1,0,0,0,1,1,0,0,0
6022-KOUQO,0,1,1,0,0,0,0,1,0,0,2,29.05,44.75,1,6.675000000000001,0,0,0,0,1,0,0,0,0,0,0,0,0,0
2361-UPSND,0,1,0,0,1,1,0,1,0,1,46,70.6,3231.05,3,0.35978260869563883,0,0,1,0,0,0,0,0,1,0,0,0,1,0
6035-RIIOM,0,0,0,1,0,1,0,0,1,1,54,97.2,5129.45,1,2.210185185185196,0,0,0,1,0,1,1,0,0,1,0,0,0,0
9504-DSHWM,0,0,0,0,1,0,0,1,0,0,20,59.2,1191.2,2,0.35999999999999943,0,1,0,0,0,1,0,0,0,0,0,0,0,0
5035-BVCXS,0,0,0,1,0,1,0,0,0,0,11,75.9,866.4,1,2.8636363636363598,1,0,0,0,0,0,1,0,0,0,0,0,1,0
6267-DCFFZ,1,1,0,1,0,1,0,0,1,0,30,90.05,2627.2,1,2.4766666666666737,0,0,1,0,0,1,1,0,0,0,0,1,0,0
3533-UVMOM,0,1,0,0,1,1,1,0,0,1,68,70.95,4741.45,3,1.2227941176470694,0,0,0,1,0,0,0,0,0,1,0,0,0,0
2439-LYPMQ,1,1,0,1,0,1,1,0,1,1,38,102.6,4009.2,2,2.905263157894737,0,0,1,0,0,1,1,0,0,0,0,1,0,0
1478-VPOAD,0,0,0,0,0,0,0,0,0,0,1,43.8,43.8,0,0.0,0,0,0,0,0,0,0,0,0,0,0,1,0,0
9995-HOTOH,0,1,0,0,1,1,1,0,1,1,63,59.0,3707.6,3,0.14920634920635223,0,0,0,1,1,0,0,0,0,1,0,1,0,0
2988-PLAHS,0,0,0,1,0,0,1,0,1,1,3,69.95,220.45,1,3.5333333333333314,0,0,0,0,0,0,0,0,1,0,0,1,0,0
1371-OJCEK,0,0,0,0,0,0,0,0,0,0,48,24.35,1133.7,0,0.7312499999999993,0,0,1,0,0,1,0,1,1,0,0,0,0,0
4999-IEZLT,0,0,0,0,0,0,0,1,0,0,66,29.45,1983.15,1,0.5977272727272762,0,0,0,1,1,0,0,0,1,0,1,0,0,0
8883-ANODQ,0,1,1,1,0,1,1,0,0,0,68,84.4,5746.75,2,0.11102941176470438,0,0,0,1,0,1,1,0,0,1,1,0,0,0
2351-RRBUE,0,1,0,0,0,0,0,0,0,0,7,20.65,134.05,0,1.4999999999999964,1,0,0,0,0,0,0,1,1,0,0,0,1,0
5980-BDHPY,0,1,0,1,1,1,1,1,1,1,72,87.1,6230.1,4,0.5708333333333258,0,0,0,1,0,1,0,0,0,1,0,0,0,0
1498-DQNRX,0,1,0,0,0,0,0,0,0,0,29,19.85,573.05,0,0.08965517241379573,0,0,1,0,0,0,0,1,0,0,0,0,1,0
9469-WEJBT,0,1,0,1,0,0,1,1,0,1,37,90.35,3419.3,2,2.063513513513527,0,0,1,0,0,0,1,0,0,0,0,1,0,0
2581-VKIRT,0,1,0,0,1,1,0,1,0,0,59,65.5,3801.3,3,1.0711864406779625,0,0,0,1,0,1,0,0,1,0,0,0,1,0
7426-WEIJX,1,1,1,1,1,0,0,0,0,0,60,80.95,4859.1,1,0.03499999999999659,0,0,0,1,0,1,1,0,0,0,0,1,0,0
2851-MMUTZ,0,0,0,1,0,1,0,1,0,0,27,56.15,1439.35,2,2.840740740740742,0,0,1,0,0,0,0,0,0,0,0,0,1,0
3307-TLCUD,0,1,0,0,1,0,1,0,0,0,17,34.4,592.75,2,0.4676470588235304,0,1,0,0,1,0,0,0,0,0,0,0,1,0
6625-FLENO,0,1,0,0,0,0,0,0,0,0,58,20.75,1185.95,0,0.30258620689654947,0,0,0,1,0,0,0,1,0,1,0,0,1,0
2967-MXRAV,0,1,0,0,0,0,0,0,0,0,1,18.8,18.8,0,0.0,0,0,0,0,0,0,0,1,1,0,0,0,1,0
8189-HBVRW,0,0,0,0,1,1,1,0,0,0,53,90.8,4921.2,3,2.0528301886792377,0,0,0,1,0,1,1,0,0,0,0,1,0,0
4163-KIUHY,0,0,0,1,0,0,0,0,0,0,35,25.6,901.25,0,0.14999999999999858,0,0,1,0,0,1,0,1,0,0,0,1,0,0
3500-NSDOA,0,1,0,0,0,1,0,1,0,1,68,70.8,4859.95,2,0.6698529411764724,0,0,0,1,0,1,0,0,0,1,1,0,0,0
1171-TYKUR,0,1,0,0,0,0,0,0,0,0,47,25.4,1139.2,0,1.1617021276595736,0,0,1,0,0,1,0,1,0,0,0,1,0,0
3761-FLYZI,1,1,0,1,0,1,1,0,1,1,65,108.8,7082.45,2,0.16076923076923322,0,0,0,1,0,1,1,0,0,0,0,0,0,0
1219-NNDDO,0,0,0,1,0,0,0,0,0,0,9,76.85,663.55,0,3.12222222222222,1,0,0,0,0,1,1,0,0,0,0,1,0,0
8388-DMKAE,0,0,0,0,0,0,0,0,0,0,8,20.25,174.65,0,1.5812500000000007,1,0,0,0,0,0,0,1,0,1,0,0,1,0
4403-BWPAY,0,0,0,1,0,0,0,0,0,0,14,24.8,321.7,0,1.821428571428573,0,1,0,0,0,1,0,1,1,0,1,0,0,0
9659-QEQSY,0,0,0,1,1,1,1,1,1,1,45,115.65,5125.5,4,1.75,0,0,1,0,0,1,1,0,0,0,0,1,0,0
5405-ZMYXQ,0,0,0,1,0,0,0,0,0,0,8,74.6,548.9,0,5.987499999999997,1,0,0,0,0,1,1,0,0,0,1,0,0,0
1442-OKRJE,0,1,1,1,1,1,1,0,1,1,66,103.15,7031.3,3,3.384848484848476,0,0,0,1,0,0,1,0,1,0,0,0,0,0
4737-AQCPU,0,1,0,0,1,1,1,1,0,0,72,72.1,5016.65,4,2.4243055555555486,0,0,0,1,0,1,0,0,0,1,1,0,0,0
2808-CHTDM,0,1,1,0,0,0,0,0,0,0,23,25.1,611.45,0,1.484782608695653,0,1,0,0,0,1,0,1,0,1,0,0,1,0
0793-TWELN,0,0,0,1,1,0,0,0,0,0,4,80.15,319.85,1,0.1875,0,0,0,0,0,1,1,0,0,0,0,1,0,0
3283-WCWXT,0,1,1,0,0,0,0,0,0,0,6,25.4,153.3,0,0.15000000000000213,0,0,0,0,0,1,0,1,0,1,0,0,1,0
1060-ENTOF,1,1,0,1,1,1,1,1,0,1,67,105.4,7035.6,4,0.3910447761194007,0,0,0,1,0,1,1,0,1,0,1,0,0,0
0999-QXNSA,1,0,1,1,0,0,0,0,0,0,7,45.75,344.2,0,3.421428571428571,1,0,0,0,0,0,0,0,0,0,0,0,1,0
5451-MHQOF,0,1,0,1,0,0,0,0,0,0,56,24.45,1431.65,0,1.1151785714285722,0,0,0,1,0,1,0,1,1,0,0,0,1,0
4836-WNFNO,0,1,0,0,0,0,0,0,0,0,72,25.0,1849.2,0,0.6833333333333336,0,0,0,1,0,1,0,1,0,1,1,0,0,0
9225-BZLNZ,0,1,0,1,1,1,1,0,1,1,72,85.25,6083.1,3,0.7624999999999886,0,0,0,1,0,1,0,0,0,1,0,1,0,0
0354-VXMJC,0,1,1,0,0,0,0,0,0,0,23,19.6,426.65,0,1.0500000000000007,0,1,0,0,0,0,0,1,0,1,1,0,0,0
4422-QVIJA,0,0,1,0,0,0,0,0,0,0,35,50.15,1655.35,0,2.854285714285716,0,0,1,0,0,1,0,0,0,0,0,0,1,0
9365-SRSZE,1,1,0,1,0,0,0,0,0,0,27,70.55,1943.9,0,1.4462962962962962,0,0,1,0,0,0,1,0,0,0,0,1,0,0
8332-OSJDW,0,1,0,0,0,0,0,0,0,0,12,26.4,314.95,0,0.154166666666665,1,0,0,0,0,1,0,1,1,0,0,0,1,0
4735-BJKOU,0,0,0,0,0,0,0,0,0,0,40,20.15,804.85,0,0.02874999999999872,0,0,1,0,0,0,0,1,0,1,0,0,1,0
0274-JKUJR,0,1,1,0,1,1,1,0,1,1,7,58.85,465.7,3,7.6785714285714235,1,0,0,0,1,0,0,0,0,0,0,0,1,0
5740-YHGTW,0,1,1,1,1,1,0,0,1,0,70,97.55,6669.05,2,2.277857142857144,0,0,0,1,0,1,1,0,0,0,1,0,0,0
8917-SZTTJ,0,1,1,0,0,0,0,0,0,0,60,19.65,1161.75,0,0.28749999999999787,0,0,0,1,0,0,0,1,0,1,1,0,0,0
1696-MZVAU,0,1,0,1,0,0,0,0,0,0,39,25.25,947.75,0,0.9487179487179489,0,0,1,0,1,0,0,0,1,0,1,0,0,0
7359-WWYJV,0,1,0,0,1,1,1,1,1,1,72,114.45,8375.05,4,1.8701388888888744,0,0,0,1,0,1,1,0,0,1,1,0,0,0
4906-ZHGPK,0,1,0,1,0,1,0,1,1,0,54,70.7,3770.0,2,0.8851851851851933,0,0,0,1,0,1,0,0,1,0,0,1,0,0
3795-GWTRD,0,1,0,0,1,1,1,1,1,0,63,75.55,4707.85,4,0.8222222222222086,0,0,0,1,0,0,0,0,0,1,1,0,0,0
1298-PHBTI,0,1,1,1,0,1,0,1,0,0,71,84.8,6152.4,2,1.8535211267605547,0,0,0,1,0,1,1,0,0,1,0,1,0,0
6223-DHJGV,0,0,0,1,0,0,0,0,0,0,42,20.65,958.1,0,2.161904761904765,0,0,1,0,0,0,0,1,1,0,0,0,1,0
6961-MJKBO,0,0,0,0,0,0,0,0,0,0,47,20.45,943.0,0,0.38617021276595764,0,0,1,0,0,0,0,1,0,1,0,0,0,0
8158-WPEZG,0,0,0,1,0,1,0,1,0,0,11,35.65,425.1,2,2.9954545454545496,1,0,0,0,1,0,0,0,0,0,0,1,0,0
4918-FYJNT,1,1,0,0,0,1,1,1,0,0,55,90.45,5044.8,3,1.2736363636363706,0,0,0,1,0,1,1,0,0,0,0,1,0,0
0727-BNRLG,0,0,0,1,0,1,1,1,1,0,69,97.65,6743.55,3,0.08260869565216922,0,0,0,1,0,1,1,0,0,1,1,0,0,0
4854-CIDCF,1,0,0,0,0,0,1,0,0,0,3,73.85,196.4,1,8.383333333333326,0,0,0,0,0,0,1,0,0,0,0,1,0,0
3280-MRDOF,1,0,0,1,0,0,1,1,1,0,30,69.1,2093.9,2,0.6966666666666725,0,0,1,0,0,1,0,0,0,1,1,0,0,0
6435-SRWBJ,0,0,0,1,0,0,1,1,0,0,5,82.75,417.75,2,0.7999999999999972,0,0,0,0,0,1,1,0,0,0,0,1,0,0
9964-WBQDJ,0,1,0,1,0,0,0,0,0,0,71,24.4,1725.4,0,0.0985915492957723,0,0,0,1,0,1,0,1,0,1,1,0,0,0
6303-KFWSL,0,0,0,1,0,1,0,0,0,0,29,55.25,1620.2,1,0.6189655172413779,0,0,1,0,0,1,0,0,1,0,0,1,0,0
1702-CCFNJ,0,1,0,0,0,1,0,1,0,0,52,61.35,3169.55,2,0.39711538461538254,0,0,0,1,0,1,0,0,0,0,0,0,0,0
8932-CZHRQ,0,0,0,0,1,1,1,0,0,1,68,76.75,5233.25,3,0.2095588235294059,0,0,0,1,0,1,0,0,1,0,1,0,0,0
0386-CWRGM,0,1,1,0,0,0,0,0,0,0,46,19.4,967.85,0,1.6402173913043505,0,0,1,0,0,0,0,1,0,1,0,0,1,0
5515-RUGKN,0,0,0,1,0,0,0,0,0,1,8,54.75,438.05,0,0.006250000000001421,1,0,0,0,0,0,0,0,0,0,1,0,0,0
0404-AHASP,0,1,0,0,0,0,0,0,0,0,72,19.7,1421.9,0,0.04861111111111427,0,0,0,1,0,0,0,1,0,1,1,0,0,0
7279-NMVJC,0,0,0,0,0,0,0,0,0,0,17,19.9,323.15,0,0.8911764705882348,0,1,0,0,0,0,0,1,1,0,0,0,0,0
2081-VEYEH,0,0,0,1,0,1,1,1,1,1,3,107.95,318.6,3,1.75,0,0,0,0,0,0,1,0,0,0,0,1,0,0
6407-UTSLV,1,0,0,1,0,1,0,0,1,0,2,83.8,163.7,1,1.9500000000000028,0,0,0,0,0,0,1,0,0,0,0,0,0,0
9060-HJJRW,0,0,0,1,0,1,1,0,1,1,51,56.4,2928.5,2,1.021568627450982,0,0,0,1,1,0,0,0,1,0,1,0,0,0
2587-YNLES,0,1,1,0,0,0,0,0,0,0,6,20.1,100.35,0,3.3750000000000036,0,0,0,0,0,0,0,1,0,1,0,0,1,0
7398-SKNQZ,0,1,0,0,0,0,0,0,1,1,3,94.9,273.2,0,3.833333333333343,0,0,0,0,0,1,1,0,0,0,0,1,0,0
5935-FCCNB,1,0,0,1,0,0,0,0,1,1,17,94.2,1608.15,0,0.3970588235294201,0,1,0,0,0,1,1,0,0,0,0,1,0,0
1958-RNRKS,0,1,0,0,0,0,0,0,0,0,30,49.9,1441.95,0,1.8349999999999937,0,0,1,0,0,1,0,0,0,0,0,1,0,0
5136-RGMZO,0,0,0,1,0,1,0,1,1,0,31,71.05,2168.15,2,1.1096774193548384,0,0,1,0,0,1,0,0,0,0,0,1,0,0
8345-MVDYC,0,0,0,0,1,0,1,1,1,1,45,81.65,3618.7,3,1.2344444444444491,0,0,1,0,0,0,0,0,0,1,0,0,0,0
8226-BXGES,0,1,0,0,1,1,1,0,0,0,64,89.45,5692.65,3,0.5023437500000085,0,0,0,1,0,1,1,0,1,0,0,0,0,0
9705-IOVQQ,1,1,1,0,0,1,0,0,1,1,61,99.0,5969.3,1,1.1426229508196712,0,0,0,1,0,1,1,0,1,0,0,1,0,0
1015-OWJKI,0,0,0,0,0,0,0,0,0,0,1,19.05,19.05,0,0.0,0,0,0,0,0,0,0,1,0,0,0,0,1,0
2040-XBAVJ,0,1,1,0,1,1,1,1,1,1,72,114.45,8100.55,4,1.9423611111111114,0,0,0,1,0,1,1,0,0,1,0,0,0,0
8887-IPQNC,0,1,0,1,0,0,0,0,0,0,7,44.25,313.45,0,0.5285714285714249,1,0,0,0,0,0,0,0,0,0,0,0,1,0
8646-JCOMS,0,1,0,1,0,1,1,1,0,0,66,90.55,6130.95,3,2.3431818181818187,0,0,0,1,0,1,1,0,1,0,0,0,0,0
1222-KJNZD,0,1,1,1,0,0,0,0,0,0,40,20.4,745.3,0,1.7674999999999983,0,0,1,0,0,0,0,1,0,0,0,0,0,0
0106-GHRQR,0,0,0,1,0,1,1,0,0,1,16,71.4,1212.1,2,4.356249999999989,0,1,0,0,0,1,0,0,0,0,0,0,0,0
3768-VHXQO,0,1,0,0,0,0,0,0,0,0,67,24.85,1583.5,0,1.2156716417910474,0,0,0,1,0,1,0,1,0,1,1,0,0,0
8952-WCVCD,0,1,0,1,1,1,1,0,1,1,41,104.45,4162.05,3,2.9365853658536594,0,0,1,0,0,0,1,0,1,0,0,0,0,0
2418-TPEUN,0,1,1,1,0,0,0,0,0,0,56,19.8,1119.9,0,0.19821428571428612,0,0,0,1,0,0,0,1,0,1,1,0,0,0
3963-RYFNS,0,0,0,1,1,1,1,1,1,1,72,116.45,8013.55,4,5.15069444444444,0,0,0,1,0,1,1,0,0,1,0,0,0,0
8540-ZQGEA,0,1,0,0,0,0,0,0,0,0,54,20.05,1102.4,0,0.36481481481481737,0,0,0,1,0,0,0,1,0,1,1,0,0,0
1320-REHCS,1,0,0,1,0,1,1,1,1,1,52,110.75,5832.0,3,1.4038461538461604,0,0,0,1,0,1,1,0,0,0,0,1,0,0
4137-JOPHL,0,0,0,1,0,0,1,1,0,1,50,89.7,4304.5,2,3.6099999999999994,0,0,0,1,0,0,1,0,0,1,0,0,0,0
7801-CEDNV,0,1,0,0,1,0,0,0,0,0,27,48.7,1421.75,1,3.957407407407402,0,0,1,0,0,0,0,0,1,0,1,0,0,0
2057-BOYKM,1,1,0,1,1,1,1,1,0,0,72,96.6,6827.5,4,1.7736111111111086,0,0,0,1,0,1,1,0,0,1,0,0,0,0
3658-QQJYD,0,0,0,1,1,1,0,0,1,1,62,74.3,4698.05,2,1.4750000000000085,0,0,0,1,0,0,0,0,1,0,1,0,0,0
1803-BGNBD,0,0,0,1,0,1,0,1,0,0,12,54.3,654.5,2,0.24166666666666714,1,0,0,0,0,0,0,0,0,0,0,1,0,0
0134-XWXCE,1,0,0,0,0,0,1,1,1,1,44,74.85,3268.05,2,0.5761363636363512,0,0,1,0,0,0,0,0,1,0,0,0,0,0
6950-TWMYB,0,1,1,1,0,1,0,1,0,0,54,79.95,4362.05,2,0.8287037037037095,0,0,0,1,0,0,1,0,0,1,0,0,0,0
5848-FHRFC,0,0,0,0,0,0,0,0,0,0,68,20.05,1386.9,0,0.34558823529411953,0,0,0,1,0,0,0,1,0,1,0,0,0,0
2243-FNMMI,0,0,0,0,0,0,0,0,0,0,20,19.4,415.4,0,1.370000000000001,0,1,0,0,0,0,0,1,0,0,0,0,1,0
2511-MORQY,0,1,0,0,0,0,1,0,0,0,50,54.9,2614.1,1,2.618000000000002,0,0,0,1,0,1,0,0,1,0,0,0,0,0
5356-KZCKT,0,0,0,1,0,0,0,0,0,0,58,24.45,1513.6,0,1.6465517241379288,0,0,0,1,0,1,0,1,0,1,1,0,0,0
9470-XCCEM,0,1,1,1,0,1,0,0,1,0,35,89.65,3161.6,1,0.6814285714285688,0,0,1,0,0,1,1,0,0,0,0,0,0,0
6519-CFDBX,0,0,0,1,0,0,0,0,0,0,2,45.4,80.95,0,4.924999999999997,0,0,0,0,0,0,0,0,0,0,0,1,0,0
3902-MIVLE,0,1,0,0,1,0,1,1,0,1,63,75.7,4676.7,3,1.4666666666666686,0,0,0,1,0,1,0,0,0,1,0,0,1,0
0409-WTMPL,0,1,0,1,1,1,1,0,1,1,58,110.65,6526.65,3,1.8784482758620555,0,0,0,1,0,1,1,0,1,0,1,0,0,0
8763-KIAFH,0,1,0,1,0,0,0,0,0,0,27,20.55,583.3,0,1.0537037037037003,0,0,1,0,0,0,0,1,1,0,0,0,1,0
3669-WHAFY,0,1,0,1,1,1,1,1,1,1,71,115.15,8078.1,4,1.3739436619718361,0,0,0,1,0,1,1,0,0,1,1,0,0,0
3055-VTCGS,0,0,0,0,0,0,1,0,0,1,63,58.55,3503.5,1,2.938888888888883,0,0,0,1,0,0,0,0,1,0,1,0,0,0
3144-KMTWZ,0,1,0,1,0,1,1,0,0,1,71,93.25,6669.45,2,0.6859154929577471,0,0,0,1,0,1,1,0,0,0,0,0,0,0
2007-QVGAW,0,1,1,1,0,0,0,0,0,0,68,19.35,1292.65,0,0.3404411764705877,0,0,0,1,0,0,0,1,0,1,0,0,0,0
5207-PLSTK,0,1,1,1,1,0,0,0,0,0,1,48.75,48.75,1,0.0,0,0,0,0,0,0,0,0,0,0,0,0,1,0
2307-FYNNL,1,0,0,1,1,0,1,1,1,1,65,109.05,7108.2,3,0.30692307692306997,0,0,0,1,0,1,1,0,0,1,0,1,0,0
5605-XNWEN,1,1,0,1,0,0,0,0,0,0,72,25.0,1802.55,0,0.03541666666666643,0,0,0,1,0,1,0,1,0,1,0,0,0,0
2155-AMQRX,0,0,0,1,0,0,0,1,0,0,28,54.9,1505.15,1,1.1446428571428555,0,0,1,0,0,1,0,0,0,0,1,0,0,0
6181-AXXYF,0,1,1,0,0,0,0,0,0,0,72,24.75,1859.1,0,1.0708333333333329,0,0,0,1,0,1,0,1,0,1,1,0,0,0
5091-HFAZW,0,0,0,1,1,1,0,0,1,0,2,91.15,168.5,2,6.900000000000006,0,0,0,0,0,0,1,0,0,0,0,1,0,0
2519-LBNQL,1,1,0,1,0,1,1,0,1,1,60,104.35,6339.45,2,1.3075000000000045,0,0,0,1,0,1,1,0,1,0,0,1,0,0
8623-ULFNQ,1,0,0,1,0,0,0,1,0,1,26,66.05,1652.4,1,2.496153846153838,0,0,1,0,0,1,0,0,0,0,0,1,0,0
1568-LJSZU,0,1,0,1,1,1,1,1,1,1,68,92.2,6392.85,4,1.8125,0,0,0,1,0,1,0,0,0,1,1,0,0,0
7789-HKSBS,1,1,0,1,1,0,1,0,1,1,42,105.2,4599.15,2,4.303571428571416,0,0,1,0,0,1,1,0,1,0,0,0,0,0
7416-CKTEP,0,1,0,1,0,0,0,0,0,0,57,19.6,1134.25,0,0.2991228070175431,0,0,0,1,0,0,0,1,0,1,0,0,0,0
2586-CWXVV,0,1,0,0,0,1,0,0,0,0,54,30.4,1621.35,1,0.375,0,0,0,1,1,0,0,0,0,0,0,1,0,0
2348-KCJLT,0,1,0,1,1,1,1,0,0,0,44,61.5,2722.2,3,0.3681818181818173,0,0,1,0,0,0,0,0,1,0,0,0,1,0
8401-EMUWF,0,1,1,1,1,1,0,0,1,0,42,69.4,3058.3,2,3.4166666666666714,0,0,1,0,0,1,0,0,0,0,0,0,0,0
4193-IBKSW,0,1,1,0,0,0,0,0,0,0,72,24.75,1769.6,0,0.17222222222222427,0,0,0,1,0,1,0,1,0,1,0,0,0,0
5377-NDTOU,0,1,0,0,1,1,1,1,1,1,71,91.05,6293.75,4,2.4056338028168938,0,0,0,1,0,1,0,0,0,1,0,0,1,0
2474-LCNUE,0,1,0,1,0,0,0,1,1,1,23,73.65,1642.75,1,2.2260869565217405,0,1,0,0,0,1,0,0,0,0,1,0,0,0
0839-QNXME,0,0,0,0,0,0,0,0,0,0,30,19.4,578.5,0,0.11666666666666359,0,0,1,0,0,0,0,1,0,1,1,0,0,0
3506-OVLKD,0,0,0,0,0,0,0,0,0,0,35,26.2,954.9,0,1.0828571428571436,0,0,1,0,0,1,0,1,1,0,0,0,0,0
6650-VJONK,0,0,0,1,0,0,0,0,0,0,1,43.85,43.85,0,0.0,0,0,0,0,0,0,0,0,0,0,0,0,0,0
2178-PMGCJ,0,0,0,1,0,0,0,0,0,0,22,69.7,1490.4,0,1.9545454545454533,0,1,0,0,0,0,1,0,0,0,0,0,1,0
7492-TAFJD,0,1,0,0,1,1,1,0,0,0,7,38.55,280.0,3,1.4500000000000028,1,0,0,0,1,0,0,0,0,1,0,0,1,0
2773-MADBQ,0,0,0,1,1,1,1,1,0,1,36,53.1,1901.25,4,0.2875000000000014,0,0,1,0,1,0,0,0,0,1,0,0,1,0
6016-LVTJQ,0,1,1,0,0,0,0,0,0,0,34,20.65,716.4,0,0.4205882352941188,0,0,1,0,0,0,0,1,0,0,0,0,1,0
7860-KSUGX,0,1,0,0,1,1,1,0,0,0,72,64.45,4720.0,3,1.1055555555555543,0,0,0,1,0,1,0,0,0,1,1,0,0,0
8966-KZXXA,0,1,1,0,0,0,0,0,0,0,36,25.1,930.95,0,0.7597222222222229,0,0,1,0,0,1,0,1,0,1,1,0,0,0
5149-QYTTU,0,1,1,1,1,1,1,1,0,0,71,95.15,6770.85,4,0.21408450704225856,0,0,0,1,0,1,1,0,1,0,1,0,0,0
2070-XYMFH,1,0,0,1,0,0,1,0,0,0,23,79.35,1835.3,1,0.44565217391304657,0,1,0,0,0,1,1,0,0,0,0,0,1,0
2085-BOJKI,0,1,0,1,0,0,1,0,1,1,17,96.65,1588.25,1,3.2235294117647157,0,1,0,0,0,0,1,0,1,0,0,0,0,0
0817-HSUSE,0,0,0,1,0,0,1,1,1,1,1,75.5,75.5,2,0.0,0,0,0,0,0,0,0,0,0,0,0,1,0,0
5442-PPTJY,0,1,1,0,0,0,0,0,0,0,12,19.7,258.35,0,1.8291666666666693,1,0,0,0,0,0,0,1,0,1,0,0,1,0
1927-QEWMY,0,1,0,0,0,0,0,0,0,0,72,20.5,1502.25,0,0.36458333333333215,0,0,0,1,0,0,0,1,0,1,1,0,0,0
1663-MHLHE,0,0,0,0,0,0,0,0,0,0,1,19.2,19.2,0,0.0,0,0,0,0,0,0,0,1,0,0,0,0,1,0
5663-QBGIS,1,1,0,0,0,1,0,0,1,1,72,98.35,6929.4,1,2.1083333333333343,0,0,0,1,0,1,1,0,0,1,0,0,0,0
4450-MDZFX,0,1,1,0,0,0,0,0,0,0,60,74.35,4453.3,0,0.1283333333333303,0,0,0,1,0,1,1,0,0,0,0,0,0,0
6701-DHKWQ,0,1,0,0,0,1,1,1,1,0,61,51.35,3244.4,3,1.836885245901641,0,0,0,1,1,0,0,0,0,1,1,0,0,0
7554-AKDQF,0,1,0,0,0,0,0,0,0,0,6,45.65,323.45,0,8.258333333333333,0,0,0,0,0,0,0,0,0,0,0,0,1,0
0794-YVSGE,0,1,1,0,0,0,0,0,0,0,72,20.3,1401.15,0,0.8395833333333336,0,0,0,1,0,0,0,1,0,1,0,0,0,0
5423-BHIXO,0,0,0,1,0,1,0,0,0,0,32,54.2,1739.6,1,0.16249999999999432,0,0,1,0,0,1,0,0,0,0,0,1,0,0
6908-VVYHM,0,1,0,1,0,1,0,0,0,1,65,90.65,5931.0,1,0.5961538461538396,0,0,0,1,0,1,1,0,0,0,0,1,0,0
2959-EEXWB,0,1,1,1,1,0,0,0,1,1,45,50.9,2333.85,1,0.9633333333333312,0,0,1,0,1,0,0,0,0,0,0,0,0,0
1839-UMACK,0,0,0,0,0,0,0,0,0,0,42,25.05,949.85,0,2.43452380952381,0,0,1,0,0,1,0,1,1,0,0,1,0,0
3030-YDNRM,0,0,0,1,0,0,0,0,0,0,8,74.85,572.45,0,3.2937499999999886,1,0,0,0,0,1,1,0,0,0,0,1,0,0
7321-KKSDU,0,0,1,0,0,0,0,0,0,0,32,20.5,696.8,0,1.2749999999999986,0,0,1,0,0,0,0,1,0,1,0,0,1,0
3402-XRIUO,1,1,0,1,1,1,0,1,0,0,22,63.55,1381.8,3,0.7409090909090921,0,1,0,0,0,1,0,0,0,0,0,0,1,0
8286-AFUYI,0,0,0,0,1,0,0,0,0,0,1,47.95,47.95,1,0.0,0,0,0,0,0,0,0,0,0,0,0,1,0,0
8356-WUAOJ,0,1,0,1,0,0,0,0,0,0,1,45.0,45.0,0,0.0,0,0,0,0,0,0,0,0,0,0,0,1,0,0
8058-DMYRU,1,0,0,1,0,1,0,0,0,1,54,90.05,4931.8,1,1.279629629629639,0,0,0,1,0,1,1,0,0,0,0,1,0,0
9350-ZXYJC,0,0,0,1,0,0,0,0,0,0,4,25.3,116.95,0,3.9375,0,0,0,0,0,1,0,1,0,1,1,0,0,0
8958-JPTRR,0,1,0,0,0,0,0,0,0,0,56,24.3,1261.7,0,1.7696428571428555,0,0,0,1,0,1,0,1,1,0,0,1,0,0
6959-GQEGV,0,0,0,1,1,0,1,0,1,1,45,75.95,3273.8,2,3.198888888888888,0,0,1,0,0,0,0,0,0,0,0,1,0,0
3173-WSSUE,0,1,1,0,0,0,0,0,0,0,71,19.7,1415.85,0,0.24154929577464657,0,0,0,1,0,0,0,1,0,1,1,0,0,0
1265-HVPZB,0,1,0,0,1,1,1,0,1,0,59,66.4,3958.2,3,0.6881355932203235,0,0,0,1,0,0,0,0,1,0,1,0,0,0
4115-UMJFQ,0,0,0,1,0,1,1,0,0,0,69,35.75,2492.25,2,0.36956521739130466,0,0,0,1,1,0,0,0,1,0,0,0,0,0
7369-TRPFD,0,0,0,0,0,0,0,0,0,0,19,18.8,279.2,0,4.105263157894738,0,1,0,0,0,0,0,1,1,0,0,0,1,0
1098-KFQEC,0,1,1,0,0,0,0,0,0,0,55,19.4,1083.0,0,0.2909090909090928,0,0,0,1,0,0,0,1,0,1,1,0,0,0
7190-XHTWJ,0,0,0,0,0,0,0,0,0,0,38,19.3,755.5,0,0.5815789473684205,0,0,1,0,0,0,0,1,1,0,0,0,1,0
3537-RYBHH,1,1,0,1,1,1,1,0,0,0,47,67.45,3252.0,3,1.741489361702122,0,0,1,0,0,1,0,0,0,0,1,0,0,0
5296-BFCYD,0,1,1,1,0,0,0,0,0,0,46,20.1,936.85,0,0.26630434782608603,0,0,1,0,0,0,0,1,0,1,0,0,1,0
9359-JANWS,0,1,0,0,1,0,1,1,0,0,65,58.9,3857.1,3,0.4399999999999977,0,0,0,1,0,0,0,0,0,1,1,0,0,0
3279-DYZQM,0,1,1,0,0,0,0,0,0,0,71,19.45,1378.45,0,0.0352112676056322,0,0,0,1,0,0,0,1,0,1,0,0,1,0
0523-VNGTF,1,0,0,1,0,1,1,1,1,0,52,50.5,2566.3,3,1.1480769230769212,0,0,0,1,1,0,0,0,0,0,0,1,0,0
9575-IWCAZ,0,1,0,0,0,0,0,0,0,0,6,25.1,171.0,0,3.3999999999999986,0,0,0,0,0,1,0,1,1,0,0,0,1,0
7105-MXJLL,1,1,0,0,0,0,1,0,0,1,26,60.7,1597.4,1,0.7384615384615358,0,0,1,0,0,0,0,0,1,0,0,0,1,0
7064-FRRSW,1,0,0,1,0,1,0,0,1,1,48,99.0,4744.35,1,0.15937499999999716,0,0,1,0,0,1,1,0,1,0,0,1,0,0
7940-UQQUG,0,1,1,1,1,0,0,1,1,1,64,104.4,6721.6,2,0.625,0,0,0,1,0,1,1,0,1,0,0,0,0,0
3961-SXAXY,0,0,0,1,0,0,0,0,0,0,1,44.05,44.05,0,0.0,0,0,0,0,0,0,0,0,0,0,0,0,0,0
7010-BRBUU,0,1,1,0,0,0,0,0,0,0,72,24.1,1734.65,0,0.0076388888888878625,0,0,0,1,0,1,0,1,0,1,1,0,0,0
3566-HJGPK,0,0,0,1,0,0,0,0,0,0,1,45.55,45.55,0,0.0,0,0,0,0,0,0,0,0,0,0,0,0,1,0
3062-ICYZQ,0,1,1,1,1,1,0,0,0,1,51,93.8,4539.35,2,4.79313725490195,0,0,0,1,0,1,1,0,0,0,0,1,0,0
9938-PRCVK,0,1,1,0,0,0,0,0,0,0,41,19.7,804.25,0,0.08414634146341271,0,0,1,0,0,0,0,1,0,1,0,0,0,0
0973-KYVNF,0,1,0,1,1,1,1,0,1,0,72,70.65,5011.15,3,1.05069444444446,0,0,0,1,0,0,0,0,0,1,1,0,0,0
5129-HHMZC,0,1,0,0,1,1,0,1,1,1,43,86.45,3574.5,3,3.3220930232558175,0,0,1,0,0,1,0,0,0,1,1,0,0,0
9637-CDTKZ,0,1,0,1,1,1,1,1,1,1,72,114.1,8086.4,4,1.7888888888888914,0,0,0,1,0,1,1,0,0,1,1,0,0,0
3946-JEWRQ,0,1,0,1,0,0,0,0,1,1,47,95.2,4563.0,0,1.8851063829787194,0,0,1,0,0,1,1,0,1,0,1,0,0,0
7873-CVMAW,0,0,0,0,1,1,1,1,1,1,72,88.55,6362.35,4,0.18402777777777146,0,0,0,1,0,1,0,0,0,1,1,0,0,0
0463-WZZKO,0,0,0,1,0,0,0,0,0,0,3,20.75,67.1,0,1.6166666666666636,0,0,0,0,0,0,0,1,0,0,1,0,0,0
4524-QCSSM,0,0,0,1,1,1,0,0,0,1,26,44.65,1156.55,2,0.16730769230769482,0,0,1,0,1,0,0,0,0,0,0,0,0,0
5832-EXGTT,0,1,1,1,1,0,0,0,0,1,29,60.2,1834.15,1,3.0465517241379345,0,0,1,0,0,0,0,0,0,0,0,0,1,0
2039-JONDJ,0,0,0,0,1,1,0,0,0,0,27,55.45,1477.65,2,0.7222222222222214,0,0,1,0,0,0,0,0,1,0,0,0,0,0
7217-JYHOQ,0,1,1,1,1,1,0,1,0,1,24,70.3,1706.45,3,0.8020833333333428,0,1,0,0,0,0,0,0,0,0,1,0,0,0
6695-FRVEC,0,1,0,1,1,0,1,1,0,0,67,60.4,3953.7,3,1.389552238805969,0,0,0,1,0,0,0,0,0,1,0,0,0,0
9894-QMIMJ,0,0,0,0,0,1,1,0,0,0,23,55.8,1327.85,2,1.9326086956521706,0,1,0,0,0,0,0,0,1,0,0,0,0,0
8069-YQQAJ,0,0,0,1,0,1,0,0,0,0,14,31.1,419.7,1,1.1214285714285737,0,1,0,0,1,0,0,0,0,0,0,0,1,0
1636-NTNCO,1,0,0,1,0,1,0,0,1,1,4,50.95,207.35,1,0.8874999999999957,0,0,0,0,1,0,0,0,0,0,1,0,0,0
3466-WAESX,0,0,1,1,1,1,0,0,0,1,16,69.1,1083.7,2,1.3687499999999915,0,1,0,0,0,1,0,0,0,0,0,1,0,0
9281-PKKZE,0,1,0,1,0,0,0,0,1,1,46,43.95,2007.85,0,0.30108695652174333,0,0,1,0,1,0,0,0,0,0,0,1,0,0
3638-VBZTA,0,0,0,1,1,1,0,1,1,1,68,86.5,5882.75,3,0.011029411764710062,0,0,0,1,0,1,0,0,0,1,0,0,0,0
7459-IMVYU,0,0,0,0,1,1,1,1,0,0,38,69.95,2657.55,4,0.014473684210528859,0,0,1,0,0,1,0,0,0,0,0,1,0,0
8563-OYMQY,0,0,0,1,0,1,1,0,0,1,17,90.95,1612.2,2,3.8852941176470637,0,1,0,0,0,0,1,0,0,0,1,0,0,0
0754-EEBDC,0,1,1,0,0,0,0,0,0,0,4,19.9,76.65,0,0.7374999999999972,0,0,0,0,0,0,0,1,0,1,0,0,1,0
5777-ZPQNC,0,0,0,0,0,0,0,0,0,0,12,20.15,260.7,0,1.5749999999999993,1,0,0,0,0,0,0,1,1,0,0,1,0,0
1951-IEYXM,0,1,0,1,1,1,1,1,1,1,72,90.6,6441.85,4,1.1298611111110972,0,0,0,1,0,1,0,0,0,1,1,0,0,0
3318-NMQXL,0,0,0,1,0,0,0,0,1,1,3,92.0,266.8,0,3.066666666666663,0,0,0,0,0,0,1,0,0,0,0,1,0,0
1022-RKXDR,0,0,0,1,0,0,0,0,0,0,41,24.85,962.25,0,1.380487804878051,0,0,1,0,0,1,0,1,1,0,0,0,1,0
2361-FJWNO,0,0,0,0,0,1,0,1,0,0,40,36.0,1382.9,2,1.4274999999999949,0,0,1,0,1,0,0,0,1,0,1,0,0,0
2272-UOINI,0,0,0,1,1,1,0,1,1,1,7,78.5,571.05,3,3.078571428571422,1,0,0,0,0,0,0,0,0,0,0,1,0,0
8232-UTFOZ,0,0,0,0,0,0,0,0,0,0,69,19.95,1399.35,0,0.33043478260869463,0,0,0,1,0,0,0,1,0,1,1,0,0,0
3750-YHRYO,0,1,0,0,0,0,0,0,0,0,7,20.65,150.0,0,0.7785714285714285,1,0,0,0,0,0,0,1,1,0,0,0,1,0
6637-KYRCV,0,1,1,1,0,1,0,0,0,0,5,30.5,167.2,1,2.9399999999999977,0,0,0,0,1,0,0,0,0,0,0,1,0,0
5668-MEISB,0,1,1,0,1,1,1,1,1,0,72,106.1,7657.4,4,0.25277777777778,0,0,0,1,0,1,1,0,0,1,1,0,0,0
0129-QMPDR,0,1,0,1,0,0,0,0,0,0,44,20.5,865.05,0,0.8397727272727273,0,0,1,0,0,0,0,1,1,0,0,0,0,0
7188-CBBBA,0,0,0,1,0,1,1,0,1,0,65,95.5,6153.85,2,0.825384615384607,0,0,0,1,0,1,1,0,1,0,0,1,0,0
5356-CSVSQ,0,0,0,0,0,0,0,1,1,0,3,64.6,174.2,1,6.533333333333331,0,0,0,0,0,1,0,0,0,0,0,1,0,0
3221-CJMSG,0,0,0,1,0,0,0,1,0,0,24,51.1,1269.6,1,1.7999999999999972,0,1,0,0,0,0,0,0,0,0,1,0,0,0
3219-JQRSL,1,1,0,0,1,1,1,1,1,1,72,89.1,6352.4,4,0.87222222222222,0,0,0,1,0,1,0,0,0,1,1,0,0,0
2801-NISEI,0,0,0,0,1,0,0,1,0,0,24,54.95,1348.5,2,1.2374999999999972,0,1,0,0,0,0,0,0,0,0,0,1,0,0
4623-ZKHLY,0,1,0,1,0,0,0,0,0,0,22,20.45,471.55,0,0.9840909090909093,0,1,0,0,0,0,0,1,0,0,0,0,0,0
6732-VAILE,0,1,0,1,0,1,1,1,1,1,70,85.95,5931.75,3,1.210714285714289,0,0,0,1,0,1,0,0,0,1,1,0,0,0
8201-AAXCB,0,1,1,0,0,0,0,0,1,0,25,60.35,1404.65,0,4.163999999999994,0,0,1,0,0,1,0,0,0,0,0,1,0,0
7696-CFTAT,0,1,1,0,0,0,0,0,0,0,37,19.8,726.1,0,0.1756756756756772,0,0,1,0,0,0,0,1,0,1,0,0,0,0
1845-CSBRZ,1,1,1,0,0,0,0,0,1,0,22,85.35,1961.6,0,3.8136363636363626,0,1,0,0,0,1,1,0,0,0,0,0,0,0
2123-VSCOT,0,1,0,1,0,0,1,1,1,0,59,72.1,4194.85,2,1.0008474576271027,0,0,0,1,0,1,0,0,0,1,0,0,0,0
2018-QKYGT,0,1,1,1,0,0,0,0,0,1,1,81.05,81.05,0,0.0,0,0,0,0,0,0,1,0,0,0,0,1,0,0
2792-VPPET,0,0,0,1,0,0,0,0,0,0,3,20.5,76.95,0,5.150000000000002,0,0,0,0,0,0,0,1,0,0,0,1,0,0
7409-JURKQ,0,1,0,1,0,1,1,1,1,1,53,111.8,5809.75,3,2.182075471698113,0,0,0,1,0,1,1,0,1,0,0,0,0,0
3247-MHJKM,0,0,0,0,0,0,0,0,0,0,1,20.2,20.2,0,0.0,0,0,0,0,0,0,0,1,0,0,0,0,1,0
1964-SVLEA,0,0,0,1,0,0,0,0,0,0,20,19.7,415.9,0,1.0949999999999989,0,1,0,0,0,0,0,1,1,0,0,0,1,0
7297-DVYGA,0,0,0,1,0,0,0,0,0,0,51,19.85,996.95,0,0.3019607843137244,0,0,0,1,0,0,0,1,1,0,0,0,0,0
2239-CGBUZ,0,1,0,1,1,1,0,1,0,0,51,60.5,3145.15,3,1.169607843137257,0,0,0,1,0,0,0,0,1,0,0,0,0,0
0854-UYHZD,0,1,1,0,0,0,0,0,0,0,13,19.55,265.3,0,0.8576923076923073,0,1,0,0,0,0,0,1,0,1,0,0,1,0
7243-LCGGZ,0,0,0,0,0,0,0,0,0,0,1,20.9,20.9,0,0.0,0,0,0,0,0,0,0,1,0,0,0,0,1,0
8267-KFGYD,0,0,1,1,0,0,0,0,0,0,1,21.05,21.05,0,0.0,0,0,0,0,0,0,0,1,0,0,0,0,1,0
4890-VMUAV,0,0,0,0,1,1,1,1,0,0,63,71.5,4576.3,4,1.1396825396825392,0,0,0,1,0,1,0,0,1,0,0,1,0,0
9261-WDCAF,0,0,0,0,0,0,0,0,0,1,3,54.65,189.1,0,8.383333333333333,0,0,0,0,0,0,0,0,0,0,0,0,1,0
3764-MNMOI,0,0,0,0,0,0,0,0,0,0,46,19.2,908.15,0,0.5423913043478272,0,0,1,0,0,0,0,1,0,1,1,0,0,0
7442-YGZFK,0,0,0,1,0,0,0,0,0,0,1,49.8,49.8,0,0.0,0,0,0,0,0,1,0,0,0,0,1,0,0,0
8229-BUJHX,0,1,1,0,0,0,0,0,0,0,71,20.5,1500.95,0,0.6401408450704231,0,0,0,1,0,0,0,1,0,1,0,0,0,0
7449-HVPIV,0,1,1,1,0,0,1,0,1,0,55,90.4,5099.15,1,2.3118181818181682,0,0,0,1,0,1,1,0,0,0,1,0,0,0
5504-WSIUR,0,0,0,1,0,1,1,1,0,0,70,90.25,6385.95,3,0.9778571428571468,0,0,0,1,0,1,1,0,1,0,0,0,0,0
8466-PZBLH,0,1,1,0,1,0,0,1,1,1,67,104.6,6885.75,2,1.827611940298496,0,0,0,1,0,1,1,0,0,1,0,0,0,0
8735-IJJEG,0,1,0,0,0,0,1,0,0,0,14,50.2,668.85,1,2.4250000000000043,0,1,0,0,0,0,0,0,0,0,1,0,0,0
0564-MUUQK,0,1,1,1,0,0,1,1,0,1,20,95.5,1916.2,2,0.3100000000000023,0,1,0,0,0,1,1,0,0,0,0,0,0,0
0701-RFGFI,0,1,1,1,0,0,0,0,1,1,49,95.4,4613.95,0,1.237755102040822,0,0,0,1,0,1,1,0,0,0,0,0,0,0
0019-EFAEP,0,0,0,1,1,1,1,0,1,0,72,101.3,7261.25,3,0.4493055555555543,0,0,0,1,0,1,1,0,0,1,0,0,0,0
5619-PTMIK,0,1,0,0,1,0,0,0,0,0,46,53.1,2459.8,1,0.37391304347826093,0,0,1,0,0,1,0,0,0,0,0,1,0,0
3737-XBQDD,0,0,0,1,0,1,1,0,0,0,24,84.85,2048.8,2,0.5166666666666799,0,1,0,0,0,1,1,0,0,0,0,0,0,0
5882-CMAZQ,0,1,1,0,0,1,0,1,0,0,5,34.25,163.55,2,1.5399999999999991,0,0,0,0,1,0,0,0,0,0,0,1,0,0
5846-QFDFI,0,1,1,0,0,1,1,1,0,0,33,88.6,2888.7,3,1.0636363636363626,0,0,1,0,0,1,1,0,0,0,1,0,0,0
4445-KWOKW,0,0,0,1,1,1,0,0,0,0,42,60.15,2421.6,2,2.49285714285714,0,0,1,0,0,1,0,0,1,0,0,0,0,0
3511-APPBJ,0,0,0,1,1,0,1,0,1,1,23,99.95,2292.75,2,0.26521739130434696,0,1,0,0,0,0,1,0,1,0,1,0,0,0
7967-HYCDE,0,0,0,0,0,0,0,0,0,0,8,70.7,553.4,0,1.5250000000000057,1,0,0,0,0,0,1,0,0,0,0,0,0,0
2430-RRYUW,0,0,0,1,1,1,0,0,0,0,66,54.8,3465.7,2,2.289393939393939,0,0,0,1,0,0,0,0,1,0,0,0,1,0
3723-BFBGR,1,0,0,0,0,1,0,0,0,0,24,54.8,1291.3,1,0.99583333333333,0,1,0,0,0,1,0,0,0,0,1,0,0,0
5447-WZAFP,0,0,0,1,0,1,1,0,1,1,53,100.3,5200.8,2,2.1716981132075404,0,0,0,1,0,0,1,0,1,0,0,0,1,0
5110-CHOPY,0,0,0,0,1,0,1,0,1,1,60,53.6,3237.05,2,0.350833333333334,0,0,0,1,1,0,0,0,0,1,0,1,0,0
4425-OWHWB,0,0,0,1,0,0,0,0,0,0,20,19.35,433.75,0,2.3374999999999986,0,1,0,0,0,0,0,1,1,0,1,0,0,0
7892-QVYKW,0,1,1,0,0,0,0,0,0,1,23,85.6,1868.4,0,4.365217391304341,0,1,0,0,0,1,1,0,0,0,0,1,0,0
9675-ICXCT,0,1,0,1,1,0,1,1,1,1,72,80.8,5728.55,3,1.2368055555555486,0,0,0,1,0,0,0,0,0,1,0,1,0,0
4703-MQYKT,0,0,0,0,0,0,0,0,0,0,21,19.6,390.4,0,1.009523809523813,0,1,0,0,0,0,0,1,0,1,0,0,1,0
5692-ICXLW,1,0,0,1,0,1,0,0,1,0,31,90.7,2845.15,1,1.0790322580645153,0,0,1,0,0,1,1,0,0,0,0,1,0,0
0602-DDUML,0,0,0,0,0,1,1,1,1,0,57,69.75,3894.4,3,1.427192982456134,0,0,0,1,0,0,0,0,0,1,0,0,1,0
2208-MPXIO,0,1,1,1,0,0,0,0,0,0,45,20.0,886.4,0,0.3022222222222233,0,0,1,0,0,0,0,1,0,1,0,0,0,0
1960-UYCNN,0,0,0,1,0,1,1,0,0,1,10,95.25,1021.55,2,6.905000000000001,1,0,0,0,0,1,1,0,0,0,0,1,0,0
3190-FZATL,0,0,1,0,0,0,0,0,0,0,14,19.95,268.4,0,0.7785714285714285,0,1,0,0,0,0,0,1,0,0,0,0,1,0
7336-RLLRH,0,1,0,0,1,0,0,1,1,1,27,80.85,2204.35,2,0.7925925925925981,0,0,1,0,0,1,0,0,1,0,0,0,1,0
7710-JSYOA,0,1,1,1,0,1,0,1,0,1,69,93.3,6398.05,2,0.574637681159416,0,0,0,1,0,1,1,0,0,1,0,0,0,0
9885-MFVSU,0,1,0,1,1,0,0,1,1,0,35,46.35,1662.05,2,1.1371428571428552,0,0,1,0,1,0,0,0,0,1,1,0,0,0
0607-MVMGC,0,1,0,0,0,1,1,0,1,1,45,78.75,3600.65,2,1.2644444444444503,0,0,1,0,0,1,0,0,1,0,1,0,0,0
3365-SAIGS,0,0,0,1,0,1,0,0,1,0,17,83.55,1329.15,1,5.364705882352936,0,1,0,0,0,0,1,0,0,0,0,1,0,0
8022-BECSI,0,0,0,0,0,0,0,0,0,0,22,19.6,422.5,0,0.39545454545454817,0,1,0,0,0,0,0,1,1,0,0,0,1,0
9993-LHIEB,0,1,0,0,1,0,1,1,0,1,67,67.85,4627.65,3,1.2194029850746233,0,0,0,1,0,0,0,0,0,1,0,0,1,0
0266-CLZKZ,0,1,1,1,0,0,1,1,1,1,67,105.65,6717.9,2,5.3828358208955365,0,0,0,1,0,1,1,0,0,1,0,0,0,0
7020-OZKXZ,1,0,0,0,0,0,1,0,0,0,9,75.5,637.4,1,4.677777777777777,1,0,0,0,0,0,1,0,0,0,1,0,0,0
3977-QCRSL,0,0,0,0,0,0,0,0,0,0,5,20.15,117.95,0,3.4400000000000013,0,0,0,0,0,0,0,1,0,0,0,0,1,0
0017-DINOC,0,0,0,0,1,0,0,1,1,0,54,45.2,2460.55,2,0.3657407407407405,0,0,0,1,1,0,0,0,0,1,1,0,0,0
7639-OPLNG,0,1,0,1,1,1,1,1,1,0,70,79.25,5731.85,4,2.633571428571429,0,0,0,1,0,1,0,0,0,1,0,0,0,0
1492-QGCLU,0,1,1,0,1,0,1,1,1,1,53,85.7,4616.1,3,1.3962264150943469,0,0,0,1,0,1,0,0,0,0,0,1,0,0
7328-OWMOM,0,0,0,0,0,0,0,0,0,0,31,20.1,589.25,0,1.0919354838709694,0,0,1,0,0,0,0,1,1,0,1,0,0,0
4418-LZMSV,0,1,1,0,0,1,1,1,0,0,13,61.8,750.1,3,4.099999999999994,0,1,0,0,0,0,0,0,0,0,0,0,0,0
5155-AZQPB,0,1,1,0,0,0,0,0,0,0,28,49.9,1410.25,0,0.466071428571432,0,0,1,0,0,1,0,0,0,0,0,0,1,0
1087-GRUYI,0,1,0,0,0,0,0,0,0,0,38,20.4,743.5,0,0.8342105263157897,0,0,1,0,0,0,0,1,0,1,0,0,0,0
2546-KZAAT,0,1,0,1,1,1,0,0,1,1,52,75.4,3865.45,2,1.0644230769230916,0,0,0,1,0,0,0,0,1,0,0,0,1,0
0181-RITDD,0,1,1,0,1,1,1,1,1,1,62,108.15,6825.65,4,1.941129032258047,0,0,0,1,0,0,1,0,0,1,0,0,1,0
5989-PGKJB,0,0,0,1,0,1,0,0,0,1,16,86.25,1340.1,1,2.4937500000000057,0,1,0,0,0,0,1,0,0,0,0,1,0,0
8272-ONJLV,0,0,0,0,0,0,1,0,1,1,12,95.7,1184.0,1,2.9666666666666686,1,0,0,0,0,0,1,0,1,0,0,1,0,0
1488-PBLJN,0,1,1,1,1,1,1,1,1,1,72,116.85,8477.7,4,0.8958333333333428,0,0,0,1,0,1,1,0,0,1,0,0,0,0
0308-GIQJT,1,0,0,0,0,1,0,1,1,1,71,105.75,7382.85,2,1.7661971830985834,0,0,0,1,0,1,1,0,1,0,0,0,0,0
3778-FOAQW,0,1,0,0,0,0,0,0,0,0,24,20.15,456.85,0,1.1145833333333321,0,1,0,0,0,0,0,1,1,0,0,0,1,0
4452-ROHMO,0,0,0,0,0,0,0,0,0,0,15,19.6,331.6,0,2.5066666666666677,0,1,0,0,0,0,0,1,0,1,0,0,1,0
3090-LETTY,0,0,1,0,1,1,0,0,0,0,2,60.95,134.6,2,6.349999999999994,0,0,0,0,0,1,0,0,0,0,0,0,0,0
5349-AZPEW,0,1,1,0,0,0,0,0,0,0,5,25.05,125.5,0,0.05000000000000071,0,0,0,0,1,0,0,0,0,0,0,0,1,0
9720-JJJOR,0,1,0,1,1,1,1,0,0,0,41,60.3,2511.3,3,0.9512195121951308,0,0,1,0,0,0,0,0,1,0,0,0,0,0
8100-HZZLJ,0,0,1,1,1,1,0,0,0,1,43,63.95,2737.05,2,0.29767441860465027,0,0,1,0,0,0,0,0,0,0,0,1,0,0
8775-ERLNB,1,1,0,0,0,0,0,0,0,0,1,74.3,74.3,0,0.0,0,0,0,0,0,1,1,0,0,0,0,1,0,0
8309-IEYJD,1,0,0,1,0,0,0,0,0,0,1,70.6,70.6,0,0.0,0,0,0,0,0,0,1,0,0,0,0,0,1,0
7398-HPYZQ,0,1,0,0,1,1,1,1,1,1,71,90.55,6404.0,4,0.35281690140844546,0,0,0,1,0,1,0,0,0,1,0,0,0,0
3546-GHEAE,0,0,0,0,0,0,0,0,0,0,7,19.45,165.35,0,4.171428571428571,1,0,0,0,0,0,0,1,0,1,0,0,1,0
7361-YPXFS,1,0,0,0,0,1,1,1,0,0,28,64.45,1867.6,3,2.25,0,0,1,0,0,1,0,0,0,0,0,0,0,0
6557-BZXLQ,1,0,0,0,0,0,0,0,0,0,16,69.65,1043.3,0,4.4437500000000085,0,1,0,0,0,0,1,0,0,0,0,1,0,0
2550-QHZGP,0,0,0,0,0,0,0,0,0,0,7,19.5,128.6,0,1.12857142857143,1,0,0,0,0,0,0,1,1,0,0,0,1,0
7519-JTWQH,0,0,0,1,0,1,1,1,1,1,69,110.5,7455.45,3,2.450000000000003,0,0,0,1,0,1,1,0,0,1,0,0,0,0
2538-OIMXF,0,0,1,0,0,0,0,0,0,0,1,24.7,24.7,0,0.0,0,0,0,0,1,0,0,0,0,0,0,0,1,0
8543-MSDMF,0,0,0,1,1,0,1,0,1,1,3,77.4,206.15,2,8.683333333333337,0,0,0,0,0,0,0,0,0,0,0,1,0,0
1170-SASML,0,1,0,1,0,1,1,0,0,0,69,85.4,5869.4,2,0.3362318840579803,0,0,0,1,0,1,1,0,0,0,0,0,0,0
4872-JCVCA,0,1,0,1,1,1,1,1,0,0,71,47.6,3377.8,4,0.025352112676053196,0,0,0,1,1,0,0,0,0,1,0,0,0,0
5346-BZCHP,0,1,1,0,0,0,0,0,0,0,69,19.4,1346.2,0,0.11014492753623273,0,0,0,1,0,0,0,1,0,1,0,0,1,0
2038-LLMLM,0,0,0,1,0,0,1,1,1,1,48,103.85,4946.05,2,0.8072916666666572,0,0,1,0,0,1,1,0,0,0,0,1,0,0
1216-BGTSP,0,0,0,1,1,0,1,1,1,1,45,108.45,4964.7,3,1.8766666666666652,0,0,1,0,0,1,1,0,0,0,1,0,0,0
4138-NAXED,0,0,0,0,0,1,0,0,0,0,51,81.0,4085.75,1,0.8872549019607874,0,0,0,1,0,1,1,0,0,0,0,0,0,0
0744-BIKKF,0,0,0,0,1,1,1,1,1,1,72,86.65,6224.8,4,0.19444444444444287,0,0,0,1,0,1,0,0,0,1,0,0,0,0
7483-IQWIB,0,1,1,1,0,1,1,0,1,0,37,92.95,3415.25,2,0.6459459459459538,0,0,1,0,0,1,1,0,0,0,0,1,0,0
5248-KWLAR,0,1,0,0,1,1,1,1,1,1,71,90.35,6325.25,4,1.2619718309859138,0,0,0,1,0,1,0,0,0,1,0,1,0,0
7996-MHXLW,0,0,0,1,0,0,0,0,0,0,66,25.15,1683.6,0,0.35909090909090935,0,0,0,1,0,1,0,1,0,1,1,0,0,0
7833-PKIHD,0,1,0,1,1,0,0,1,1,1,51,76.4,3966.3,2,1.3705882352941217,0,0,0,1,0,0,0,0,1,0,0,0,0,0
7061-OVMIM,0,1,0,0,0,0,0,0,0,0,30,19.55,608.5,0,0.7333333333333343,0,0,1,0,0,0,0,1,1,0,0,0,0,0
5153-RTHKF,0,0,0,0,0,0,0,0,1,0,34,85.35,2896.6,0,0.1558823529411768,0,0,1,0,0,1,1,0,0,0,0,1,0,0
1852-QSWCD,0,1,1,1,0,0,0,0,0,0,64,24.8,1514.85,0,1.1304687500000021,0,0,0,1,0,1,0,1,0,1,0,0,1,0
4832-VRBMR,1,1,0,1,0,1,1,0,1,1,65,103.15,6792.45,2,1.3492307692307577,0,0,0,1,0,1,1,0,1,0,0,0,0,0
9079-LWTFD,0,0,0,0,1,1,0,1,1,0,47,100.75,4669.2,3,1.4053191489361723,0,0,1,0,0,1,1,0,0,0,0,0,1,0
3392-EHMNK,0,1,1,0,0,1,0,1,1,0,67,94.1,6302.8,2,0.02835820895521124,0,0,0,1,0,1,1,0,0,1,1,0,0,0
5986-WWXDV,0,0,0,0,0,0,0,0,0,0,39,19.35,779.2,0,0.6294871794871781,0,0,1,0,0,0,0,1,1,0,0,0,0,0
3061-BCKYI,0,0,0,0,0,0,0,0,0,0,14,19.9,283.75,0,0.36785714285714377,0,1,0,0,0,0,0,1,0,0,0,0,1,0
7901-TBKJX,1,0,0,1,0,0,1,0,1,1,56,101.05,5594.0,1,1.1571428571428584,0,0,0,1,0,1,1,0,0,0,0,1,0,0
7228-PAQPD,0,0,0,0,0,0,0,1,0,1,14,59.1,772.85,1,3.8964285714285722,0,1,0,0,0,0,0,0,1,0,1,0,0,0
7746-QYVCO,0,1,0,1,1,1,0,0,0,0,16,55.85,857.8,2,2.2375000000000043,0,1,0,0,0,0,0,0,1,0,0,0,1,0
5804-HYIEZ,0,1,1,1,1,1,0,0,1,1,70,106.05,7554.05,2,1.865000000000009,0,0,0,1,0,1,1,0,0,0,0,1,0,0
9919-FZDED,1,1,0,1,1,1,1,0,1,1,72,84.1,5981.65,3,1.0215277777777771,0,0,0,1,0,1,0,0,0,1,1,0,0,0
5934-TSSAU,0,1,1,1,0,0,1,0,0,0,23,75.3,1702.9,1,1.2608695652173907,0,1,0,0,0,0,1,0,0,0,1,0,0,0
3486-KHMLI,0,0,1,0,0,0,0,0,0,0,21,24.7,467.15,0,2.454761904761906,0,1,0,0,0,1,0,1,0,0,0,0,1,0
6784-XYJAE,0,0,0,0,0,0,1,0,0,0,36,55.8,1941.5,1,1.86944444444444,0,0,1,0,0,1,0,0,1,0,0,1,0,0
3933-DQPWX,0,0,0,0,0,1,1,1,0,0,50,39.7,1932.75,3,1.0450000000000017,0,0,0,1,1,0,0,0,0,1,1,0,0,0
6661-EIPZC,0,1,1,1,0,0,0,1,0,0,48,29.5,1423.05,1,0.14687499999999787,0,0,1,0,1,0,0,0,0,0,1,0,0,0
8957-THMOA,0,0,1,0,0,0,0,0,0,0,50,20.15,970.85,0,0.732999999999997,0,0,0,1,0,0,0,1,0,1,1,0,0,0
2251-PYLPB,0,1,0,0,1,1,1,1,0,1,72,79.55,5810.9,4,1.1569444444444485,0,0,0,1,0,1,0,0,0,1,1,0,0,0
5555-RNPGT,0,0,1,0,0,0,0,0,0,0,10,24.8,223.9,0,2.41,1,0,0,0,0,1,0,1,0,0,1,0,0,0
1057-FOGLZ,0,0,0,0,0,0,0,0,0,0,18,19.65,391.7,0,2.1111111111111107,0,1,0,0,0,0,0,1,0,0,0,0,1,0
8087-LGYHQ,0,0,0,1,0,0,1,0,1,1,9,94.05,811.65,1,3.86666666666666,1,0,0,0,0,0,1,0,0,0,0,1,0,0
4137-BTIKL,0,0,0,0,1,0,0,0,0,1,2,90.75,174.75,1,3.375,0,0,0,0,0,1,1,0,0,0,0,0,1,0
2190-BCXEC,0,1,0,1,0,0,0,1,0,0,40,78.85,3126.85,1,0.6787499999999937,0,0,1,0,0,1,1,0,0,0,1,0,0,0
6227-FBDXH,0,1,0,0,0,0,1,0,1,1,69,99.5,6841.45,1,0.34855072463768977,0,0,0,1,0,1,1,0,1,0,0,0,0,0
2911-WDXMV,0,0,1,1,0,0,1,0,0,0,18,80.55,1406.65,1,2.4027777777777715,0,1,0,0,0,1,1,0,0,0,1,0,0,0
7206-PQBBZ,1,1,0,1,0,0,0,0,0,0,11,70.2,834.7,0,5.681818181818187,1,0,0,0,0,0,1,0,0,0,0,1,0,0
4547-FZJWE,0,1,0,0,1,0,0,0,0,1,55,59.45,3157.0,1,2.0500000000000043,0,0,0,1,0,0,0,0,1,0,1,0,0,0
7422-WNBTY,0,1,0,1,0,1,1,0,0,1,33,93.35,3092.0,2,0.34696969696970825,0,0,1,0,0,1,1,0,0,0,0,1,0,0
0842-IWYCP,0,0,0,0,0,0,0,0,0,0,46,44.95,2168.9,0,2.1999999999999957,0,0,1,0,0,0,0,0,0,0,0,0,0,0
3521-HTQTV,0,0,0,0,0,0,0,0,0,0,34,26.1,980.35,0,2.733823529411765,0,0,1,0,0,1,0,1,0,1,0,0,0,0
3744-ZBHON,0,0,0,0,0,0,0,0,0,0,3,20.2,65.95,0,1.783333333333335,0,0,0,0,0,0,0,1,0,0,0,1,0,0
3373-DIUUN,0,1,1,0,0,0,0,0,0,0,30,21.25,711.9,0,2.4800000000000004,0,0,1,0,0,0,0,1,0,1,0,0,1,0
8383-SGHJU,0,0,0,0,1,0,0,1,0,0,33,59.4,1952.8,2,0.22424242424242635,0,0,1,0,0,1,0,0,1,0,0,1,0,0
7607-QKKTJ,0,1,1,1,0,1,1,0,0,1,45,95.0,4368.85,2,2.0855555555555583,0,0,1,0,0,1,1,0,1,0,1,0,0,0
7707-PYBBH,0,0,0,1,1,1,0,1,0,0,40,61.9,2647.1,3,4.277499999999996,0,0,1,0,0,0,0,0,0,0,0,0,1,0
8984-HPEMB,0,0,0,1,1,1,1,1,1,1,71,118.65,8477.6,4,0.7528169014084511,0,0,0,1,0,1,1,0,0,1,0,1,0,0
4139-DETXS,0,1,0,0,1,1,1,1,1,1,72,64.45,4528.0,4,1.5611111111111171,0,0,0,1,1,0,0,0,0,1,0,0,0,0
9779-DPNEJ,0,1,1,1,0,0,0,0,0,1,22,80.15,1790.65,0,1.2431818181818102,0,1,0,0,0,0,1,0,0,0,0,1,0,0
9805-FILKB,0,1,0,1,0,0,0,0,0,0,46,20.2,845.6,0,1.8173913043478258,0,0,1,0,0,0,0,1,1,0,0,0,0,0
5793-YOLJN,0,1,1,0,0,0,0,0,0,0,55,21.0,1210.3,0,1.005454545454544,0,0,0,1,0,0,0,1,0,1,0,0,1,0
0673-IGUQO,0,0,0,0,0,0,0,0,0,0,1,20.45,20.45,0,0.0,0,0,0,0,0,0,0,1,0,0,0,0,1,0
4123-FCVCB,0,0,0,1,0,0,0,1,1,1,12,75.85,854.45,1,4.645833333333329,1,0,0,0,0,1,0,0,1,0,0,0,1,0
8819-IMISP,0,0,0,1,0,1,0,0,0,0,31,80.45,2429.1,1,2.0919354838709694,0,0,1,0,0,1,1,0,0,0,0,1,0,0
8311-UEUAB,0,1,0,1,1,0,0,0,1,1,67,75.5,5229.45,1,2.551492537313436,0,0,0,1,0,1,0,0,0,1,0,1,0,0
5858-EAFCZ,0,0,0,0,0,0,0,0,0,0,1,44.45,44.45,0,0.0,0,0,0,0,0,0,0,0,0,0,0,0,1,0
1163-ONYEY,0,1,1,1,1,1,1,0,1,0,41,74.55,3023.55,3,0.8048780487804805,0,0,1,0,0,1,0,0,0,0,1,0,0,0
5656-MJEFC,0,1,0,0,1,0,1,1,1,0,42,48.15,2032.3,3,0.2380952380952408,0,0,1,0,1,0,0,0,0,1,1,0,0,0
6082-OQFBA,0,1,0,0,0,0,0,0,0,0,23,19.65,436.9,0,0.6543478260869549,0,1,0,0,0,0,0,1,1,0,0,0,1,0
8974-OVACP,0,0,0,0,0,0,0,0,0,0,1,20.15,20.15,0,0.0,0,0,0,0,0,0,0,1,0,0,0,0,1,0
4010-YLMVT,0,0,0,1,1,1,0,0,1,1,56,106.6,5893.95,2,1.3508928571428527,0,0,0,1,0,1,1,0,0,0,1,0,0,0
1379-FRVEB,0,0,1,1,0,1,0,0,1,0,15,91.0,1430.05,1,4.336666666666659,0,1,0,0,0,1,1,0,0,0,0,1,0,0
8612-GXIDD,0,1,1,1,0,0,0,0,0,0,12,25.4,313.0,0,0.6833333333333336,1,0,0,0,0,1,0,1,0,1,0,0,0,0
6288-CHQJB,0,1,0,0,1,0,1,1,0,1,54,69.95,3871.85,3,1.7509259259259267,0,0,0,1,0,0,0,0,0,1,0,0,0,0
8160-HOWOX,0,0,0,1,0,0,0,0,1,1,7,66.85,458.1,0,1.4071428571428442,1,0,0,0,0,0,0,0,0,0,0,1,0,0
6648-INWPS,0,1,1,0,0,0,0,0,0,0,16,20.15,341.35,0,1.1843750000000028,0,1,0,0,0,0,0,1,0,0,0,1,0,0
4223-BKEOR,0,0,0,0,1,0,1,0,0,1,21,64.85,1336.8,2,1.192857142857136,0,1,0,0,0,0,0,0,1,0,0,0,1,0
4079-VTGLK,1,1,0,0,0,0,1,0,1,1,30,74.85,2181.75,1,2.125,0,0,1,0,0,1,0,0,0,1,0,1,0,0
1763-WQFUK,0,0,0,1,0,0,0,1,0,0,3,50.5,147.75,1,1.25,0,0,0,0,0,0,0,0,0,0,0,0,1,0
1391-UBDAR,0,0,0,0,0,0,1,0,0,0,11,72.9,818.45,1,1.5045454545454504,1,0,0,0,0,0,1,0,0,0,0,1,0,0
8894-JVDCV,0,0,0,1,1,1,1,1,1,1,62,115.05,7133.45,4,0.005645161290317446,0,0,0,1,0,1,1,0,1,0,1,0,0,0
2023-VQFDL,0,0,0,0,0,0,0,0,0,0,18,19.0,348.8,0,0.37777777777778,0,1,0,0,0,0,0,1,0,0,0,1,0,0
1345-GKDZZ,0,0,1,0,0,0,0,0,0,0,6,19.55,128.6,0,1.8833333333333329,0,0,0,0,0,0,0,1,0,0,0,0,1,0
2014-MKGMH,0,0,0,1,0,0,1,0,1,1,46,101.1,4674.4,1,0.5173913043478251,0,0,1,0,0,1,1,0,1,0,0,1,0,0
5628-FCGYG,0,0,0,1,0,0,0,0,0,1,21,84.1,1737.45,0,1.3642857142856997,0,1,0,0,0,1,1,0,0,0,0,1,0,0
2560-WBWXF,0,0,0,1,0,0,0,0,0,0,68,24.15,1498.85,0,2.108088235294119,0,0,0,1,0,1,0,1,0,1,0,0,0,0
0248-IPDFW,0,0,0,1,0,0,0,0,0,0,1,50.1,50.1,0,0.0,0,0,0,0,0,1,0,0,0,0,0,1,0,0
7978-DKUQH,0,1,0,1,0,0,1,0,0,0,25,74.6,1797.75,1,2.6899999999999977,0,0,1,0,0,0,1,0,0,0,0,1,0,0
4335-UPJSI,0,0,1,0,0,0,0,0,0,0,24,19.75,498.1,0,1.0041666666666664,0,1,0,0,0,0,0,1,0,1,0,0,1,0
1784-EZDKJ,0,1,0,1,0,1,1,0,1,1,51,106.8,5498.8,2,1.0196078431372655,0,0,0,1,0,1,1,0,1,0,0,0,0,0
9297-FVVDH,0,1,0,1,1,0,1,1,1,1,57,84.5,4845.4,3,0.5070175438596465,0,0,0,1,0,1,0,0,0,1,0,1,0,0
8007-YYPWD,0,0,0,0,0,0,0,0,0,0,15,25.05,369.1,0,0.4433333333333316,0,1,0,0,0,1,0,1,0,1,0,0,0,0
7101-HRBLJ,0,1,0,1,1,1,1,1,1,1,72,83.7,6096.9,4,0.9791666666666572,0,0,0,1,0,0,0,0,0,1,0,0,0,0
6635-CPNUN,0,1,0,0,0,1,1,0,1,0,28,96.6,2684.35,2,0.7303571428571445,0,0,1,0,0,1,1,0,0,0,1,0,0,0
5453-YBTWV,0,1,1,1,1,1,1,1,1,0,70,101.1,6994.8,4,1.174285714285702,0,0,0,1,0,0,1,0,0,1,1,0,0,0
5039-LZRQT,0,0,0,0,0,0,0,0,0,0,13,20.2,273.25,0,0.8192307692307708,0,1,0,0,0,0,0,1,1,0,0,0,1,0
2931-VUVJN,1,1,0,1,1,1,1,1,0,0,59,94.05,5483.9,4,1.1025423728813593,0,0,0,1,0,1,1,0,1,0,0,1,0,0
6418-PIQSP,0,1,0,0,1,0,1,1,1,1,62,81.0,4985.9,3,0.5822580645161395,0,0,0,1,0,0,0,0,0,1,0,0,1,0
8220-OCUFY,0,0,0,1,1,0,1,1,0,0,21,60.25,1258.35,3,0.3285714285714363,0,1,0,0,0,0,0,0,1,0,0,1,0,0
3995-WFCSM,0,0,0,0,0,0,1,0,0,1,2,60.85,111.4,1,5.149999999999999,0,0,0,0,0,0,0,0,0,0,0,1,0,0
1895-QTKDO,0,0,0,0,0,0,0,0,0,0,1,43.95,43.95,0,0.0,0,0,0,0,0,0,0,0,0,0,1,0,0,0
2038-OEQZH,0,0,0,0,0,0,1,0,0,1,4,86.05,308.1,1,9.024999999999991,0,0,0,0,0,0,1,0,0,0,0,1,0,0
1178-PZGAB,0,0,0,0,0,0,0,0,0,0,19,20.25,383.65,0,0.05789473684210478,0,1,0,0,0,0,0,1,1,0,1,0,0,0
2626-VEEWG,0,1,1,1,0,0,0,0,0,0,67,19.4,1284.2,0,0.23283582089552013,0,0,0,1,0,0,0,1,0,1,1,0,0,0
2878-RMWXY,1,1,0,1,1,1,1,0,0,1,72,102.65,7550.3,3,2.2152777777777715,0,0,0,1,0,1,1,0,0,1,1,0,0,0
1657-DYMBM,0,1,0,0,0,0,0,0,0,0,53,19.9,1110.05,0,1.044339622641509,0,0,0,1,0,0,0,1,0,1,1,0,0,0
7311-MQJCH,0,0,0,0,0,0,0,0,0,0,5,19.55,99.6,0,0.36999999999999744,0,0,0,0,0,0,0,1,1,0,0,1,0,0
7375-WMVMT,1,1,0,1,0,1,1,1,0,1,71,95.5,6707.15,3,1.0330985915493045,0,0,0,1,0,0,1,0,0,1,1,0,0,0
1136-XGEQU,0,1,0,1,0,1,1,1,1,1,50,84.15,4164.4,3,0.862000000000009,0,0,0,1,0,1,0,0,1,0,1,0,0,0
2530-FMFXO,0,1,1,1,0,0,1,1,1,1,56,103.2,5873.75,2,1.6883928571428584,0,0,0,1,0,1,1,0,0,1,0,1,0,0
6844-DZKRF,0,0,0,1,0,0,0,1,0,0,2,50.2,109.25,1,4.424999999999997,0,0,0,0,0,0,0,0,0,0,1,0,0,0
5970-GHJAW,0,1,1,0,0,0,0,0,0,0,46,19.95,862.4,0,1.2021739130434774,0,0,1,0,0,0,0,1,0,1,1,0,0,0
8879-XUAHX,0,1,0,1,1,1,1,1,1,1,71,116.25,8564.75,4,4.380281690140848,0,0,0,1,0,1,1,0,0,1,0,1,0,0
3689-MOZGR,0,0,0,1,0,0,0,1,0,0,29,31.2,926.2,1,0.7379310344827594,0,0,1,0,1,0,0,0,0,0,0,1,0,0
4195-PNGZS,0,1,1,0,0,0,0,0,0,0,69,24.45,1718.2,0,0.4514492753623216,0,0,0,1,0,1,0,1,0,1,0,0,0,0
5003-XZWWO,0,1,0,0,0,1,1,1,1,1,71,84.2,5956.85,3,0.3007042253521064,0,0,0,1,0,1,0,0,0,1,1,0,0,0
7622-FWGEW,1,1,0,1,1,1,1,1,1,1,56,85.65,4824.45,4,0.5008928571428442,0,0,0,1,0,0,0,0,0,1,0,0,0,0
6922-NCEDI,0,0,0,1,0,0,0,0,0,0,56,21.2,1238.65,0,0.9187500000000028,0,0,0,1,0,0,0,1,1,0,0,0,1,0
9891-NQDBD,0,1,0,0,0,0,0,0,0,0,28,25.55,672.2,0,1.542857142857141,0,0,1,0,0,1,0,1,1,0,0,0,1,0
6131-IUNXN,0,1,1,0,0,0,0,0,0,0,19,20.2,382.2,0,0.08421052631578974,0,1,0,0,0,0,0,1,0,0,0,0,1,0
8548-AWOFC,0,1,0,0,0,0,0,1,0,1,66,63.85,4264.6,1,0.7651515151515227,0,0,0,1,0,1,0,0,0,0,0,1,0,0
9798-DRYDS,0,1,0,1,0,0,1,1,0,0,17,61.95,1070.7,2,1.0323529411764696,0,1,0,0,0,1,0,0,1,0,0,0,1,0
8532-UEFWH,0,1,1,0,0,0,0,0,0,0,52,25.75,1345.85,0,0.1317307692307672,0,0,0,1,0,1,0,1,0,1,0,0,1,0
6296-DDOOR,0,0,0,0,0,1,0,0,1,0,19,58.2,1045.25,1,3.1868421052631604,0,1,0,0,0,0,0,0,1,0,0,1,0,0
7951-VRDVK,0,0,0,0,1,1,1,1,1,1,36,85.85,3003.55,4,2.41805555555554,0,0,1,0,0,0,0,0,1,0,0,0,0,0
4815-YOSUK,0,1,1,1,1,1,1,1,0,1,72,104.9,7537.5,4,0.21250000000000568,0,0,0,1,0,1,1,0,1,0,1,0,0,0
0380-NEAVX,1,0,0,1,0,1,1,0,1,1,34,99.85,3343.15,2,1.522058823529406,0,0,1,0,0,0,1,0,1,0,0,1,0,0
4365-MSDYN,0,1,0,1,0,0,0,0,0,0,8,19.55,161.15,0,0.59375,1,0,0,0,0,0,0,1,0,0,0,0,0,0
7036-TYDEC,0,0,0,0,0,0,1,1,1,1,69,104.0,7028.5,2,2.1376811594202962,0,0,0,1,0,1,1,0,0,1,0,1,0,0
5802-ADBRC,0,1,0,1,1,0,1,0,1,1,50,104.4,5232.9,2,0.25799999999998136,0,0,0,1,0,1,1,0,1,0,0,0,1,0
8076-FEZKJ,0,0,0,0,0,0,0,0,0,0,10,19.5,225.85,0,3.085000000000001,1,0,0,0,0,0,0,1,1,0,0,0,1,0
5197-YPYBZ,0,1,1,0,0,0,0,0,0,0,12,25.25,274.7,0,2.3583333333333343,1,0,0,0,0,1,0,1,0,1,1,0,0,0
4312-GVYNH,0,1,0,1,1,0,1,1,0,1,70,49.85,3370.2,3,1.7042857142857173,0,0,0,1,1,0,0,0,0,1,0,0,0,0
8495-LJDFO,1,0,0,1,1,0,1,1,1,1,64,108.95,7111.3,3,2.1640625,0,0,0,1,0,1,1,0,0,0,0,0,0,0
0839-JTCUD,0,1,0,0,1,1,1,1,1,1,66,89.9,5958.85,4,0.38560606060606517,0,0,0,1,0,1,0,0,0,1,1,0,0,0
5494-WOZRZ,0,1,0,1,1,0,1,1,1,1,71,82.0,5999.85,3,2.504929577464793,0,0,0,1,0,0,0,0,0,1,1,0,0,0
1302-UHBDD,1,0,0,0,0,0,0,0,1,1,20,89.95,1648.45,0,7.527500000000003,0,1,0,0,0,0,1,0,0,0,0,1,0,0
2234-EOFPT,0,1,0,1,1,1,0,1,1,1,72,79.35,5753.25,3,0.5562500000000057,0,0,0,1,0,0,0,0,0,1,0,0,0,0
8619-IJNDK,0,1,0,0,1,1,1,1,0,0,71,64.05,4492.9,4,0.769718309859158,0,0,0,1,0,0,0,0,0,1,1,0,0,0
8378-LKJAF,0,1,1,1,0,0,1,0,1,1,38,101.15,3956.7,1,2.973684210526301,0,0,1,0,0,1,1,0,0,0,1,0,0,0
1153-GNOLC,0,0,0,1,0,1,0,0,1,0,33,39.1,1309.0,1,0.5666666666666629,0,0,1,0,1,0,0,0,1,0,0,1,0,0
3298-QEICA,0,1,0,0,1,0,0,1,0,0,23,34.6,813.45,2,0.7673913043478251,0,1,0,0,1,0,0,0,0,1,0,0,1,0
0788-DXBFY,0,1,0,1,0,0,0,0,0,0,58,19.55,1108.8,0,0.43275862068965765,0,0,0,1,0,0,0,1,1,0,0,1,0,0
3597-YASZG,1,1,0,1,0,1,0,1,1,1,70,104.45,7349.35,2,0.5407142857142873,0,0,0,1,0,1,1,0,0,1,0,0,0,0
3496-LFSZU,0,1,0,0,0,0,0,0,0,0,4,70.5,294.2,0,3.049999999999997,0,0,0,0,0,0,1,0,0,0,0,1,0,0
5242-UOWHD,0,1,1,0,0,0,0,0,0,0,45,20.35,929.2,0,0.2988888888888894,0,0,1,0,0,0,0,1,0,1,0,0,1,0
6479-SZPLM,0,1,1,0,0,0,0,0,0,0,36,19.45,754.5,0,1.5083333333333329,0,0,1,0,0,0,0,1,0,1,1,0,0,0
8097-VBQTZ,0,0,0,1,1,1,0,1,1,0,54,69.9,3883.3,3,2.012962962962959,0,0,0,1,0,0,0,0,0,0,0,0,1,0
4500-HKANN,0,1,0,0,0,1,0,1,0,0,23,59.7,1414.2,2,1.7869565217391283,0,1,0,0,0,1,0,0,0,1,0,0,1,0
9917-KWRBE,0,1,0,1,1,1,1,0,1,0,41,78.35,3211.2,3,0.02804878048780779,0,0,1,0,0,1,0,0,1,0,1,0,0,0
3420-ZDBMA,1,0,0,1,0,0,0,0,0,0,5,71.45,371.6,0,2.8700000000000045,0,0,0,0,0,0,1,0,0,0,0,0,1,0
2212-LYASK,0,1,0,1,0,1,1,0,0,1,27,45.85,1246.4,2,0.31296296296296333,0,0,1,0,1,0,0,0,1,0,1,0,0,0
1393-IMKZG,0,0,0,1,0,0,0,1,1,1,1,95.85,95.85,1,0.0,0,0,0,0,0,0,1,0,0,0,0,1,0,0
8069-RHUXK,0,1,0,0,1,0,0,1,0,0,67,35.7,2545.7,2,2.2955223880596947,0,0,0,1,1,0,0,0,0,1,1,0,0,0
3398-GCPMU,1,1,0,1,1,1,1,1,1,1,72,89.55,6448.85,4,0.01736111111111427,0,0,0,1,0,1,0,0,0,1,1,0,0,0
2908-WGAXL,0,1,1,1,0,0,0,0,0,0,56,24.95,1468.9,0,1.2803571428571452,0,0,0,1,0,1,0,1,0,1,1,0,0,0
3378-AJRAO,0,1,0,0,0,0,0,0,0,0,44,24.85,1013.6,0,1.8136363636363662,0,0,1,0,0,1,0,1,1,0,0,1,0,0
1013-QCWAM,1,1,0,1,0,1,0,0,1,1,66,100.8,6690.75,1,0.5750000000000028,0,0,0,1,0,1,1,0,0,0,0,1,0,0
6050-FFXES,0,1,0,0,0,0,1,1,1,1,69,105.35,7240.65,2,0.4130434782608745,0,0,0,1,0,1,1,0,0,1,0,0,0,0
0362-RAOQO,0,0,0,0,0,0,0,0,0,0,40,19.65,830.25,0,1.1062500000000028,0,0,1,0,0,0,0,1,0,1,1,0,0,0
9554-DFKIC,0,1,1,1,1,0,0,0,0,0,30,54.45,1588.7,1,1.4933333333333323,0,0,1,0,0,1,0,0,0,0,0,0,0,0
5527-ACHSO,0,0,0,0,0,0,0,1,1,1,11,70.5,829.3,1,4.890909090909091,1,0,0,0,0,0,0,0,0,0,0,0,1,0
0829-DDVLK,0,0,0,0,0,0,0,0,0,0,15,20.1,302.45,0,0.06333333333333258,0,1,0,0,0,0,0,1,1,0,1,0,0,0
1399-UBQIU,0,0,0,1,0,0,1,0,1,1,11,69.35,712.25,1,4.599999999999994,1,0,0,0,0,0,0,0,0,0,0,1,0,0
1813-JLKWR,0,1,0,0,0,0,0,0,0,0,64,19.8,1336.65,0,1.0851562500000007,0,0,0,1,0,0,0,1,1,0,0,0,0,0
0336-PIKEI,1,1,0,0,1,1,1,1,1,0,72,74.4,5360.75,4,0.054861111111108585,0,0,0,1,0,0,0,0,0,1,0,0,0,0
7322-OCWHC,1,1,0,1,1,1,1,1,0,0,72,93.05,6735.05,4,0.4923611111111228,0,0,0,1,0,1,1,0,0,1,0,0,0,0
9537-VHDTA,0,0,1,0,1,0,0,0,0,0,1,51.2,51.2,1,0.0,0,0,0,0,0,0,0,0,0,0,0,0,1,0
4957-TIALW,0,0,0,0,1,1,1,1,0,0,15,65.6,1010.0,4,1.7333333333333343,0,1,0,0,0,0,0,0,1,0,1,0,0,0
2054-PJOCK,0,0,0,0,0,0,1,1,1,1,60,80.55,4847.05,2,0.23416666666666686,0,0,0,1,0,1,0,0,1,0,1,0,0,0
9150-HEPMB,0,0,0,0,1,0,1,0,0,0,56,52.7,3019.7,2,1.2232142857142776,0,0,0,1,0,0,0,0,1,0,0,0,1,0
9030-QGZNL,0,0,0,0,0,0,0,0,0,0,8,20.85,161.65,0,0.6437500000000007,1,0,0,0,0,0,0,1,0,1,0,0,1,0
3126-WQMGH,0,1,0,1,0,0,0,0,0,0,49,52.15,2583.75,0,0.5795918367346928,0,0,0,1,0,1,0,0,0,0,1,0,0,0
7176-WRTNX,0,0,0,1,1,1,1,1,1,1,70,114.95,7711.25,4,4.789285714285711,0,0,0,1,0,1,1,0,0,1,0,0,0,0
5732-IKGQH,1,1,0,1,1,0,1,1,1,1,52,104.45,5481.25,3,0.9586538461538368,0,0,0,1,0,0,1,0,1,0,0,0,0,0
9239-GZHZE,0,1,0,1,1,1,1,1,1,1,72,113.65,8124.2,4,0.8138888888888971,0,0,0,1,0,1,1,0,0,1,1,0,0,0
7205-BAIAD,0,0,0,1,0,0,0,0,0,0,40,20.6,827.3,0,0.08249999999999602,0,0,1,0,0,0,0,1,0,1,0,0,0,0
0093-EXYQL,1,0,0,1,0,0,0,0,1,1,40,91.55,3673.6,0,0.29000000000000625,0,0,1,0,0,0,1,0,0,0,0,1,0,0
8064-RAVOH,0,0,1,1,0,0,1,0,0,0,1,49.85,49.85,1,0.0,0,0,0,0,0,0,0,0,0,0,0,1,0,0
0219-QAERP,0,1,0,0,0,0,0,0,0,0,30,19.8,576.65,0,0.5783333333333331,0,0,1,0,0,0,0,1,1,0,1,0,0,0
9168-INPSZ,1,1,0,0,0,0,1,1,1,1,44,104.15,4495.65,2,1.9761363636363711,0,0,1,0,0,1,1,0,0,0,0,1,0,0
0015-UOCOJ,1,0,0,1,1,0,0,0,0,0,7,48.2,340.35,1,0.4214285714285708,1,0,0,0,0,0,0,0,0,0,0,1,0,0
5334-AFQJB,1,0,0,1,0,0,0,0,0,0,72,25.1,1789.9,0,0.24027777777777715,0,0,0,1,0,1,0,1,0,1,1,0,0,0
2754-SDJRD,1,0,0,1,0,0,0,1,1,1,8,100.15,908.55,1,13.418749999999989,1,0,0,0,0,1,1,0,0,0,1,0,0,0
8963-JLGJT,0,0,1,0,1,0,1,0,0,0,3,55.9,157.55,2,3.3833333333333258,0,0,0,0,0,0,0,0,0,0,0,0,1,0
1465-LNTLJ,1,1,0,1,0,0,1,1,0,1,8,64.4,581.7,2,8.3125,1,0,0,0,0,0,0,0,0,0,1,0,0,0
2135-DQWAQ,0,0,0,1,0,1,0,0,1,0,5,85.3,420.45,1,1.2099999999999937,0,0,0,0,0,0,1,0,0,0,0,0,1,0
4056-QHXHZ,0,1,1,0,1,0,1,1,1,1,72,107.45,7576.7,3,2.2180555555555657,0,0,0,1,0,1,1,0,0,1,0,0,1,0
7401-JIXNM,0,1,0,0,1,1,1,1,1,1,54,91.3,4965.0,4,0.6444444444444457,0,0,0,1,0,1,0,0,0,1,1,0,0,0
9339-FIIJL,0,1,0,0,0,1,1,1,1,1,72,85.95,6151.9,3,0.5069444444444571,0,0,0,1,0,1,0,0,0,1,0,0,0,0
4706-DGAHW,1,0,0,0,0,0,0,0,0,0,1,45.2,45.2,0,0.0,0,0,0,0,0,0,0,0,0,0,0,1,0,0
6670-MFRPK,0,1,1,1,0,0,1,0,0,0,69,79.2,5420.65,1,0.6398550724637744,0,0,0,1,0,1,1,0,0,1,1,0,0,0
6177-PEVRA,0,0,0,0,1,1,0,0,0,0,48,55.5,2627.35,2,0.7635416666666686,0,0,1,0,0,0,0,0,0,1,1,0,0,0
4813-HQMGZ,0,1,0,1,0,0,0,1,0,1,8,90.25,743.75,1,2.71875,1,0,0,0,0,1,1,0,0,0,0,1,0,0
7579-KKLOE,0,1,0,1,1,1,1,1,1,1,71,91.25,6589.6,4,1.5612676056338017,0,0,0,1,0,1,0,0,0,1,0,0,1,0
8402-EIVQS,0,1,0,1,1,1,0,0,1,1,67,100.9,6733.15,2,0.4052238805970205,0,0,0,1,0,0,1,0,1,0,1,0,0,0
4947-DSMXK,0,1,1,1,0,1,0,0,1,1,34,97.7,3410.0,1,2.594117647058823,0,0,1,0,0,1,1,0,0,0,0,0,0,0
7245-NIIWQ,0,0,0,1,0,0,0,0,0,0,3,69.85,199.85,0,3.2333333333333343,0,0,0,0,0,0,1,0,0,0,0,1,0,0
0002-ORFBO,0,1,0,1,0,1,0,1,1,0,9,65.6,593.3,2,0.32222222222222285,1,0,0,0,0,0,0,0,1,0,0,0,1,0
3324-OIRTO,0,1,1,1,1,1,1,0,1,1,71,104.65,7288.4,3,1.9964788732394538,0,0,0,1,0,0,1,0,1,0,0,0,0,0
5414-OFQCB,0,0,0,1,0,0,0,1,1,0,57,90.45,5229.8,1,1.3008771929824547,0,0,0,1,0,1,1,0,0,1,1,0,0,0
4967-WPNCF,0,0,0,1,1,1,1,1,1,1,72,63.7,4464.8,4,1.68888888888889,0,0,0,1,1,0,0,0,0,1,0,0,0,0
8552-OBVRU,1,1,1,1,1,0,1,1,1,1,48,104.5,5068.05,3,1.0843750000000085,0,0,1,0,0,0,1,0,0,0,0,1,0,0
8499-BRXTD,0,0,0,0,0,0,0,0,0,0,18,20.1,401.85,0,2.2250000000000014,0,1,0,0,0,0,0,1,1,0,0,0,1,0
9154-QDGTH,0,1,1,1,0,0,1,1,1,1,43,104.3,4451.85,2,0.7686046511627751,0,0,1,0,0,1,1,0,1,0,1,0,0,0
8197-BFWVU,0,1,0,1,1,1,1,1,1,1,72,93.25,6688.95,4,0.3479166666666629,0,0,0,1,0,1,0,0,0,1,0,0,0,0
2577-GVSIL,0,1,0,1,0,0,0,1,1,1,35,73.45,2661.1,1,2.5814285714285603,0,0,1,0,0,1,0,0,1,0,0,0,0,0
9367-OIUXP,0,0,0,0,0,0,0,0,0,0,4,20.7,73.05,0,2.4375,0,0,0,0,0,0,0,1,0,0,0,0,1,0
6770-UAYGJ,0,1,1,0,0,0,0,0,0,0,49,25.25,1211.65,0,0.5224489795918359,0,0,0,1,0,1,0,1,0,1,0,0,1,0
6463-HHXJR,0,1,1,0,1,1,1,0,1,0,71,100.5,7030.65,3,1.4767605633802816,0,0,0,1,0,1,1,0,0,1,0,0,0,0
7928-VJYAB,0,1,1,0,0,0,0,0,1,1,11,90.6,1020.2,0,2.1454545454545553,1,0,0,0,0,0,1,0,0,0,0,1,0,0
1187-WILMM,0,1,0,1,1,1,1,1,1,1,63,89.4,5597.65,4,0.5484126984127045,0,0,0,1,0,1,0,0,0,1,1,0,0,0
9776-OJUZI,1,0,0,1,0,1,1,0,1,0,65,95.45,6223.3,2,0.29307692307692434,0,0,0,1,0,1,1,0,0,0,0,0,0,0
1306-RPWXZ,0,0,1,0,0,0,0,0,0,0,49,20.45,1024.65,0,0.4612244897959208,0,0,0,1,0,0,0,1,0,1,1,0,0,0
3097-PYWXL,0,1,1,1,0,0,0,0,0,0,4,19.95,82.9,0,0.7750000000000021,0,0,0,0,0,0,0,1,0,0,0,1,0,0
2266-SJNAT,0,1,0,0,0,1,1,1,1,1,72,109.15,7789.6,3,0.9611111111111086,0,0,0,1,0,1,1,0,1,0,1,0,0,0
0869-PAPRP,1,1,0,1,0,0,1,0,1,0,26,85.7,2067.0,1,6.200000000000003,0,0,1,0,0,0,1,0,0,0,1,0,0,0
4238-JSSWH,1,1,0,0,0,0,1,0,1,1,35,102.05,3452.55,1,3.405714285714282,0,0,1,0,0,1,1,0,0,0,0,0,0,0
2972-YDYUW,0,0,0,0,0,1,0,1,0,1,57,94.7,5468.95,2,1.2464912280701697,0,0,0,1,0,1,1,0,1,0,0,1,0,0
1104-FEJAM,0,1,1,0,0,1,0,0,0,1,28,64.4,1802.15,1,0.037500000000008527,0,0,1,0,0,1,0,0,0,0,0,1,0,0
2809-ILCYT,0,1,0,1,0,0,0,0,0,0,25,26.8,733.55,0,2.541999999999998,0,0,1,0,0,1,0,1,1,0,0,0,1,0
5499-ECUTN,0,1,0,1,1,0,1,0,1,0,47,66.05,3021.45,2,1.7638297872340445,0,0,1,0,0,0,0,0,1,0,1,0,0,0
4981-FLTMF,0,1,1,0,1,1,0,1,0,0,57,65.2,3687.85,3,0.5008771929824576,0,0,0,1,0,1,0,0,0,0,0,0,0,0
9121-PHQSR,1,1,0,1,0,0,0,0,1,0,16,85.05,1391.15,0,1.8968750000000085,0,1,0,0,0,1,1,0,0,0,1,0,0,0
3113-IWHLC,0,0,0,1,1,0,1,0,0,0,5,55.8,274.35,2,0.9299999999999926,0,0,0,0,0,0,0,0,0,0,0,0,1,0
4277-BWBML,0,1,1,0,0,0,0,0,0,0,72,19.95,1322.85,0,1.5770833333333343,0,0,0,1,0,0,0,1,0,1,0,0,0,0
0234-TEVTT,0,1,1,0,1,0,1,0,0,1,48,45.0,2196.3,2,0.7562500000000014,0,0,1,0,1,0,0,0,1,0,1,0,0,0
4304-TSPVK,0,1,0,0,1,1,1,1,1,1,68,114.9,7843.55,4,0.4463235294117567,0,0,0,1,0,1,1,0,0,1,0,0,0,0
1552-AAGRX,0,0,0,0,1,0,0,1,1,1,30,106.4,3211.9,2,0.6633333333333269,0,0,1,0,0,1,1,0,0,0,0,0,0,0
2637-FKFSY,0,1,0,1,0,0,0,0,0,0,3,46.1,130.15,0,2.7166666666666686,0,0,0,0,0,0,0,0,0,0,0,0,1,0
9796-MVYXX,1,0,0,0,1,0,1,1,0,0,14,39.7,692.35,3,9.753571428571426,0,1,0,0,1,0,0,0,0,1,0,0,1,0
7874-ECPQJ,0,0,1,1,0,0,0,0,0,0,4,20.05,85.5,0,1.3249999999999993,0,0,0,0,0,0,0,1,0,0,0,0,0,0
0020-INWCK,0,1,1,1,0,1,1,0,0,1,71,95.75,6849.4,2,0.7204225352112559,0,0,0,1,0,1,1,0,0,1,1,0,0,0
7089-RKVSZ,0,1,0,0,0,0,0,0,0,0,8,24.4,203.95,0,1.09375,1,0,0,0,0,1,0,1,1,0,0,0,1,0
2683-JXWQQ,0,1,1,0,1,0,1,0,0,0,61,33.6,2117.2,2,1.1081967213114723,0,0,0,1,1,0,0,0,0,0,0,0,0,0
9548-ZMVTX,0,1,1,0,0,1,1,1,0,0,72,90.45,6565.85,3,0.7423611111111086,0,0,0,1,0,1,1,0,0,1,0,0,0,0
8739-XNIKG,0,0,0,1,0,0,0,0,1,0,5,84.0,424.75,0,0.9500000000000028,0,0,0,0,0,1,1,0,0,0,0,1,0,0
9755-JHNMN,0,0,0,0,1,1,1,1,0,0,49,67.4,3306.85,4,0.08673469387754551,0,0,0,1,0,0,0,0,0,1,0,0,0,0
3981-QSVQI,0,0,0,1,0,0,0,0,0,0,8,19.7,168.9,0,1.4125000000000014,1,0,0,0,0,0,0,1,0,0,0,0,0,0
2789-HQBOU,0,0,0,1,0,0,0,0,0,1,3,80.35,253.8,0,4.250000000000014,0,0,0,0,0,0,1,0,0,0,0,1,0,0
9424-CMPOG,0,1,1,0,0,0,0,0,0,0,9,19.6,197.4,0,2.333333333333332,1,0,0,0,0,0,0,1,0,1,0,0,1,0
5067-WJEUN,0,1,1,1,1,1,0,0,0,0,67,54.2,3838.2,2,3.086567164179101,0,0,0,1,0,0,0,0,0,1,0,0,0,0
3450-WXOAT,0,0,0,1,0,0,0,0,0,0,46,45.2,2065.15,0,0.3054347826086996,0,0,1,0,0,0,0,0,0,0,1,0,0,0
9251-WNSOD,0,1,0,0,1,1,1,0,0,1,67,75.1,5064.45,3,0.488805970149258,0,0,0,1,0,1,0,0,1,0,0,0,1,0
6974-DAFLI,0,1,0,0,0,0,0,0,0,0,55,19.7,1140.05,0,1.0281818181818174,0,0,0,1,0,0,0,1,1,0,0,1,0,0
2616-UUTFK,0,1,0,1,1,1,1,0,1,0,33,72.75,2447.45,3,1.415151515151507,0,0,1,0,0,1,0,0,0,0,0,0,0,0
7064-JHXCE,0,1,1,0,0,0,0,0,0,0,62,20.05,1263.9,0,0.33548387096774235,0,0,0,1,0,0,0,1,0,1,1,0,0,0
7989-AWGEH,0,1,1,1,1,0,0,0,0,1,49,39.2,1838.15,1,1.686734693877554,0,0,0,1,1,0,0,0,0,0,0,1,0,0
4373-VVHQL,0,0,0,1,0,0,0,0,0,0,1,44.75,44.75,0,0.0,0,0,0,0,0,0,0,0,0,0,0,1,0,0
4559-UWIHT,0,1,0,1,0,1,1,0,0,0,14,82.65,1185.0,2,1.9928571428571331,0,1,0,0,0,1,1,0,0,0,0,1,0,0
7268-IGMFD,1,0,0,0,0,0,1,1,1,0,18,93.9,1743.9,2,2.9833333333333343,0,1,0,0,0,1,1,0,0,0,0,0,0,0
6650-BWFRT,0,1,0,1,1,1,1,1,1,1,72,117.15,8529.5,4,1.3152777777777658,0,0,0,1,0,1,1,0,0,1,1,0,0,0
9570-KYEUA,0,0,0,0,1,0,1,1,0,1,64,99.25,6549.45,3,3.085156249999997,0,0,0,1,0,1,1,0,0,1,1,0,0,0
6993-YGFJV,0,1,0,1,1,1,1,1,1,1,69,112.55,7806.5,4,0.5876811594202991,0,0,0,1,0,1,1,0,0,1,0,0,0,0
2712-SYWAY,0,0,0,1,0,0,0,0,0,0,1,25.7,25.7,0,0.0,0,0,0,0,0,1,0,1,0,0,0,1,0,0
0730-BGQGF,0,1,1,0,1,1,1,1,1,1,71,90.3,6287.3,4,1.7464788732394254,0,0,0,1,0,1,0,0,0,1,1,0,0,0
5498-IBWPI,0,1,1,1,0,0,0,1,0,0,66,49.4,3251.85,1,0.12954545454545752,0,0,0,1,0,0,0,0,1,0,1,0,0,0
9101-NTIXF,0,0,0,0,0,0,0,0,0,0,2,19.4,50.6,0,5.900000000000002,0,0,0,0,0,0,0,1,0,0,0,0,1,0
0013-SMEOE,1,1,0,1,1,1,1,1,1,1,71,109.7,7904.25,4,1.6274647887323965,0,0,0,1,0,0,1,0,0,1,0,0,0,0
9314-QDMDW,0,0,0,1,0,1,0,0,1,0,11,61.25,729.95,1,5.109090909090909,1,0,0,0,0,0,0,0,1,0,0,1,0,0
9308-ANMVE,0,0,1,1,1,1,0,0,0,0,47,55.3,2654.05,2,1.1691489361702168,0,0,1,0,0,0,0,0,0,0,0,1,0,0
3413-DHLPB,0,1,1,1,0,1,0,1,1,1,60,103.75,5969.95,2,4.250833333333333,0,0,0,1,0,1,1,0,0,0,0,0,0,0
7649-PHJVR,0,0,0,0,0,0,0,0,0,0,11,19.5,226.8,0,1.1181818181818208,1,0,0,0,0,0,0,1,1,0,0,0,1,0
6114-TCFID,0,0,0,0,1,1,0,1,0,0,29,39.5,1082.75,3,2.1637931034482776,0,0,1,0,1,0,0,0,1,0,1,0,0,0
3787-TRIAL,0,1,1,1,0,0,0,0,0,0,21,26.05,565.75,0,0.8904761904761891,0,1,0,0,1,0,0,0,0,0,0,1,0,0
2573-GYRUU,1,1,0,1,0,0,1,0,0,1,48,91.05,4370.75,1,0.007291666666674246,0,0,1,0,0,1,1,0,0,0,1,0,0,0
5156-UMKOW,0,0,1,0,0,1,0,0,0,0,3,29.65,90.05,1,0.36666666666666714,0,0,0,0,1,0,0,0,0,0,0,0,1,0
1247-QBVSH,0,1,1,0,0,1,0,0,0,0,43,50.2,2169.4,1,0.251162790697677,0,0,1,0,0,0,0,0,0,0,0,0,1,0
6734-GMPVK,0,0,0,0,0,1,1,0,1,1,5,105.3,550.6,2,4.820000000000007,0,0,0,0,0,1,1,0,0,0,0,1,0,0
9822-OAOVB,0,0,0,1,0,0,0,0,0,1,1,55.45,55.45,0,0.0,0,0,0,0,0,0,0,0,0,0,0,1,0,0
6161-ERDGD,0,1,1,0,1,0,1,1,1,1,71,85.45,6300.85,3,3.294366197183095,0,0,0,1,0,1,0,0,1,0,0,1,0,0
1226-JZNKR,0,1,0,0,0,0,0,0,0,0,8,19.8,160.05,0,0.2062500000000007,1,0,0,0,0,0,0,1,1,0,0,1,0,0
7318-EIVKO,0,0,0,1,0,0,0,0,1,0,8,59.25,436.6,0,4.674999999999997,1,0,0,0,0,1,0,0,0,0,0,1,0,0
3771-PZOBW,0,0,0,1,0,0,1,0,1,0,20,90.7,1781.35,1,1.6325000000000074,0,1,0,0,0,1,1,0,0,0,1,0,0,0
8231-BSWXX,0,0,0,1,0,1,0,0,0,0,71,79.05,5552.5,1,0.8457746478873247,0,0,0,1,0,1,1,0,1,0,1,0,0,0
6486-LHTMA,1,1,0,1,0,0,1,0,1,0,31,90.7,2835.5,1,0.767741935483869,0,0,1,0,0,1,1,0,1,0,0,1,0,0
4083-BFNYK,1,1,0,0,1,1,0,0,0,1,38,95.0,3591.25,2,0.4934210526315752,0,0,1,0,0,1,1,0,1,0,1,0,0,0
7389-KBFIT,0,1,1,1,0,1,0,0,0,0,2,30.25,63.75,1,1.625,0,0,0,0,1,0,0,0,0,0,0,0,1,0
7176-WIONM,0,1,0,1,0,0,1,0,1,1,12,49.85,617.15,1,1.5791666666666657,1,0,0,0,1,0,0,0,0,0,0,0,0,0
5141-ZUVBH,0,0,1,0,1,0,1,1,0,1,9,93.0,870.25,3,3.694444444444443,1,0,0,0,0,0,1,0,0,0,0,0,0,0
1089-HDMKP,1,0,1,1,0,1,0,1,0,0,11,54.55,601.25,2,0.10909090909090935,1,0,0,0,0,0,0,0,0,0,0,1,0,0
7623-HKYRK,0,0,1,0,0,0,0,0,0,0,6,19.7,111.65,0,1.091666666666665,0,0,0,0,0,0,0,1,0,0,0,0,1,0
0310-SUCIN,0,1,0,1,1,1,1,1,1,1,71,84.8,6046.1,4,0.35633802816902005,0,0,0,1,0,0,0,0,1,0,0,0,0,0
5197-PYEPU,0,1,1,1,1,1,0,0,1,0,42,94.45,3923.8,2,1.0261904761904788,0,0,1,0,0,1,1,0,1,0,1,0,0,0
6619-RPLQZ,0,1,1,0,0,0,0,0,0,0,45,20.85,892.15,0,1.0244444444444447,0,0,1,0,0,0,0,1,0,1,0,0,1,0
3275-RHRNE,0,1,1,1,0,1,1,1,1,1,28,60.0,1682.05,3,0.07321428571428612,0,0,1,0,1,0,0,0,1,0,1,0,0,0
3503-TYDAY,0,1,0,0,0,1,0,0,0,0,43,80.45,3398.9,1,1.4058139534883765,0,0,1,0,0,1,1,0,0,0,0,1,0,0
6901-GOGZG,0,0,1,1,1,0,1,1,1,1,60,84.95,4984.85,3,1.8691666666666578,0,0,0,1,0,1,0,0,0,1,0,1,0,0
7021-XSNYE,0,1,1,0,1,0,1,1,0,1,7,49.65,305.55,3,6.0,1,0,0,0,1,0,0,0,0,1,1,0,0,0
9621-OUPYD,0,1,0,1,0,0,0,0,0,0,25,20.2,507.9,0,0.11599999999999966,0,0,1,0,0,0,0,1,1,0,0,0,0,0
8982-NHAVY,0,0,0,1,0,0,1,0,1,1,27,100.5,2673.45,1,1.4833333333333343,0,0,1,0,0,1,1,0,1,0,0,0,0,0
4307-KWMXE,0,0,0,0,0,1,0,1,0,0,10,35.75,389.8,2,3.230000000000004,1,0,0,0,1,0,0,0,0,0,0,1,0,0
0141-YEAYS,1,0,0,1,0,1,1,0,0,0,27,86.45,2401.05,2,2.4777777777777885,0,0,1,0,0,1,1,0,0,0,0,0,0,0
2450-ZKEED,0,0,0,0,0,0,1,1,0,0,11,53.8,651.55,2,5.43181818181818,1,0,0,0,0,0,0,0,1,0,0,0,0,0
3694-DELSO,0,1,1,0,1,0,0,0,1,0,4,38.55,156.1,1,0.4750000000000014,0,0,0,0,1,0,0,0,0,0,1,0,0,0
3893-JRNFS,0,0,0,1,0,0,1,0,0,1,68,39.9,2796.35,1,1.2227941176470623,0,0,0,1,1,0,0,0,0,0,0,0,0,0
9603-OAIHC,1,0,0,1,0,0,0,0,0,0,1,70.05,70.05,0,0.0,0,0,0,0,0,0,1,0,0,0,0,1,0,0
1133-KXCGE,0,0,0,0,0,0,0,0,0,0,18,20.1,407.05,0,2.5138888888888893,0,1,0,0,0,0,0,1,1,0,0,0,1,0
0142-GVYSN,0,0,0,1,0,0,0,0,0,0,26,20.3,511.25,0,0.6365384615384606,0,0,1,0,0,0,0,1,0,0,0,1,0,0
1049-FYSYG,0,1,0,1,0,1,1,0,0,0,17,35.65,646.05,2,2.352941176470587,0,1,0,0,1,0,0,0,0,0,1,0,0,0
8406-LNMHF,1,1,0,1,1,1,1,0,0,0,59,82.95,4903.15,3,0.15423728813559023,0,0,0,1,0,0,1,0,1,0,1,0,0,0
1821-BUCWY,0,0,0,1,1,0,1,0,0,0,30,55.65,1653.85,2,0.5216666666666683,0,0,1,0,0,0,0,0,0,1,0,0,1,0
0023-UYUPN,1,1,0,0,0,0,0,0,0,0,50,25.2,1306.3,0,0.9259999999999984,0,0,0,1,0,1,0,1,1,0,0,1,0,0
8314-DPQHL,0,0,0,0,1,0,1,1,0,1,9,50.8,463.6,3,0.7111111111111157,1,0,0,0,1,0,0,0,1,0,0,0,1,0
1465-WCZVT,0,1,1,0,0,0,0,0,0,0,3,19.65,60.65,0,0.5666666666666664,0,0,0,0,0,0,0,1,0,0,0,0,1,0
9481-SFCQY,0,0,1,1,0,0,1,0,1,0,14,59.8,824.85,1,0.8821428571428527,0,1,0,0,0,0,0,0,0,0,1,0,0,0
6360-SVNWV,1,0,0,1,1,0,0,0,0,0,31,73.55,2094.65,1,5.980645161290312,0,0,1,0,0,0,1,0,0,0,1,0,0,0
0567-GGCAC,0,0,0,0,1,1,1,0,0,0,7,61.4,438.9,3,1.2999999999999972,1,0,0,0,0,0,0,0,0,0,0,1,0,0
8884-MRNSU,0,1,0,0,0,0,0,0,0,0,17,19.9,329.75,0,0.5029411764705856,0,1,0,0,0,0,0,1,1,0,0,0,0,0
2171-UDMFD,0,1,1,1,0,0,0,0,0,0,32,19.45,674.55,0,1.6296874999999993,0,0,1,0,0,0,0,1,0,0,1,0,0,0
9050-IKDZA,1,0,0,0,0,0,0,0,1,0,2,81.5,162.55,0,0.22499999999999432,0,0,0,0,0,0,1,0,0,0,0,0,1,0
9802-CAQUT,0,1,1,0,1,1,1,0,1,1,72,109.55,7887.25,3,0.004861111111111427,0,0,0,1,0,1,1,0,0,1,1,0,0,0
0187-WZNAB,0,1,1,0,1,0,0,0,0,0,27,74.4,1972.35,1,1.3500000000000085,0,0,1,0,0,0,1,0,0,0,0,0,1,0
1475-VWVDO,0,0,0,1,0,0,1,0,0,0,7,74.9,490.55,1,4.821428571428569,1,0,0,0,0,0,1,0,0,0,0,1,0,0
1357-MVDOZ,0,1,1,1,0,0,1,0,1,0,11,59.65,683.25,1,2.4636363636363683,1,0,0,0,0,0,0,0,0,0,0,0,0,0
7602-MVRMB,0,1,1,1,1,0,1,1,1,1,72,110.45,8058.85,3,1.4784722222222229,0,0,0,1,0,1,1,0,0,1,0,0,0,0
1197-BVMVG,1,0,0,1,0,0,0,0,0,0,4,74.45,294.45,0,0.8375000000000057,0,0,0,0,0,1,1,0,0,0,0,1,0,0
5406-KGRMX,0,0,0,0,0,0,0,0,0,0,71,24.55,1719.15,0,0.3366197183098585,0,0,0,1,0,1,0,1,0,1,0,1,0,0
5968-HYJRZ,0,1,1,0,0,0,0,0,0,0,47,24.55,1160.45,0,0.14042553191489304,0,0,1,0,0,1,0,1,0,1,0,0,1,0
5198-EFNBM,1,1,0,1,0,1,1,0,1,0,57,90.65,5199.8,2,0.5745614035087669,0,0,0,1,0,0,1,0,1,0,0,1,0,0
7516-GMHUV,1,1,0,1,1,0,1,0,1,1,50,105.05,5163.3,2,1.7839999999999918,0,0,0,1,0,1,1,0,0,1,1,0,0,0
7140-ADSMJ,0,0,0,1,0,0,0,0,0,0,8,20.45,162.3,0,0.16249999999999787,1,0,0,0,0,0,0,1,0,0,1,0,0,0
2230-XTUWL,0,1,1,0,0,0,0,0,0,0,48,19.55,883.35,0,1.1468750000000014,0,0,1,0,0,0,0,1,0,1,0,0,1,0
7706-YLMQA,0,0,0,0,0,0,0,0,0,0,70,19.7,1341.5,0,0.5357142857142847,0,0,0,1,0,0,0,1,1,0,0,0,0,0
2585-KTFRE,0,0,1,1,1,1,0,1,0,1,1,70.45,70.45,3,0.0,0,0,0,0,0,0,0,0,0,0,0,0,0,0
7994-UYIVZ,0,1,0,1,0,0,0,0,0,1,8,85.65,659.45,0,3.21875,1,0,0,0,0,1,1,0,0,0,0,0,0,0
7717-BICXI,0,1,1,0,0,0,0,0,0,0,60,20.55,1205.05,0,0.465833333333336,0,0,0,1,0,0,0,1,0,1,0,0,1,0
6559-RAKOZ,0,1,1,1,0,0,0,1,1,1,49,97.95,4917.9,1,2.4153061224489676,0,0,0,1,0,1,1,0,1,0,0,1,0,0
4716-MRVEN,0,0,0,0,0,0,0,0,0,0,29,20.0,599.3,0,0.6655172413793089,0,0,1,0,0,0,0,1,1,0,0,0,1,0
2143-LJULT,0,1,0,1,0,0,0,0,0,0,67,25.25,1733.15,0,0.6179104477611936,0,0,0,1,0,1,0,1,0,1,1,0,0,0
3200-MNQTF,0,1,0,0,1,1,1,1,0,0,67,70.9,4677.1,4,1.0925373134328424,0,0,0,1,0,1,0,0,0,1,1,0,0,0
6164-HXUGH,0,1,1,0,0,0,0,0,0,0,6,19.85,119.3,0,0.03333333333333144,0,0,0,0,0,0,0,1,0,0,0,0,1,0
5630-IXDXV,0,0,0,1,0,1,1,0,1,1,47,106.35,4849.1,2,3.1776595744680662,0,0,1,0,0,1,1,0,0,0,0,1,0,0
0320-DWVTU,0,0,0,0,1,1,1,1,0,1,53,99.5,5424.25,4,2.844339622641513,0,0,0,1,0,0,1,0,0,1,0,0,1,0
9135-MGVPY,0,1,0,1,1,1,1,1,1,1,69,84.7,5878.9,4,0.5014492753623045,0,0,0,1,0,0,0,0,0,1,0,0,1,0
1212-GLHMD,0,0,0,1,1,0,0,0,0,1,3,86.05,244.85,1,4.433333333333337,0,0,0,0,0,0,1,0,0,0,0,0,1,0
7878-JGDKK,0,0,0,0,0,0,0,0,0,0,4,44.55,220.75,0,10.637500000000003,0,0,0,0,0,0,0,0,0,0,0,0,1,0
1088-AUUZZ,0,1,1,1,1,1,0,1,0,1,56,75.85,4261.2,3,0.24285714285714732,0,0,0,1,0,1,0,0,0,1,1,0,0,0
6614-YWYSC,1,1,0,0,0,0,0,0,0,0,61,25.0,1501.75,0,0.3811475409836049,0,0,0,1,0,1,0,1,0,1,0,0,0,0
9588-OZDMQ,0,1,0,1,0,0,0,0,0,0,2,45.0,89.75,0,0.125,0,0,0,0,0,0,0,0,0,0,0,1,0,0
6476-EPYZR,0,1,1,0,0,0,0,0,0,0,12,20.5,255.5,0,0.7916666666666679,1,0,0,0,0,0,0,1,0,0,0,0,1,0
1174-FGIFN,0,1,1,1,0,0,0,1,0,1,28,90.45,2509.25,1,0.8339285714285722,0,0,1,0,0,1,1,0,1,0,0,1,0,0
6620-HVDUJ,0,0,0,0,1,1,0,1,0,0,24,60.45,1440.75,3,0.41875000000000284,0,1,0,0,0,0,0,0,0,0,0,0,0,0
1032-MAELW,0,1,1,1,1,1,1,1,0,1,68,78.45,5333.35,4,0.018382352941173963,0,0,0,1,0,1,0,0,1,0,0,1,0,0
7641-TQFHN,0,0,1,0,0,0,0,1,1,1,39,100.55,3895.35,1,0.6692307692307651,0,0,1,0,0,1,1,0,0,1,0,0,1,0
1552-TKMXS,0,1,0,0,0,0,0,0,0,0,42,20.35,869.9,0,0.3619047619047606,0,0,1,0,0,0,0,1,0,0,1,0,0,0
8622-ZLFKO,0,1,0,1,0,1,0,0,0,1,6,90.75,512.25,1,5.375,0,0,0,0,0,1,1,0,0,0,0,1,0,0
6188-UXBBR,0,1,0,1,0,0,0,0,0,0,38,20.25,814.75,0,1.1907894736842088,0,0,1,0,0,0,0,1,1,0,1,0,0,0
2333-KWEWW,0,0,0,0,0,0,0,0,0,0,18,20.05,388.6,0,1.5388888888888879,0,1,0,0,0,0,0,1,0,1,1,0,0,0
5702-SKUOB,0,1,0,0,0,0,0,0,0,0,4,19.6,93.45,0,3.7624999999999993,0,0,0,0,0,0,0,1,0,0,0,0,1,0
1134-YWTYF,0,1,0,1,0,1,0,1,0,0,27,53.8,1389.85,2,2.324074074074076,0,0,1,0,0,0,0,0,0,0,0,1,0,0
6061-GWWAV,0,0,1,0,1,1,1,0,1,0,41,70.2,2894.55,3,0.39878048780488484,0,0,1,0,0,0,0,0,1,0,0,0,1,0
0679-TDGAK,0,1,1,0,1,0,0,1,1,1,50,75.5,4025.6,2,5.0120000000000005,0,0,0,1,0,0,0,0,1,0,0,1,0,0
6585-WCEWR,0,1,1,0,0,0,0,0,0,0,72,20.35,1354.4,0,1.5388888888888879,0,0,0,1,0,0,0,1,0,1,0,1,0,0
9067-YGSCA,0,0,0,0,0,0,0,0,0,0,70,26.05,1856.4,0,0.46999999999999886,0,0,0,1,0,1,0,1,1,0,1,0,0,0
9067-SQTNS,0,1,1,0,0,0,0,0,0,0,44,20.6,926.0,0,0.4454545454545453,0,0,1,0,0,0,0,1,1,0,0,0,0,0
1776-SPBWV,0,1,1,1,0,0,0,0,0,0,34,20.1,682.1,0,0.03823529411764781,0,0,1,0,0,0,0,1,1,0,0,0,0,0
8735-SDUFN,1,1,0,0,0,0,0,0,0,0,72,24.3,1778.7,0,0.404166666666665,0,0,0,1,0,1,0,1,0,1,0,0,0,0
9668-PUGNU,0,1,0,1,0,0,0,0,0,0,71,24.5,1816.2,0,1.080281690140847,0,0,0,1,0,1,0,1,0,1,0,1,0,0
9405-GPBBG,0,0,0,1,0,1,1,1,1,1,64,110.5,7069.25,3,0.04296875,0,0,0,1,0,1,1,0,0,1,1,0,0,0
1926-QUZNN,0,1,0,1,0,0,0,0,0,0,72,25.25,1841.2,0,0.32222222222222285,0,0,0,1,0,1,0,1,0,1,0,0,0,0
7016-NVRIC,1,1,0,0,1,0,1,0,0,1,29,90.1,2656.7,2,1.5103448275862092,0,0,1,0,0,0,1,0,1,0,0,0,0,0
5829-NVSQN,0,1,0,1,1,0,1,1,0,1,23,68.75,1689.45,3,4.704347826086959,0,1,0,0,0,0,0,0,1,0,0,0,0,0
9565-AXSMR,0,1,1,0,0,0,0,0,0,0,52,19.2,1054.75,0,1.0836538461538474,0,0,0,1,0,0,0,1,0,1,0,0,1,0
8869-LIHMK,0,0,0,1,1,1,1,1,1,1,64,115.1,7334.05,4,0.5054687499999915,0,0,0,1,0,1,1,0,0,1,0,0,0,0
0447-RXSGD,0,0,0,1,0,1,0,0,1,1,24,99.65,2404.85,1,0.5520833333333286,0,1,0,0,0,1,1,0,0,0,0,0,0,0
4927-WWOOZ,0,1,0,1,0,0,1,0,1,0,2,91.45,171.45,1,5.7250000000000085,0,0,0,0,0,1,1,0,0,0,0,1,0,0
5788-YPOEG,0,1,1,0,1,1,1,1,1,1,34,84.75,2839.45,4,1.236764705882365,0,0,1,0,0,0,0,0,0,1,0,0,1,0
0661-KBKPA,0,1,1,1,0,0,1,1,1,1,53,78.75,3942.45,2,4.364150943396226,0,0,0,1,0,1,0,0,1,0,0,0,1,0
9081-WWXKP,0,1,1,0,0,0,0,0,0,0,47,20.25,873.4,0,1.6670212765957437,0,0,1,0,0,0,0,1,0,1,1,0,0,0
0784-ZQJZX,0,0,1,0,0,0,0,0,0,0,72,19.9,1529.65,0,1.34513888888889,0,0,0,1,0,0,0,1,0,1,1,0,0,0
3133-PZNSR,0,1,1,1,1,1,0,1,0,1,72,97.75,6991.6,3,0.6444444444444457,0,0,0,1,0,1,1,0,0,1,1,0,0,0
0722-SVSFK,0,0,0,1,0,0,1,1,1,1,7,100.4,715.0,2,1.7428571428571331,1,0,0,0,0,0,1,0,0,0,0,1,0,0
3612-YVGSJ,0,1,0,1,0,0,0,0,0,0,71,24.45,1681.6,0,0.7654929577464777,0,0,0,1,0,1,0,1,0,1,1,0,0,0
9825-YCXWZ,1,0,0,1,0,0,1,1,1,1,41,101.1,4016.2,2,3.1439024390243873,0,0,1,0,0,0,1,0,1,0,0,0,0,0
5397-NSKQG,0,1,1,0,1,0,0,0,1,1,67,50.9,3281.65,1,1.9201492537313385,0,0,0,1,1,0,0,0,0,1,1,0,0,0
8565-HBFNN,0,1,0,1,1,1,1,1,0,1,69,107.2,7317.1,4,1.1550724637681071,0,0,0,1,0,1,1,0,1,0,1,0,0,0
2000-DHJUY,1,1,0,1,1,1,1,1,1,1,70,92.2,6474.45,4,0.29214285714284927,0,0,0,1,0,1,0,0,0,1,0,0,0,0
8670-ERCJH,0,0,0,0,1,1,1,1,1,1,72,113.4,8164.1,4,0.009722222222222854,0,0,0,1,0,1,1,0,0,1,0,0,0,0
7758-UJWYS,0,1,1,1,0,0,0,1,1,0,34,40.55,1325.85,1,1.5544117647058826,0,0,1,0,1,0,0,0,0,1,0,1,0,0
2050-ONYDQ,0,1,1,0,0,0,0,0,0,0,65,26.0,1654.85,0,0.5407692307692322,0,0,0,1,0,1,0,1,0,1,1,0,0,0
7055-JCGNI,0,0,0,1,1,1,1,1,1,1,70,111.95,7795.95,4,0.5792857142857173,0,0,0,1,0,1,1,0,0,1,1,0,0,0
0739-UUAJR,0,1,1,1,1,0,1,0,1,1,72,53.8,3952.45,2,1.09513888888889,0,0,0,1,1,0,0,0,0,1,1,0,0,0
4826-DXMUP,0,0,1,1,0,0,0,1,1,1,35,72.1,2495.15,1,0.8099999999999881,0,0,1,0,0,0,0,0,1,0,0,0,1,0
7285-KLOTR,0,1,0,0,1,0,1,0,1,1,12,78.85,876.75,2,5.787499999999994,1,0,0,0,0,1,0,0,1,0,0,1,0,0
0654-PQKDW,0,1,1,1,1,0,1,1,1,0,62,70.75,4263.45,3,1.9846774193548384,0,0,0,1,0,0,0,0,1,0,0,0,0,0
7175-NTIXE,0,0,0,1,1,0,0,1,1,1,25,76.15,1992.95,2,3.567999999999998,0,0,1,0,0,0,0,0,0,0,1,0,0,0
7963-SHNDT,0,0,0,0,1,1,0,1,0,0,52,39.1,1982.1,3,0.9826923076923109,0,0,0,1,1,0,0,0,0,1,0,0,1,0
9796-BPKIW,1,0,0,1,0,0,0,0,0,0,8,69.95,562.7,0,0.38750000000000284,1,0,0,0,0,0,1,0,0,0,1,0,0,0
0188-GWFLE,0,0,0,0,0,0,0,0,0,0,2,20.05,33.7,0,3.1999999999999993,0,0,0,0,0,0,0,1,0,0,0,0,1,0
8129-GMVGI,0,1,1,0,0,0,0,0,0,0,56,20.05,1090.1,0,0.5839285714285722,0,0,0,1,0,0,0,1,0,1,0,0,1,0
2882-DDZPG,0,0,0,0,0,0,0,0,0,0,12,19.45,227.45,0,0.49583333333333357,1,0,0,0,0,0,0,1,0,0,0,0,0,0
3547-LQRIK,0,1,0,0,0,0,0,0,0,0,47,26.9,1250.85,0,0.2861702127659562,0,0,1,0,0,1,0,1,1,0,0,1,0,0
9137-NOQKA,1,0,0,0,0,0,0,0,0,0,2,19.2,37.2,0,0.5999999999999979,0,0,0,0,0,0,0,1,0,0,0,1,0,0
5843-TTHGI,0,0,0,1,0,0,1,0,0,0,18,50.0,892.7,1,0.40555555555555145,0,1,0,0,0,0,0,0,0,0,0,0,1,0
1849-RJYIG,0,0,0,1,1,0,0,0,1,0,8,60.0,487.75,1,0.96875,1,0,0,0,0,0,0,0,0,0,0,1,0,0
8868-GAGIO,0,1,0,1,1,0,1,0,0,0,45,84.55,3713.95,2,2.0177777777777806,0,0,1,0,0,1,1,0,0,0,0,0,1,0
4061-UKJWL,0,0,0,0,0,0,0,0,0,0,3,45.45,141.7,0,1.7833333333333243,0,0,0,0,0,0,0,0,0,0,0,0,1,0
5380-XPJNZ,0,0,0,0,0,0,0,0,0,0,38,20.05,678.2,0,2.2026315789473685,0,0,1,0,0,0,0,1,1,0,0,0,1,0
8263-QMNTJ,0,1,0,1,1,1,1,1,1,1,72,115.55,8425.3,4,1.4680555555555515,0,0,0,1,0,1,1,0,0,1,0,1,0,0
3230-JCNZS,0,1,1,1,1,1,1,0,1,0,71,99.0,7061.65,3,0.45985915492957474,0,0,0,1,0,1,1,0,0,1,1,0,0,0
0277-ORXQS,0,1,1,0,0,0,0,1,1,1,66,50.55,3364.55,1,0.42803030303031164,0,0,0,1,1,0,0,0,0,1,0,0,0,0
7996-BPXHY,0,1,1,1,0,0,0,0,0,0,13,25.0,332.5,0,0.5769230769230766,0,1,0,0,0,1,0,1,0,1,0,0,0,0
3227-WLKLI,0,1,1,0,1,1,1,1,1,1,65,91.55,5963.95,4,0.20307692307692093,0,0,0,1,0,1,0,0,0,1,0,0,0,0
2266-FUBDZ,0,1,1,0,0,0,0,0,0,0,15,19.35,278.85,0,0.7600000000000016,0,1,0,0,0,0,0,1,0,1,0,0,1,0
8237-ULIXL,0,1,0,0,0,0,0,0,0,0,72,24.85,1871.85,0,1.1479166666666636,0,0,0,1,0,1,0,1,0,1,1,0,0,0
8216-AZUUZ,0,1,1,1,0,0,1,1,1,1,42,100.4,4303.65,2,2.0678571428571217,0,0,1,0,0,0,1,0,0,1,0,1,0,0
9153-BTBVV,0,1,0,0,0,0,0,0,0,0,71,25.0,1753.0,0,0.30985915492957616,0,0,0,1,0,1,0,1,0,1,0,0,0,0
5186-PEIZU,0,0,0,0,0,0,0,0,0,0,35,19.25,617.65,0,1.6028571428571432,0,0,1,0,0,0,0,1,0,0,0,0,0,0
1074-AMIOH,0,1,1,1,0,1,1,1,1,1,53,108.25,5935.1,3,3.733018867924528,0,0,0,1,0,0,1,0,0,0,0,0,0,0
4361-FEBGN,0,0,0,0,0,0,0,0,0,0,48,20.15,982.95,0,0.32812500000000355,0,0,1,0,0,0,0,1,0,1,1,0,0,0
7748-UMTRK,1,0,1,1,0,0,0,1,1,1,30,101.3,2974.5,1,2.1499999999999915,0,0,1,0,0,1,1,0,0,0,0,1,0,0
0380-ZCSBI,0,0,0,0,0,0,0,0,0,0,10,20.0,198.7,0,0.13000000000000256,1,0,0,0,0,0,0,1,0,0,1,0,0,0
7145-FEJWU,0,0,1,1,0,1,1,0,1,1,12,105.3,1275.65,2,1.004166666666677,1,0,0,0,0,1,1,0,0,0,0,1,0,0
6463-MVYRY,1,0,0,0,1,0,1,1,1,0,57,69.85,4003.0,3,0.37807017543860866,0,0,0,1,0,0,0,0,0,1,0,0,0,0
3969-JQABI,0,1,0,1,1,1,0,0,1,0,58,65.25,3791.6,2,0.12241379310344769,0,0,0,1,0,0,0,0,0,0,1,0,0,0
9624-EGDEQ,0,0,0,0,0,0,0,0,0,0,37,19.8,813.3,0,2.1810810810810786,0,0,1,0,0,0,0,1,0,1,0,0,1,0
1051-EQPZR,0,1,1,0,0,0,0,0,0,0,44,19.6,780.25,0,1.8670454545454547,0,0,1,0,0,0,0,1,0,0,0,0,1,0
5849-ASHZJ,0,0,1,0,0,0,0,0,0,0,27,20.05,552.9,0,0.42777777777777715,0,0,1,0,0,0,0,1,1,0,1,0,0,0
5780-INQIK,0,0,0,0,0,0,0,1,0,0,8,49.4,408.25,1,1.6312500000000014,1,0,0,0,0,0,0,0,0,0,0,1,0,0
4526-ZJJTM,1,1,0,0,0,1,1,0,0,1,25,88.4,2191.15,2,0.7540000000000049,0,0,1,0,0,0,1,0,0,0,0,0,0,0
8384-FZBJK,0,1,1,1,0,1,0,0,1,1,57,100.6,5611.7,1,2.149122807017548,0,0,0,1,0,1,1,0,0,0,0,1,0,0
3750-RNQKR,0,0,0,0,0,0,0,0,0,0,12,19.45,246.25,0,1.0708333333333329,1,0,0,0,0,0,0,1,0,0,0,0,1,0
0962-CQPWQ,0,1,1,0,0,0,0,0,0,0,62,20.3,1296.15,0,0.6056451612903224,0,0,0,1,0,0,0,1,0,1,0,0,0,0
3096-YXENJ,0,1,0,1,0,1,1,1,1,1,65,107.65,7082.85,3,1.316923076923075,0,0,0,1,0,1,1,0,0,1,0,0,0,0
1265-BCFEO,0,1,0,1,0,0,1,1,1,1,71,80.45,5662.25,2,0.7000000000000028,0,0,0,1,0,1,0,0,0,1,0,0,0,0
5837-LXSDN,0,1,1,1,0,1,0,0,1,0,21,58.85,1215.45,1,0.971428571428568,0,1,0,0,0,0,0,0,1,0,1,0,0,0
5945-AZYHT,0,1,0,1,1,1,1,0,1,1,71,109.6,7854.15,3,1.0218309859155,0,0,0,1,0,1,1,0,1,0,0,1,0,0
8325-QRPZR,0,0,0,1,0,0,1,0,0,0,7,75.15,525.0,1,0.15000000000000568,1,0,0,0,0,0,1,0,0,0,0,1,0,0
6384-VMJHP,0,0,0,1,1,1,1,1,0,1,72,73.0,5265.2,4,0.12777777777778,0,0,0,1,0,0,0,0,0,1,1,0,0,0
2262-SLNVK,0,0,0,0,0,0,0,0,0,0,1,70.1,70.1,0,0.0,0,0,0,0,0,0,1,0,0,0,0,1,0,0
7730-CLDSV,0,1,1,1,0,1,1,1,0,1,72,98.65,7129.45,3,0.37013888888887436,0,0,0,1,0,1,1,0,0,1,0,0,0,0
1135-HIORI,0,1,1,1,0,1,1,1,1,1,64,111.45,7266.95,3,2.0960937499999943,0,0,0,1,0,1,1,0,1,0,0,1,0,0
0164-APGRB,0,0,0,1,1,1,1,1,1,1,72,114.9,8496.7,4,3.1097222222222314,0,0,0,1,0,1,1,0,0,1,0,1,0,0
6481-ESCNL,0,0,0,0,0,0,1,0,1,1,29,100.55,2878.75,1,1.2827586206896484,0,0,1,0,0,1,1,0,0,0,0,0,0,0
1790-NESIO,0,0,0,1,0,0,0,0,0,0,13,20.4,261.3,0,0.29999999999999716,0,1,0,0,0,0,0,1,0,1,0,0,1,0
1550-EENBN,0,0,0,0,1,1,0,0,1,1,31,104.35,3205.6,2,0.9435483870967687,0,0,1,0,0,1,1,0,0,0,0,1,0,0
8198-RKSZG,0,1,1,0,0,1,0,1,1,1,14,80.45,1137.05,2,0.7678571428571388,0,1,0,0,0,1,0,0,0,0,1,0,0,0
9297-EONCV,0,0,0,1,1,1,1,1,1,1,72,91.35,6697.2,4,1.6666666666666714,0,0,0,1,0,1,0,0,0,1,0,0,0,0
1069-QJOEE,0,1,1,0,0,0,0,0,0,0,25,19.9,505.45,0,0.3180000000000014,0,0,1,0,0,0,0,1,1,0,0,1,0,0
7799-DSEWS,0,0,0,1,1,0,1,1,1,0,18,68.35,1299.8,3,3.8611111111111143,0,1,0,0,0,0,0,0,0,0,0,1,0,0
8766-PAFNE,0,1,0,1,0,1,1,1,1,1,71,79.1,5564.85,3,0.7218309859154886,0,0,0,1,0,0,0,0,0,1,1,0,0,0
5315-CKEQK,1,1,1,1,0,0,0,0,0,0,28,51.0,1381.8,0,1.6499999999999986,0,0,1,0,0,1,0,0,1,0,0,1,0,0
3130-ICDUP,0,0,1,0,1,0,0,0,0,0,2,80.55,188.1,1,13.5,0,0,0,0,0,1,1,0,0,0,1,0,0,0
0820-FNRNX,0,1,1,1,0,1,1,1,0,0,17,66.7,1077.05,3,3.3441176470588303,0,1,0,0,0,1,0,0,0,0,0,0,1,0
0880-FVFWF,0,0,0,1,1,1,0,0,0,0,56,86.4,4922.4,2,1.4999999999999858,0,0,0,1,0,1,1,0,0,0,0,1,0,0
4611-ANLQC,0,1,0,0,1,1,1,0,0,1,60,50.05,2911.5,3,1.5249999999999986,0,0,0,1,1,0,0,0,1,0,0,1,0,0
4213-HKBJO,0,0,0,0,0,0,0,0,0,0,33,25.7,826.1,0,0.6666666666666643,0,0,1,0,0,1,0,1,0,1,1,0,0,0
2792-LSHWX,0,0,0,1,1,1,0,1,0,0,1,83.4,83.4,3,0.0,0,0,0,0,0,0,1,0,0,0,0,0,1,0
0014-BMAQU,0,1,0,1,1,0,0,1,0,0,63,84.65,5377.8,2,0.711904761904762,0,0,0,1,0,1,1,0,0,1,1,0,0,0
9018-PCIOK,0,0,0,1,0,1,1,0,0,1,55,64.75,3617.1,2,1.0154545454545456,0,0,0,1,0,0,0,0,0,1,0,0,1,0
4837-QUSFT,0,1,0,1,1,1,0,1,1,0,65,100.15,6643.5,3,2.0576923076923066,0,0,0,1,0,1,1,0,1,0,0,0,0,0
9953-ZMKSM,0,0,0,0,0,0,0,0,0,0,63,25.25,1559.3,0,0.4992063492063501,0,0,0,1,0,1,0,1,0,1,0,0,1,0
0907-HQNTS,1,1,0,1,1,1,1,1,1,1,70,113.0,7987.6,4,1.1085714285714374,0,0,0,1,0,1,1,0,0,1,1,0,0,0
7665-NKLAV,0,1,1,0,1,0,1,1,0,0,36,40.65,1547.35,3,2.3319444444444457,0,0,1,0,1,0,0,0,0,1,1,0,0,0
4391-LNRXK,0,0,0,1,0,1,1,1,0,1,22,94.95,2142.8,3,2.450000000000003,0,1,0,0,0,0,1,0,0,0,0,0,0,0
8250-ZNGGW,1,0,0,0,1,1,0,1,0,0,5,59.9,287.85,3,2.329999999999991,0,0,0,0,0,0,0,0,0,0,1,0,0,0
8562-GHPPI,0,0,0,0,0,0,0,0,0,0,1,19.8,19.8,0,0.0,0,0,0,0,0,0,0,1,0,0,1,0,0,0
5893-PYOLZ,0,0,0,1,0,1,1,1,1,1,56,81.8,4534.45,3,0.8276785714285779,0,0,0,1,0,0,0,0,0,1,1,0,0,0
4986-MXSFP,0,0,0,1,0,0,0,0,0,0,2,20.0,40.9,0,0.4499999999999993,0,0,0,0,0,0,0,1,0,0,0,0,1,0
6131-FOYAS,0,0,0,1,1,0,1,0,0,0,35,59.6,2094.9,2,0.25428571428571445,0,0,1,0,0,1,0,0,0,0,0,1,0,0
3027-YNWZU,0,1,0,0,0,0,0,0,0,0,64,25.0,1584.8,0,0.2375000000000007,0,0,0,1,0,1,0,1,0,1,1,0,0,0
5609-IMCGG,0,0,0,1,1,0,1,0,0,0,15,84.35,1302.65,2,2.4933333333333394,0,1,0,0,0,1,1,0,0,0,1,0,0,0
4727-MCYZG,0,0,0,0,0,0,0,0,0,1,1,55.55,55.55,0,0.0,0,0,0,0,0,0,0,0,0,0,0,0,1,0
9481-WHGWY,0,1,1,0,1,0,0,1,1,1,70,75.35,5437.75,2,2.3321428571428697,0,0,0,1,0,0,0,0,0,1,1,0,0,0
4328-VUFWD,0,0,0,0,0,0,0,1,0,1,39,59.3,2209.15,1,2.6551282051282,0,0,1,0,0,0,0,0,1,0,0,1,0,0
3301-LSLWQ,0,0,0,1,1,0,0,0,0,1,29,66.1,1912.15,1,0.16379310344827047,0,0,1,0,0,1,0,0,0,0,0,1,0,0
7473-ZBDSN,0,1,1,0,0,0,0,0,0,0,14,18.8,255.55,0,0.5464285714285708,0,1,0,0,0,0,0,1,0,1,0,0,1,0
3166-PNEOF,0,0,0,0,1,0,1,1,1,1,61,86.45,5175.3,3,1.6090163934426158,0,0,0,1,0,1,0,0,0,1,1,0,0,0
5639-NTUPK,0,0,1,1,1,0,0,0,0,0,13,52.1,670.65,1,0.5115384615384642,0,1,0,0,0,0,0,0,0,0,1,0,0,0
8780-YRMTT,0,0,0,1,1,1,1,1,0,0,66,47.4,3177.25,4,0.740151515151517,0,0,0,1,1,0,0,0,0,1,0,0,1,0
5140-FOMCQ,0,1,0,1,1,1,1,0,1,1,59,109.15,6557.75,3,1.998305084745752,0,0,0,1,0,1,1,0,1,0,1,0,0,0
6242-SGYTS,0,1,1,1,1,1,0,0,1,0,62,94.95,5791.85,2,1.5330645161290306,0,0,0,1,0,1,1,0,1,0,1,0,0,0
8166-ORCHU,1,1,0,1,1,1,0,1,0,1,33,93.55,3055.5,3,0.9590909090909037,0,0,1,0,0,0,1,0,1,0,0,1,0,0
8414-OOEEL,0,0,1,1,0,1,1,1,1,1,66,79.5,5196.1,3,0.7712121212121161,0,0,0,1,0,0,0,0,0,1,1,0,0,0
8454-AATJP,0,0,0,0,1,1,1,1,1,1,72,115.05,8405.0,4,1.6861111111111171,0,0,0,1,0,1,1,0,0,1,1,0,0,0
4531-AUZNK,0,1,1,1,1,0,0,1,1,0,51,95.15,5000.05,2,2.890196078431373,0,0,0,1,0,1,1,0,1,0,0,0,1,0
4191-XOVOM,0,0,0,0,0,1,0,1,1,1,63,105.4,6713.2,2,1.158730158730151,0,0,0,1,0,1,1,0,0,0,0,1,0,0
2150-OEGBV,0,0,0,0,0,0,0,0,0,0,27,20.1,562.6,0,0.7370370370370374,0,0,1,0,0,0,0,1,1,0,0,0,0,0
1855-CFULU,1,0,0,0,0,0,0,0,0,0,4,20.05,91.45,0,2.8125,0,0,0,0,0,0,0,1,0,0,0,0,1,0
4878-BUNFV,0,1,1,0,0,0,0,0,0,0,42,20.7,828.85,0,0.9654761904761884,0,0,1,0,0,0,0,1,0,1,0,0,1,0
1872-EBWSC,0,0,0,0,0,0,0,0,0,0,29,20.35,617.35,0,0.9379310344827587,0,0,1,0,0,0,0,1,1,0,0,0,1,0
7026-YMSBE,0,0,0,0,0,0,0,0,0,0,30,19.7,625.05,0,1.134999999999998,0,0,1,0,0,0,0,1,1,0,0,0,1,0
6997-UVGOX,0,1,1,0,1,1,1,1,1,1,71,85.45,6029.9,4,0.5218309859154999,0,0,0,1,0,0,0,0,0,1,0,0,0,0
9674-EHPPG,0,1,0,0,1,0,1,1,0,0,46,40.4,1842.7,3,0.34130434782608177,0,0,1,0,1,0,0,0,0,1,1,0,0,0
5440-VHLUL,0,0,0,1,0,1,0,1,1,1,69,105.2,7386.05,2,1.8442028985507193,0,0,0,1,0,1,1,0,1,0,0,0,0,0
5781-BKHOP,0,1,0,0,1,1,1,0,1,0,72,100.65,7334.05,3,1.2118055555555571,0,0,0,1,0,1,1,0,0,1,0,0,0,0
5213-TWWJU,0,0,0,0,0,0,1,1,0,1,28,91.0,2626.15,2,2.7910714285714278,0,0,1,0,0,0,1,0,0,0,0,1,0,0
8628-MFKAX,1,1,0,1,1,1,1,1,1,1,72,116.75,8277.05,4,1.790972222222237,0,0,0,1,0,1,1,0,0,1,1,0,0,0
7629-WIXZF,0,0,0,1,1,0,0,0,0,1,7,59.1,369.25,1,6.350000000000001,1,0,0,0,0,0,0,0,1,0,0,1,0,0
5445-GLVOT,0,0,0,1,1,0,0,0,0,0,22,49.8,1049.05,1,2.115909090909092,0,1,0,0,0,0,0,0,0,0,0,1,0,0
3976-HXHCE,0,0,0,0,0,0,0,0,0,0,72,19.3,1414.8,0,0.34999999999999787,0,0,0,1,0,0,0,1,0,1,0,0,0,0
2466-NEJOJ,0,1,1,0,0,0,0,0,0,0,8,19.65,169.75,0,1.5687500000000014,1,0,0,0,0,0,0,1,0,0,1,0,0,0
0254-KCJGT,0,1,0,1,1,1,1,1,0,1,52,81.4,4354.45,4,2.339423076923069,0,0,0,1,0,1,0,0,1,0,1,0,0,0
5472-CVMDX,0,0,0,0,1,0,1,1,0,0,68,38.9,2719.2,3,1.088235294117645,0,0,0,1,1,0,0,0,0,1,0,0,1,0
6461-SZMCV,0,1,0,0,1,1,1,1,1,1,71,87.95,6365.35,4,1.702816901408454,0,0,0,1,0,1,0,0,0,1,0,0,0,0
8150-QUDFX,0,0,0,0,0,0,0,0,0,0,2,19.85,51.6,0,5.949999999999999,0,0,0,0,0,0,0,1,0,0,0,0,1,0
9508-ILZDG,1,0,0,1,0,1,0,1,1,0,34,96.35,3190.25,2,2.5191176470588204,0,0,1,0,0,1,1,0,0,0,0,1,0,0
2346-DJQTB,0,0,0,0,0,0,0,0,0,0,35,24.15,812.5,0,0.9357142857142833,0,0,1,0,1,0,0,0,0,0,0,1,0,0
1697-LYYYX,0,1,1,0,0,0,0,0,0,0,61,19.1,1143.8,0,0.34918032786885433,0,0,0,1,0,0,0,1,1,0,1,0,0,0
1942-OQFRW,0,0,0,0,0,0,0,0,0,0,1,44.0,44.0,0,0.0,0,0,0,0,0,0,0,0,0,0,0,1,0,0
9640-ZSLDC,0,1,1,0,0,0,1,0,0,1,53,60.6,3297.0,1,1.607547169811319,0,0,0,1,0,0,0,0,1,0,1,0,0,0
4231-LZUYM,0,1,0,0,0,0,0,0,0,0,72,25.65,1887.0,0,0.5583333333333336,0,0,0,1,0,1,0,1,0,1,0,0,0,0
6128-AQBMT,1,1,0,1,0,1,1,0,1,1,41,53.95,2215.4,2,0.08414634146341626,0,0,1,0,1,0,0,0,0,0,0,1,0,0
3594-BDSOA,0,1,0,0,0,0,0,0,0,0,24,20.4,482.8,0,0.28333333333333144,0,1,0,0,0,0,0,1,1,0,1,0,0,0
5133-VRSAB,0,0,0,0,1,0,0,0,0,0,8,29.35,216.45,1,2.293750000000003,1,0,0,0,1,0,0,0,0,0,0,0,1,0
5996-DAOQL,0,0,0,1,0,0,0,0,0,0,1,20.45,20.45,0,0.0,0,0,0,0,0,0,0,1,0,0,0,0,1,0
6838-YAUVY,0,0,0,1,0,0,1,1,0,1,54,95.1,5064.85,2,1.3064814814814696,0,0,0,1,0,1,1,0,0,1,0,0,0,0
0484-JPBRU,0,0,0,1,0,0,0,0,0,0,41,25.25,996.45,0,0.9463414634146332,0,0,1,0,0,1,0,1,0,0,0,0,0,0
7883-ROJOC,0,1,0,0,0,0,0,0,0,0,19,44.9,839.65,0,0.7078947368421069,0,1,0,0,0,0,0,0,0,0,0,0,1,0
0244-LGNFY,0,1,1,0,1,1,1,1,1,1,72,92.65,6733.0,4,0.86388888888888,0,0,0,1,0,1,0,0,0,1,0,0,0,0
7274-CGTOD,0,0,0,1,1,1,1,1,0,0,62,43.7,2618.3,4,1.4693548387096769,0,0,0,1,1,0,0,0,0,1,0,0,0,0
4295-YURET,1,1,1,1,1,0,0,1,1,1,56,72.6,4084.35,2,0.3348214285714306,0,0,0,1,0,0,0,0,0,1,1,0,0,0
4635-EJYPD,0,1,1,0,0,0,0,0,0,0,32,18.95,613.95,0,0.23593750000000213,0,0,1,0,0,0,0,1,0,1,0,0,1,0
1866-ZSLJM,0,0,0,0,0,0,0,0,0,0,21,20.5,402.85,0,1.3166666666666664,0,1,0,0,0,0,0,1,0,0,1,0,0,0
4636-TVXVG,0,1,1,0,0,0,0,0,0,0,62,19.95,1244.8,0,0.12741935483871103,0,0,0,1,0,0,0,1,1,0,0,0,0,0
4236-UJPWO,0,0,0,0,0,0,0,0,0,0,2,24.5,46.4,0,1.3000000000000007,0,0,0,0,1,0,0,0,0,0,0,1,0,0
9392-XBGTD,0,0,1,0,0,0,0,0,0,0,27,20.6,581.85,0,0.9499999999999993,0,0,1,0,0,0,0,1,0,1,0,0,1,0
6402-SSEJG,0,0,0,0,1,1,1,0,1,1,25,61.05,1540.2,3,0.5580000000000069,0,0,1,0,1,0,0,0,1,0,0,1,0,0
1169-SAOCL,0,0,0,1,0,1,0,1,1,1,49,106.65,5168.1,2,1.1785714285714306,0,0,0,1,0,1,1,0,1,0,0,0,0,0
1110-KYLGQ,0,0,0,0,1,1,1,0,1,1,63,108.25,6780.1,3,0.6293650793650727,0,0,0,1,0,1,1,0,0,0,1,0,0,0
9929-PLVPA,0,0,1,0,0,0,0,0,0,0,4,20.4,94.5,0,3.2250000000000014,0,0,0,0,0,0,0,1,0,0,1,0,0,0
3518-PZXZQ,0,1,0,1,0,0,0,0,1,0,1,55.3,55.3,0,0.0,0,0,0,0,0,0,0,0,0,0,0,0,1,0
2371-JUNGC,0,0,0,0,0,0,0,0,0,0,11,20.25,208.0,0,1.34090909090909,1,0,0,0,0,0,0,1,0,0,0,0,1,0
7693-QPEFS,1,0,0,1,0,0,0,0,0,0,52,72.95,3829.75,0,0.6990384615384642,0,0,0,1,0,1,1,0,0,0,0,0,0,0
0924-BJCRC,1,1,0,0,0,1,0,0,0,1,60,89.45,5294.6,1,1.2066666666666634,0,0,0,1,0,1,1,0,0,0,0,1,0,0
5074-FBGHB,0,0,0,1,0,0,1,1,1,1,64,104.65,6889.8,2,3.003124999999997,0,0,0,1,0,1,1,0,1,0,1,0,0,0
2351-BKRZW,0,1,1,0,1,0,1,0,1,1,43,75.2,3254.35,2,0.4825581395348735,0,0,1,0,0,0,0,0,0,1,0,0,0,0
4455-BFSPD,0,1,0,0,0,0,0,1,1,1,61,101.15,6383.9,1,3.504098360655732,0,0,0,1,0,1,1,0,1,0,0,0,0,0
3948-KXDUF,0,0,0,0,1,1,1,1,0,0,66,68.75,4447.55,4,1.3628787878787847,0,0,0,1,0,1,0,0,0,1,0,0,0,0
2323-ARSVR,0,1,0,1,1,1,1,1,1,1,67,111.05,7321.05,4,1.7805970149253625,0,0,0,1,0,0,1,0,0,1,0,1,0,0
0815-MFZGM,0,1,0,1,0,0,1,1,1,1,42,99.0,4135.0,2,0.547619047619051,0,0,1,0,0,0,1,0,0,1,1,0,0,0
5480-XTFFL,0,1,1,0,0,0,0,0,0,0,31,21.0,697.7,0,1.506451612903227,0,0,1,0,0,0,0,1,0,1,0,0,1,0
8295-FHIVV,0,0,0,1,0,0,0,0,0,0,7,19.4,168.65,0,4.692857142857147,1,0,0,0,0,0,0,1,0,0,0,0,1,0
9086-YJYXS,0,1,1,0,0,0,1,0,1,1,34,77.2,2753.8,1,3.794117647058826,0,0,1,0,0,1,0,0,1,0,0,0,0,0
1179-INLAT,0,0,0,1,0,0,0,0,0,0,3,19.45,69.25,0,3.633333333333333,0,0,0,0,0,0,0,1,1,0,0,0,1,0
7909-FIOIY,0,1,1,1,0,0,0,0,0,0,19,24.85,434.8,0,1.965789473684211,0,1,0,0,1,0,0,0,0,0,0,0,1,0
6351-SCJKT,0,0,0,0,1,0,1,1,0,0,3,41.35,107.25,3,5.600000000000001,0,0,0,0,1,0,0,0,0,0,0,0,1,0
5468-BPMMO,0,1,0,0,0,0,0,0,0,0,46,19.6,851.2,0,1.0956521739130451,0,0,1,0,0,0,0,1,0,0,0,1,0,0
0197-PNKNK,0,1,1,0,1,0,1,0,0,0,69,84.45,5848.6,2,0.3123188405797066,0,0,0,1,0,1,1,0,1,0,0,0,0,0
2439-QKJUL,0,0,0,0,0,0,0,0,0,0,5,20.25,109.8,0,1.7100000000000009,0,0,0,0,0,0,0,1,0,0,0,0,1,0
1194-SPVSP,0,0,0,0,0,0,0,0,0,0,1,19.65,19.65,0,0.0,0,0,0,0,0,0,0,1,0,0,0,0,0,0
9534-NSXEM,0,0,0,1,0,0,0,0,0,0,26,20.65,595.5,0,2.2538461538461547,0,0,1,0,0,0,0,1,1,0,1,0,0,0
8929-KSWIH,0,0,0,0,0,0,1,1,1,1,25,99.3,2513.5,2,1.240000000000009,0,0,1,0,0,0,1,0,0,1,0,0,0,0
2250-IVBWA,0,1,1,0,1,1,0,0,0,0,64,81.05,5135.35,2,0.8101562499999915,0,0,0,1,0,0,1,0,0,0,0,1,0,0
1810-MVMAI,0,1,1,0,1,1,1,1,0,0,30,67.6,2000.2,4,0.9266666666666623,0,0,1,0,0,1,0,0,0,0,0,1,0,0
9506-UXUSK,0,0,0,1,0,0,0,0,0,0,13,70.15,931.75,0,1.5230769230769141,0,1,0,0,0,0,1,0,0,0,0,1,0,0
1229-RCALF,0,1,0,1,1,1,1,1,1,1,64,115.0,7396.15,4,0.5648437499999943,0,0,0,1,0,1,1,0,1,0,0,1,0,0
3572-UOLYZ,0,0,1,1,0,0,1,1,0,0,46,84.8,3958.85,2,1.2619565217391369,0,0,1,0,0,1,1,0,0,0,0,0,0,0
1429-UYJSV,0,0,0,0,0,0,0,0,0,0,12,19.7,260.9,0,2.0416666666666643,1,0,0,0,0,0,0,1,1,0,0,0,1,0
6366-XIVKZ,0,1,1,1,1,0,1,0,0,1,13,63.15,816.8,2,0.31923076923077076,0,1,0,0,0,0,0,0,0,0,0,0,1,0
3470-OBUET,0,1,1,0,1,1,0,1,1,0,67,74.0,4868.4,3,1.3373134328358276,0,0,0,1,0,1,0,0,0,1,1,0,0,0
2770-NSVDG,0,1,0,0,0,0,1,0,0,0,24,29.1,688.0,1,0.43333333333333357,0,1,0,0,1,0,0,0,0,0,0,1,0,0
9375-MHRRS,0,0,0,0,0,0,0,1,0,0,6,50.05,288.35,1,1.99166666666666,0,0,0,0,0,0,0,0,0,0,0,0,1,0
4860-YZGZM,0,0,0,0,0,0,0,0,0,0,10,20.0,185.4,0,1.4600000000000009,1,0,0,0,0,0,0,1,0,0,0,1,0,0
6599-GZWCM,0,0,0,1,0,1,0,0,0,0,13,74.65,966.25,1,0.3230769230769255,0,1,0,0,0,0,1,0,1,0,0,0,1,0
5533-NHFRF,1,0,0,1,0,1,0,1,0,1,7,44.4,265.8,2,6.4285714285714235,1,0,0,0,1,0,0,0,0,0,0,1,0,0
7037-MTYVW,0,1,1,1,1,0,1,1,1,1,38,85.4,3297.0,3,1.3631578947368297,0,0,1,0,0,1,0,0,0,1,0,0,0,0
4760-THGOT,0,1,0,1,1,1,0,0,0,1,43,94.1,4107.3,2,1.418604651162795,0,0,1,0,0,1,1,0,0,0,0,1,0,0
4016-BJKTZ,0,0,0,0,0,1,1,1,1,1,25,108.9,2809.05,3,3.4620000000000033,0,0,1,0,0,1,1,0,0,1,0,1,0,0
6584-VQMYT,0,0,1,0,1,1,0,0,0,0,27,56.2,1567.55,2,1.8574074074074005,0,0,1,0,0,0,0,0,1,0,0,0,1,0
9838-BFCQT,0,1,1,0,0,0,0,0,0,0,72,26.1,1851.45,0,0.38541666666666785,0,0,0,1,0,1,0,1,0,1,0,0,1,0
2790-XUYMV,0,0,1,1,1,1,0,0,0,0,71,85.45,6028.95,2,0.5352112676056322,0,0,0,1,0,1,1,0,1,0,1,0,0,0
0581-MDMPW,0,0,0,1,0,0,1,0,1,0,24,88.95,2072.75,1,2.5854166666666742,0,1,0,0,0,1,1,0,0,0,1,0,0,0
1023-BQXZE,0,0,0,1,1,0,1,0,1,1,57,74.35,4317.35,2,1.3929824561403592,0,0,0,1,0,0,0,0,0,1,0,0,0,0
9163-GHAYE,0,0,0,0,0,1,0,0,0,0,15,48.85,736.8,1,0.269999999999996,0,1,0,0,0,0,0,0,0,0,0,1,0,0
3904-UKFRE,0,0,0,1,1,0,0,0,0,0,4,80.1,336.15,1,3.9375,0,0,0,0,0,1,1,0,0,0,0,1,0,0
5353-WILCI,0,0,0,0,1,1,0,0,0,0,28,56.05,1522.65,2,1.669642857142854,0,0,1,0,0,0,0,0,0,0,0,1,0,0
0058-EVZWM,0,1,0,1,1,0,0,0,1,0,55,89.8,4959.6,1,0.37454545454546917,0,0,0,1,0,1,1,0,0,0,0,0,0,0
7009-PCARS,0,0,1,0,0,0,0,0,0,0,55,19.1,1001.5,0,0.8909090909090907,0,0,0,1,0,0,0,1,1,0,0,0,0,0
0519-DRGTI,0,1,1,0,0,0,0,0,0,0,20,20.35,442.6,0,1.7800000000000011,0,1,0,0,0,0,0,1,0,0,0,0,1,0
1017-FBQMM,0,1,1,1,0,1,0,1,1,1,62,106.05,6703.5,2,2.0709677419354904,0,0,0,1,0,1,1,0,1,0,1,0,0,0
1985-MBRYP,0,0,0,1,0,0,0,0,0,0,43,19.65,779.25,0,1.527906976744184,0,0,1,0,0,0,0,1,0,1,0,0,0,0
9372-TXXPS,0,1,0,0,1,1,0,1,0,0,60,59.85,3483.45,3,1.792500000000004,0,0,0,1,0,0,0,0,0,1,0,0,0,0
3259-QMXUN,0,1,0,1,1,1,1,0,1,1,58,86.1,4890.5,3,1.7810344827586135,0,0,0,1,0,1,0,0,0,1,0,1,0,0
1015-JPFYW,0,0,1,0,0,0,0,0,0,0,7,19.45,136.75,0,0.08571428571428541,1,0,0,0,0,0,0,1,1,0,0,0,1,0
6645-MXQJT,0,1,1,0,1,0,0,0,1,1,2,97.1,184.15,1,5.0249999999999915,0,0,0,0,0,0,1,0,0,0,0,1,0,0
4360-QRAVE,1,0,0,0,0,1,1,0,0,0,37,36.65,1315.0,2,1.1094594594594582,0,0,1,0,1,0,0,0,0,0,0,1,0,0
8433-WPJTV,1,1,1,1,0,0,1,1,1,1,65,103.9,6767.1,2,0.20923076923077133,0,0,0,1,0,1,1,0,1,0,0,0,0,0
5804-JMYIO,0,1,1,0,0,0,0,0,0,0,39,19.75,757.95,0,0.3153846153846125,0,0,1,0,0,0,0,1,0,1,0,0,1,0
6484-LATFU,0,0,0,0,0,0,0,0,0,0,68,24.55,1657.4,0,0.1764705882352935,0,0,0,1,0,1,0,1,0,1,0,0,1,0
7599-NTMDP,0,1,1,0,1,1,0,1,1,0,62,48.7,3008.55,3,0.17499999999999716,0,0,0,1,1,0,0,0,0,1,0,0,0,0
0536-ACXIP,0,1,0,1,1,1,1,0,1,1,72,109.55,8165.1,3,3.8541666666666714,0,0,0,1,0,1,1,0,0,1,0,1,0,0
0936-NQLJU,0,1,0,0,0,0,0,0,0,0,41,20.65,875.55,0,0.7048780487804898,0,0,1,0,0,0,0,1,0,1,1,0,0,0
1575-KRZZE,0,0,0,0,1,1,0,0,0,0,4,55.2,220.65,2,0.03750000000000142,0,0,0,0,0,0,0,0,0,0,0,1,0,0
3251-YMVWZ,0,0,0,0,0,0,0,0,0,0,53,24.05,1301.9,0,0.5141509433962277,0,0,0,1,0,1,0,1,1,0,0,0,0,0
4884-LEVMQ,0,1,0,1,0,0,0,0,0,0,39,20.45,790.0,0,0.1935897435897438,0,0,1,0,0,0,0,1,0,1,0,0,0,0
8857-CUPFQ,0,1,0,0,0,0,0,0,0,0,63,19.25,1237.65,0,0.3952380952380956,0,0,0,1,0,0,0,1,0,1,0,0,1,0
7610-TVOPG,0,0,0,1,0,0,0,0,0,0,15,26.35,378.6,0,1.1099999999999994,0,1,0,0,0,1,0,1,0,0,0,1,0,0
3638-DIMPH,0,1,0,0,0,0,0,0,0,0,13,43.8,592.65,0,1.78846153846154,0,1,0,0,0,0,0,0,1,0,0,1,0,0
1845-ZLLIG,0,0,0,1,0,1,0,0,0,0,1,50.15,50.15,1,0.0,0,0,0,0,0,0,0,0,0,0,0,0,1,0
8559-WNQZS,0,0,0,0,0,0,0,0,0,0,1,20.45,20.45,0,0.0,0,0,0,0,0,0,0,1,0,1,0,0,1,0
1699-UOTXU,0,0,0,0,1,1,1,0,0,0,60,61.4,3638.25,3,0.7624999999999957,0,0,0,1,0,0,0,0,0,1,0,1,0,0
0635-WKOLD,0,1,0,0,0,1,0,1,1,0,40,70.75,2921.75,2,2.293750000000003,0,0,1,0,0,1,0,0,1,0,1,0,0,0
5993-JSUWV,0,0,0,1,1,1,1,0,0,0,66,61.15,4017.45,3,0.2795454545454561,0,0,0,1,0,0,0,0,0,1,0,0,0,0
4518-FZBSX,0,1,1,0,0,0,0,0,0,0,42,20.25,854.9,0,0.10476190476190439,0,0,1,0,0,0,0,1,1,0,0,0,1,0
5387-ASZNZ,1,0,0,1,1,1,0,1,0,0,66,63.85,4174.35,3,0.6022727272727266,0,0,0,1,0,1,0,0,1,0,1,0,0,0
6988-CJEYV,0,0,0,0,0,1,0,0,1,1,49,98.7,4920.55,1,1.7193877551020478,0,0,0,1,0,1,1,0,0,0,0,1,0,0
3097-FQTVJ,0,0,0,0,0,0,0,0,0,0,41,20.0,810.3,0,0.23658536585366008,0,0,1,0,0,0,0,1,0,1,0,0,1,0
5465-BUBFA,0,1,1,0,0,0,0,0,0,0,41,19.3,772.4,0,0.4609756097560975,0,0,1,0,0,0,0,1,0,1,0,0,0,0
7299-GNVPL,0,1,1,0,1,1,0,1,0,0,23,84.4,1936.85,3,0.18913043478261216,0,1,0,0,0,0,1,0,0,0,0,0,1,0
9743-DQKQW,0,0,0,0,0,0,0,0,0,0,3,25.1,79.8,0,1.4999999999999964,0,0,0,0,1,0,0,0,0,0,0,1,0,0
1215-VFYVK,0,0,0,0,1,0,1,1,0,1,4,48.25,202.25,3,2.3125,0,0,0,0,1,0,0,0,0,0,0,0,1,0
9371-BITHB,0,1,1,0,0,0,0,0,0,0,52,19.85,1070.5,0,0.7365384615384585,0,0,0,1,0,0,0,1,0,1,0,0,1,0
9093-FPDLG,0,0,0,1,0,1,1,1,0,1,11,94.2,999.9,3,3.3000000000000114,1,0,0,0,0,0,1,0,0,0,0,1,0,0
0541-FITGH,0,1,0,1,1,0,0,0,0,1,2,62.15,113.1,1,5.600000000000001,0,0,0,0,0,0,0,0,0,0,0,0,1,0
6985-HAYWX,0,1,0,0,0,1,0,0,0,0,26,79.3,2015.8,1,1.7692307692307736,0,0,1,0,0,1,1,0,0,0,0,0,0,0
7508-KBIMB,0,1,1,1,1,0,1,0,0,0,24,56.25,1454.25,2,4.34375,0,1,0,0,0,0,0,0,1,0,1,0,0,0
6838-HVLXG,0,0,0,0,0,0,0,0,0,0,12,20.3,246.7,0,0.25833333333333286,1,0,0,0,0,0,0,1,0,0,0,0,1,0
2277-DJJDL,1,1,0,1,0,0,0,1,1,1,60,99.0,6017.9,1,1.298333333333332,0,0,0,1,0,1,1,0,0,0,0,1,0,0
1897-OKVMW,0,1,1,1,1,1,1,1,1,1,64,90.6,5817.45,4,0.29765625000000284,0,0,0,1,0,1,0,0,0,1,0,0,1,0
5485-ITNPC,0,1,0,1,1,1,1,1,1,1,66,85.9,5595.3,4,1.1227272727272748,0,0,0,1,0,0,0,0,0,1,0,0,0,0
0233-FTHAV,0,0,0,1,0,0,1,0,0,0,60,79.2,4765.0,1,0.21666666666666856,0,0,0,1,0,1,1,0,1,0,0,0,0,0
4644-PIZRT,0,1,1,1,1,0,1,0,1,0,17,70.35,1201.65,2,0.3352941176470665,0,1,0,0,0,1,0,0,1,0,0,0,0,0
8922-NPKBJ,0,1,1,0,0,0,0,0,0,0,42,19.35,867.3,0,1.2999999999999972,0,0,1,0,0,0,0,1,0,1,0,0,1,0
2740-TVLFN,0,0,0,1,0,0,0,0,0,0,1,50.15,50.15,0,0.0,0,0,0,0,0,1,0,0,0,0,0,1,0,0
7771-CFQRQ,0,1,1,0,0,1,0,1,0,1,47,63.8,3007.25,2,0.18404255319148888,0,0,1,0,0,0,0,0,0,1,0,0,0,0
9512-PHSMG,0,1,0,1,0,0,0,0,0,0,10,20.55,252.75,0,4.724999999999998,1,0,0,0,0,0,0,1,0,0,0,0,1,0
6963-EZQEE,1,1,0,1,1,1,1,1,1,1,70,88.55,6306.5,4,1.5428571428571445,0,0,0,1,0,1,0,0,0,1,1,0,0,0
2452-KDRRH,1,0,0,1,0,0,1,0,1,1,67,101.4,6841.05,1,0.7052238805970177,0,0,0,1,0,1,1,0,0,0,1,0,0,0
4146-SVFUD,0,0,0,0,0,0,0,0,0,0,1,44.6,44.6,0,0.0,0,0,0,0,0,0,0,0,0,0,0,0,1,0
1564-HJUVY,0,0,0,1,0,1,0,1,1,0,4,63.75,226.2,2,7.200000000000003,0,0,0,0,0,0,0,0,0,0,0,0,0,0
3617-XLSGQ,0,1,1,0,1,1,1,0,1,1,66,109.25,7082.5,3,1.9393939393939377,0,0,0,1,0,1,1,0,0,1,0,0,0,0
7517-LDMPS,0,0,0,1,0,1,0,0,0,1,12,84.6,1017.35,1,0.17916666666667425,1,0,0,0,0,0,1,0,0,0,0,1,0,0
7244-KXYZN,0,0,0,0,0,0,0,0,0,0,24,20.45,527.35,0,1.5229166666666671,0,1,0,0,0,0,0,1,1,0,1,0,0,0
5226-NOZFC,0,0,0,1,0,1,0,0,1,0,26,85.75,2146.5,1,3.1923076923076934,0,0,1,0,0,0,1,0,0,0,0,1,0,0
1400-WIVLL,0,1,0,0,0,0,1,1,1,1,57,107.95,5969.85,2,3.215789473684211,0,0,0,1,0,1,1,0,0,1,0,1,0,0
8148-NLEGT,0,1,1,0,0,0,0,0,0,0,42,22.95,1014.25,0,1.1988095238095262,0,0,1,0,0,1,0,1,0,1,0,1,0,0
8347-GDTMP,0,1,0,0,0,0,0,0,0,0,64,19.45,1225.65,0,0.29921874999999787,0,0,0,1,0,0,0,1,0,1,1,0,0,0
6746-WAUWT,0,0,0,1,0,0,0,0,0,0,19,19.7,386.5,0,0.6421052631578945,0,1,0,0,0,0,0,1,1,0,1,0,0,0
0428-IKYCP,0,1,0,1,0,0,1,0,1,0,22,87.0,1850.65,1,2.8795454545454504,0,1,0,0,0,0,1,0,0,0,0,0,0,0
2187-PKZAY,0,0,0,1,0,0,0,0,0,1,12,79.95,1043.4,0,7.0,1,0,0,0,0,0,1,0,0,0,0,0,0,0
4003-OCTMP,0,1,0,1,1,0,0,1,0,1,31,64.0,1910.75,2,2.3629032258064484,0,0,1,0,0,0,0,0,1,0,0,1,0,0
6652-YFFJO,0,0,0,1,0,0,0,0,1,1,11,64.9,716.1,0,0.20000000000000284,1,0,0,0,0,0,0,0,0,0,0,1,0,0
7225-IILWY,0,1,1,0,0,0,0,0,0,0,68,25.75,1686.15,0,0.9536764705882348,0,0,0,1,0,1,0,1,0,1,0,0,1,0
5248-RPYWW,1,1,1,1,1,1,1,1,1,1,72,90.15,6716.45,4,3.1340277777777743,0,0,0,1,0,1,0,0,0,1,0,0,0,0
7923-IYJWY,1,0,0,1,1,1,1,1,1,1,67,116.1,7839.85,4,0.9126865671641866,0,0,0,1,0,1,1,0,0,1,1,0,0,0
3170-GWYKC,0,0,0,1,1,0,1,1,1,1,60,104.95,6236.75,3,1.0041666666666629,0,0,0,1,0,0,1,0,0,0,0,0,0,0
9830-ECLEN,0,1,1,0,1,1,1,0,1,0,58,50.0,2919.85,3,0.3422413793103445,0,0,0,1,1,0,0,0,1,0,0,0,1,0
2668-TZSPS,0,0,0,0,0,0,0,0,0,0,1,20.45,20.45,0,0.0,0,0,0,0,0,0,0,1,0,0,0,0,1,0
7446-SFAOA,0,1,0,1,0,0,0,0,0,0,37,19.85,717.5,0,0.4581081081081102,0,0,1,0,0,0,0,1,1,0,0,0,0,0
9522-ZSINC,0,0,0,1,0,0,0,0,0,0,13,19.95,253.8,0,0.4269230769230745,0,1,0,0,0,0,0,1,1,0,0,1,0,0
8234-GSZYK,0,0,0,0,0,0,0,0,0,0,43,26.45,1110.05,0,0.6348837209302332,0,0,1,0,0,1,0,1,0,1,0,0,0,0
6505-OZNPG,0,0,0,1,1,1,1,1,1,1,6,63.4,348.8,4,5.266666666666666,0,0,0,0,1,0,0,0,0,1,0,0,1,0
6164-HAQTX,0,0,0,0,1,1,1,1,1,0,71,53.95,3888.65,4,0.8197183098591552,0,0,0,1,1,0,0,0,0,1,0,0,0,0
7765-LWVVH,0,1,1,1,1,1,0,0,1,0,72,95.1,6843.15,2,0.056250000000005684,0,0,0,1,0,1,1,0,0,1,0,1,0,0
1658-TJVOA,1,0,0,1,1,0,0,0,0,0,6,74.1,450.9,1,1.0499999999999972,0,0,0,0,0,0,1,0,0,0,0,1,0,0
0953-LGOVU,0,1,1,0,0,1,0,1,0,0,12,35.5,432.25,2,0.5208333333333357,1,0,0,0,1,0,0,0,0,0,0,0,1,0
4692-NNQRU,0,1,0,0,0,0,1,1,0,0,21,79.2,1742.45,2,3.7738095238095184,0,1,0,0,0,0,1,0,1,0,0,1,0,0
7742-MYPGI,0,1,1,1,0,0,0,1,0,0,6,48.8,297.35,1,0.75833333333334,0,0,0,0,0,0,0,0,0,0,0,0,1,0
9619-GSATL,0,0,0,0,0,1,0,1,0,0,43,55.45,2444.25,2,1.3930232558139508,0,0,1,0,0,0,0,0,1,0,0,1,0,0
5622-UEJFI,0,1,1,1,0,0,0,0,0,0,35,25.4,949.8,0,1.7371428571428567,0,0,1,0,0,1,0,1,0,1,1,0,0,0
0674-DGMAQ,1,1,0,1,0,1,1,0,0,1,32,93.5,2970.8,2,0.6624999999999943,0,0,1,0,0,1,1,0,0,0,0,1,0,0
6203-HBZPA,0,0,0,0,1,1,1,1,1,1,52,63.9,3334.95,4,0.23365384615384954,0,0,0,1,1,0,0,0,0,1,1,0,0,0
0484-FFVBJ,0,0,0,1,0,0,0,0,1,1,32,64.85,2010.95,0,2.007812499999993,0,0,1,0,0,0,0,0,1,0,0,0,0,0
0301-FIDRB,0,1,1,1,1,1,1,1,1,1,72,63.8,4684.3,4,1.2597222222222229,0,0,0,1,1,0,0,0,0,1,0,0,0,0
4139-JPIAM,0,0,0,1,1,0,0,1,0,1,51,44.45,2181.55,2,1.6745098039215662,0,0,0,1,1,0,0,0,0,0,1,0,0,0
2181-TIDSV,0,1,1,1,0,0,0,0,0,0,68,19.95,1303.25,0,0.7845588235294123,0,0,0,1,0,0,0,1,0,1,0,0,0,0
2761-XECQW,1,1,0,1,0,1,1,0,0,1,8,43.35,371.4,2,3.0749999999999957,1,0,0,0,1,0,0,0,0,0,0,0,1,0
1936-CZAKF,0,1,0,0,0,1,0,0,1,1,49,49.65,2409.9,1,0.4683673469387699,0,0,0,1,1,0,0,0,0,1,1,0,0,0
9453-PATOS,0,1,0,0,1,1,1,1,1,1,72,85.1,6155.4,4,0.3916666666666657,0,0,0,1,0,0,0,0,0,1,0,0,1,0
4402-FTBXC,0,0,0,0,1,0,1,0,1,0,54,89.8,4667.0,2,3.3740740740740733,0,0,0,1,0,0,1,0,0,0,0,0,1,0
2931-XIQBR,0,1,1,0,0,0,1,1,1,1,50,103.05,5153.5,2,0.01999999999999602,0,0,0,1,0,0,1,0,1,0,0,0,1,0
0106-UGRDO,0,1,0,1,1,1,1,1,1,1,69,116.0,8182.85,4,2.5920289855072554,0,0,0,1,0,1,1,0,0,1,0,1,0,0
5542-TBBWB,0,0,0,1,0,0,0,0,0,0,1,69.9,69.9,0,0.0,0,0,0,0,0,0,1,0,0,0,0,1,0,0
1930-QPBVZ,0,1,1,0,1,1,0,1,0,1,68,95.1,6683.4,3,3.185294117647061,0,0,0,1,0,0,1,0,0,1,0,0,0,0
2606-PKWJB,0,0,1,0,1,1,0,1,0,0,40,40.25,1564.05,3,1.1487499999999997,0,0,1,0,1,0,0,0,1,0,0,0,1,0
5322-ZSMZY,0,1,1,0,0,0,0,0,0,0,31,25.75,755.6,0,1.3758064516129025,0,0,1,0,0,1,0,1,0,1,0,0,1,0
8059-UDZFY,1,0,1,1,0,1,1,0,1,1,33,105.35,3465.05,2,0.3484848484848442,0,0,1,0,0,1,1,0,0,0,0,0,0,0
7740-BTPUX,1,1,0,1,0,1,1,1,1,1,55,113.6,6292.7,3,0.8127272727272725,0,0,0,1,0,1,1,0,0,1,0,1,0,0
5220-AGAAX,0,1,1,1,0,0,0,0,0,0,68,24.0,1664.3,0,0.47499999999999787,0,0,0,1,0,1,0,1,0,1,0,0,0,0
0208-BPQEJ,0,1,1,0,0,0,0,0,0,0,12,19.4,198.1,0,2.8916666666666657,1,0,0,0,0,0,0,1,0,0,0,0,0,0
9435-JMLSX,0,1,0,1,1,1,1,1,1,1,71,86.1,6045.9,4,0.9464788732394425,0,0,0,1,0,0,0,0,0,1,0,0,0,0
3352-ALMCK,0,0,0,1,0,1,1,0,1,1,40,102.65,4108.15,2,0.053749999999979536,0,0,1,0,0,1,1,0,0,0,0,0,1,0
5312-IRCFR,0,1,1,1,0,1,1,0,0,1,64,92.85,5980.75,2,0.5992187500000057,0,0,0,1,0,1,1,0,1,0,0,1,0,0
5294-IMHHT,0,1,0,0,0,1,0,1,0,1,53,97.75,5043.2,2,2.5952830188679314,0,0,0,1,0,1,1,0,1,0,0,0,0,0
6176-YJWAS,0,1,0,1,1,1,1,0,1,0,72,97.95,7114.25,3,0.8590277777777686,0,0,0,1,0,1,1,0,0,1,1,0,0,0
5310-NOOVA,0,0,0,0,0,0,0,0,0,0,46,19.95,907.05,0,0.23152173913043583,0,0,1,0,0,0,0,1,0,1,0,1,0,0
4526-EXKKN,0,0,0,1,0,0,0,0,0,0,40,24.6,973.95,0,0.25124999999999886,0,0,1,0,0,1,0,1,0,1,0,0,1,0
5311-IHLEI,0,0,0,1,1,1,0,1,1,0,12,50.95,605.75,3,0.47083333333333854,1,0,0,0,1,0,0,0,0,0,0,0,0,0
3987-KQDDU,0,0,0,0,1,0,0,0,0,0,9,75.6,661.55,1,2.0944444444444485,1,0,0,0,0,0,1,0,0,0,0,1,0,0
3404-JNXAX,0,1,1,1,0,0,0,1,0,0,51,80.75,4116.9,1,0.026470588235298464,0,0,0,1,0,1,1,0,0,0,0,1,0,0
5131-PONJI,0,1,1,1,0,1,1,0,1,0,49,90.4,4494.65,2,1.3275510204081513,0,0,0,1,0,0,1,0,0,0,1,0,0,0
3489-VSFRD,0,0,0,1,1,0,1,1,0,0,56,60.25,3282.75,3,1.6294642857142847,0,0,0,1,0,0,0,0,1,0,1,0,0,0
3345-JHUEO,0,0,0,1,0,0,0,0,0,0,4,20.2,55.7,0,6.274999999999999,0,0,0,0,0,0,0,1,0,0,0,1,0,0
5815-HGGHV,0,1,0,1,1,0,0,1,0,1,20,64.15,1274.45,2,0.427500000000002,0,1,0,0,0,0,0,0,1,0,0,0,1,0
5260-UMPWX,0,1,1,1,0,0,0,0,0,0,26,20.25,493.95,0,1.2519230769230774,0,0,1,0,0,0,0,1,0,0,1,0,0,0
5649-RXQTV,0,0,0,1,0,1,1,0,1,1,51,99.0,5038.15,2,0.21274509803922115,0,0,0,1,0,0,1,0,0,0,0,1,0,0
2674-MIAHT,0,0,0,1,0,1,0,0,0,0,4,80.3,324.2,1,0.75,0,0,0,0,0,1,1,0,0,0,0,0,1,0
2576-HXMPA,0,0,0,0,0,0,0,0,0,0,1,19.55,19.55,0,0.0,0,0,0,0,0,0,0,1,0,0,1,0,0,0
7587-AOVVU,0,1,1,0,1,1,0,1,1,0,27,100.75,2793.55,3,2.7148148148148152,0,0,1,0,0,1,1,0,0,0,0,1,0,0
6898-MDLZW,0,0,0,1,0,1,0,1,0,0,12,53.75,648.65,2,0.30416666666666714,1,0,0,0,0,0,0,0,0,0,0,0,1,0
4707-YNOQA,0,1,1,1,0,0,0,0,0,0,34,25.6,917.15,0,1.3749999999999964,0,0,1,0,0,1,0,1,1,0,1,0,0,0
9357-UJRUN,0,1,0,1,1,0,0,1,0,0,24,58.35,1346.9,2,2.2291666666666643,0,1,0,0,0,1,0,0,1,0,0,1,0,0
8648-PFRMP,1,0,0,1,0,0,0,0,1,1,14,46.35,672.7,0,1.7000000000000028,0,1,0,0,1,0,0,0,0,0,0,1,0,0
7663-CUXZB,0,1,0,0,1,1,1,1,1,1,59,113.75,6561.25,4,2.5423728813559308,0,0,0,1,0,1,1,0,0,1,0,1,0,0
0258-NOKBL,0,0,0,0,0,1,1,0,0,1,3,90.4,268.45,2,0.9166666666666714,0,0,0,0,0,0,1,0,0,0,0,1,0,0
1163-VIPRI,0,1,1,0,1,0,1,1,1,1,65,109.3,7337.55,3,3.5853846153846263,0,0,0,1,0,1,1,0,0,1,0,1,0,0
9348-ROUAI,0,1,1,0,1,1,1,1,1,1,59,90.3,5194.05,4,2.265254237288133,0,0,0,1,0,1,0,0,0,1,1,0,0,0
9443-JUBUO,0,1,1,1,1,1,1,1,1,1,72,65.25,4478.85,4,3.0437499999999957,0,0,0,1,1,0,0,0,0,1,1,0,0,0
3043-TYBNO,0,0,0,0,0,0,0,1,0,1,3,60.65,196.9,1,4.983333333333341,0,0,0,0,0,0,0,0,0,0,0,0,1,0
4830-FAXFM,0,0,1,1,0,0,0,0,0,0,19,24.1,439.2,0,0.9842105263157919,0,1,0,0,0,1,0,1,0,0,1,0,0,0
5906-BFOZT,0,0,0,1,0,0,0,0,0,0,1,19.5,19.5,0,0.0,0,0,0,0,0,0,0,1,0,0,0,0,1,0
2960-NKRSO,0,0,0,1,0,1,1,1,0,0,24,85.95,2107.15,3,1.8479166666666629,0,1,0,0,0,0,1,0,0,0,0,1,0,0
8996-ZROXE,1,0,0,1,0,0,1,1,0,0,57,53.5,3035.8,2,0.24035087719298076,0,0,0,1,0,0,0,0,1,0,0,1,0,0
5598-IKHQQ,0,0,0,0,0,0,0,0,0,0,72,25.45,1866.45,0,0.47291666666666643,0,0,0,1,0,1,0,1,0,1,1,0,0,0
0397-ZXWQF,0,0,0,0,0,0,0,0,0,0,67,20.5,1430.95,0,0.857462686567164,0,0,0,1,0,0,0,1,0,1,0,0,0,0
5266-PFRQK,0,1,1,1,0,0,0,0,0,0,52,20.85,1071.6,0,0.2423076923076941,0,0,0,1,0,0,0,1,1,0,1,0,0,0
4674-HGNUA,0,1,1,0,1,1,1,1,1,1,71,89.9,6457.15,4,1.0457746478873133,0,0,0,1,0,1,0,0,0,1,1,0,0,0
6765-MBQNU,0,1,0,0,0,0,0,0,0,0,26,26.0,684.05,0,0.30961538461538396,0,0,1,0,0,1,0,1,1,0,0,0,1,0
9786-IJYDL,0,0,0,1,1,1,1,1,1,1,35,113.2,3914.05,4,1.3700000000000045,0,0,1,0,0,1,1,0,0,1,0,0,1,0
1303-SRDOK,0,1,1,1,0,0,0,0,0,0,55,69.05,3842.6,0,0.8154545454545428,0,0,0,1,0,0,1,0,0,1,1,0,0,0
3769-MHZNV,0,1,1,0,0,0,0,0,0,0,33,20.1,670.35,0,0.21363636363636118,0,0,1,0,0,0,0,1,0,1,0,0,1,0
6295-OSINB,0,1,0,1,1,1,1,0,1,1,72,109.65,7880.25,3,0.20208333333333428,0,0,0,1,0,1,1,0,0,1,0,1,0,0
3308-MHOOC,0,0,1,1,0,0,0,0,0,0,1,19.2,19.2,0,0.0,0,0,0,0,0,0,0,1,0,0,0,0,1,0
2207-QPJED,1,1,0,0,0,0,1,1,1,0,37,90.0,3371.75,2,1.1283783783783718,0,0,1,0,0,0,1,0,0,0,0,1,0,0
4177-JPDFU,0,0,0,0,0,1,0,1,0,0,12,34.0,442.45,2,2.87083333333333,1,0,0,0,1,0,0,0,0,0,0,0,1,0
2239-CFOUJ,0,1,1,0,0,0,0,0,0,0,1,20.4,20.4,0,0.0,0,0,0,0,0,0,0,1,1,0,0,0,1,0
8046-DNVTL,0,1,0,1,1,1,0,1,0,0,62,38.6,2345.55,3,0.7685483870967715,0,0,0,1,1,0,0,0,0,1,1,0,0,0
2209-XADXF,0,0,0,0,0,0,0,0,0,0,1,25.25,25.25,0,0.0,0,0,0,0,1,0,0,0,0,0,0,0,0,0
6620-JDYNW,0,0,0,1,1,0,1,0,0,0,18,60.6,1156.35,2,3.6416666666666586,0,1,0,0,0,1,0,0,0,0,0,0,1,0
4770-UEZOX,0,0,0,1,0,1,0,0,0,0,2,74.75,144.8,1,2.3499999999999943,0,0,0,0,0,0,1,0,0,0,0,1,0,0
1038-RQOST,0,1,1,0,0,0,0,0,0,0,19,20.6,414.95,0,1.2394736842105232,0,1,0,0,0,0,0,1,0,0,0,0,1,0
4568-TTZRT,0,0,0,0,0,0,0,0,0,0,9,20.4,181.8,0,0.19999999999999574,1,0,0,0,0,0,0,1,0,0,0,0,1,0
9513-DXHDA,0,0,0,0,1,0,1,1,1,1,27,81.7,2212.55,3,0.24629629629629335,0,0,1,0,0,0,0,0,1,0,0,1,0,0
0516-QREYC,1,0,0,1,0,0,0,0,0,0,24,20.3,459.95,0,1.1354166666666679,0,1,0,0,0,0,0,1,0,0,0,0,1,0
8084-OIVBS,0,0,0,0,0,0,0,0,0,0,11,20.0,211.95,0,0.7318181818181841,1,0,0,0,0,0,0,1,1,0,0,0,1,0
8896-BQTTI,0,0,0,1,0,0,0,0,0,0,1,25.0,25.0,0,0.0,0,0,0,0,0,1,0,1,0,0,0,0,1,0
3865-QBWSJ,1,0,1,1,1,0,0,0,0,0,38,80.45,3162.65,1,2.7776315789473642,0,0,1,0,0,1,1,0,0,0,0,0,1,0
3352-RICWQ,0,1,1,0,0,0,0,0,0,0,9,19.75,210.65,0,3.655555555555555,1,0,0,0,0,0,0,1,0,1,0,0,1,0
2160-GPFXD,0,1,1,1,1,1,0,1,0,0,54,65.65,3566.7,3,0.3999999999999915,0,0,0,1,0,1,0,0,0,1,1,0,0,0
2065-MMKGR,0,0,0,1,0,0,0,0,1,1,29,71.0,2080.1,0,0.7275862068965466,0,0,1,0,0,1,0,0,1,0,1,0,0,0
5857-TYBCJ,1,1,0,1,0,0,1,0,1,0,44,89.2,4040.2,1,2.6227272727272606,0,0,1,0,0,1,1,0,0,0,0,1,0,0
1498-NHTLT,0,1,1,1,1,1,1,1,1,1,59,86.75,5186.0,4,1.1483050847457577,0,0,0,1,0,0,0,0,0,1,0,1,0,0
1402-PTHGN,0,1,1,1,1,1,0,1,0,0,18,61.5,1087.45,3,1.0861111111111086,0,1,0,0,0,0,0,0,1,0,0,0,1,0
4176-RELJR,1,0,0,0,0,0,0,0,0,0,67,25.1,1672.15,0,0.14253731343283604,0,0,0,1,0,1,0,1,0,1,1,0,0,0
5199-FPUSP,0,0,1,0,1,0,0,1,0,0,33,34.05,1113.95,2,0.2939393939393895,0,0,1,0,1,0,0,0,1,0,1,0,0,0
6377-KSLXC,0,0,0,0,0,0,0,0,0,0,5,19.95,107.05,0,1.4600000000000009,0,0,0,0,0,0,0,1,0,0,0,0,1,0
1796-JANOW,0,0,0,0,0,0,0,0,0,0,2,19.95,38.15,0,0.875,0,0,0,0,0,0,0,1,0,0,0,0,1,0
0238-WHBIQ,0,1,1,0,1,1,1,1,1,1,72,89.7,6339.3,4,1.6541666666666686,0,0,0,1,0,1,0,0,0,1,1,0,0,0
8735-NBLWT,0,0,1,0,0,0,0,0,0,0,9,20.4,184.1,0,0.055555555555557135,1,0,0,0,0,0,0,1,0,0,0,0,1,0
6651-RLGGM,0,1,1,0,0,0,0,0,0,0,67,26.3,1688.9,0,1.0925373134328353,0,0,0,1,0,1,0,1,0,1,0,0,1,0
1614-JBEBI,0,0,0,1,0,0,0,0,0,0,8,20.7,137.6,0,3.5,1,0,0,0,0,0,0,1,0,0,0,0,1,0
5696-EXCYS,0,0,0,0,0,0,0,0,0,0,17,19.45,369.05,0,2.2588235294117673,0,1,0,0,0,0,0,1,0,1,1,0,0,0
5795-KTGUD,0,1,0,1,1,1,1,0,1,1,68,110.8,7553.6,3,0.2823529411764838,0,0,0,1,0,1,1,0,0,1,0,0,0,0
7924-GJZFI,1,1,0,1,0,0,0,0,0,0,25,69.3,1813.1,0,3.2240000000000038,0,0,1,0,0,0,1,0,0,0,0,1,0,0
4702-HDRKD,0,0,0,1,1,0,1,1,1,0,67,49.35,3321.35,3,0.2223880597014869,0,0,0,1,1,0,0,0,1,0,0,0,0,0
8512-WIWYV,0,0,0,0,0,0,0,0,0,0,32,20.35,707.5,0,1.7593749999999986,0,0,1,0,0,0,0,1,1,0,1,0,0,0
5897-ZYEKH,1,1,0,1,1,1,0,0,1,1,67,105.6,7112.15,2,0.5514925373134361,0,0,0,1,0,1,1,0,1,0,0,1,0,0
5456-ITGIC,1,1,0,1,1,1,1,1,1,1,72,64.45,4641.1,4,0.009722222222222854,0,0,0,1,1,0,0,0,0,1,1,0,0,0
1406-PUQVY,0,0,1,1,0,1,0,0,0,0,1,49.9,49.9,1,0.0,0,0,0,0,0,0,0,0,0,0,0,1,0,0
9114-AAFQH,0,1,0,1,0,1,1,0,0,1,48,65.65,3094.65,2,1.1781250000000085,0,0,1,0,0,0,0,0,1,0,0,1,0,0
8715-KKTFG,0,1,0,1,0,0,1,1,1,1,61,103.3,6518.35,2,3.5581967213114893,0,0,0,1,0,1,1,0,1,0,0,0,0,0
1728-BQDMA,0,0,0,0,0,0,0,0,0,0,2,44.45,82.7,0,3.1000000000000014,0,0,0,0,0,0,0,0,0,0,0,1,0,0
5117-ZSMHQ,0,1,1,0,1,1,1,1,1,1,71,89.9,6342.7,4,0.5661971830985948,0,0,0,1,0,1,0,0,0,1,0,0,0,0
5151-HQRDG,0,1,0,1,1,0,0,0,0,0,37,55.05,2030.75,1,0.1648648648648603,0,0,1,0,0,1,0,0,0,0,0,0,1,0
0960-HUWBM,0,1,1,1,0,0,1,1,1,1,65,104.1,6700.05,2,1.0223076923076775,0,0,0,1,0,1,1,0,0,1,0,0,0,0
6465-GSRCL,0,0,1,1,0,1,0,1,1,1,67,106.6,7244.7,2,1.5298507462686644,0,0,0,1,0,1,1,0,1,0,0,0,0,0
0263-FJTQO,0,1,1,1,1,0,0,1,1,0,50,70.5,3486.65,2,0.7669999999999959,0,0,0,1,0,1,0,0,0,1,1,0,0,0
7319-ZNRTR,0,1,1,0,0,0,0,0,0,0,25,19.6,411.15,0,3.1540000000000035,0,0,1,0,0,0,0,1,1,0,0,1,0,0
7503-EPSZW,0,1,1,1,0,0,0,0,0,0,64,24.05,1559.15,0,0.3117187500000007,0,0,0,1,0,1,0,1,0,1,0,0,1,0
7089-XXAYG,0,1,0,1,0,0,1,0,1,0,25,38.1,970.4,1,0.7160000000000011,0,0,1,0,1,0,0,0,1,0,1,0,0,0
8070-AAWZP,1,1,0,0,0,0,1,1,0,0,24,34.25,828.2,2,0.25833333333333286,0,1,0,0,1,0,0,0,0,0,0,0,1,0
1666-JXLKU,0,0,0,1,0,0,1,0,1,1,37,100.05,3810.55,1,2.937837837837847,0,0,1,0,0,1,1,0,0,0,0,1,0,0
7855-DIWPO,0,0,0,1,0,0,0,0,0,0,21,68.65,1493.2,0,2.454761904761895,0,1,0,0,0,0,1,0,0,0,0,1,0,0
5133-POWUA,0,0,0,1,0,0,0,0,0,0,1,45.8,45.8,0,0.0,0,0,0,0,0,0,0,0,0,0,0,0,1,0
5652-MSDEY,0,0,0,1,0,0,0,0,0,0,10,75.75,777.3,0,1.9799999999999898,1,0,0,0,0,1,1,0,0,0,0,0,1,0
1810-BOHSY,0,1,0,1,1,1,0,0,0,1,51,96.4,4911.05,2,0.1049019607843178,0,0,0,1,0,1,1,0,1,0,1,0,0,0
1784-BXEFA,0,0,0,1,0,0,0,0,0,0,10,20.55,187.35,0,1.8150000000000013,1,0,0,0,0,0,0,1,0,0,0,0,1,0
7351-MHQVU,0,0,0,0,1,1,0,1,0,1,6,50.95,307.6,3,0.31666666666667,0,0,0,0,1,0,0,0,0,0,1,0,0,0
9224-VTYID,0,1,1,1,1,1,1,1,1,1,47,90.5,4318.35,4,1.379787234042567,0,0,1,0,0,1,0,0,0,1,0,0,1,0
9500-IWPXQ,0,1,1,1,1,1,1,1,0,1,61,79.4,4820.55,4,0.37459016393442823,0,0,0,1,0,1,0,0,1,0,0,1,0,0
5762-TJXGK,0,0,0,1,1,1,1,0,1,1,52,58.75,3038.55,3,0.3163461538461476,0,0,0,1,1,0,0,0,0,1,0,0,0,0
4504-YOULA,0,1,1,1,1,1,0,0,0,0,35,59.45,2136.9,2,1.6042857142857159,0,0,1,0,0,1,0,0,0,0,1,0,0,0
5569-IDSEY,0,1,0,1,0,1,1,0,1,1,71,105.7,7472.15,2,0.4584507042253563,0,0,0,1,0,1,1,0,1,0,0,0,0,0
7284-ZZLOH,0,1,0,0,1,0,1,0,0,0,45,53.3,2296.25,2,2.2722222222222186,0,0,1,0,0,0,0,0,0,1,1,0,0,0
1777-JYQPJ,0,0,0,0,0,0,0,0,0,0,2,24.3,38.45,0,5.074999999999999,0,0,0,0,1,0,0,0,0,0,0,0,1,0
3401-URHDA,0,0,0,0,1,0,0,1,0,0,51,59.9,3043.6,2,0.22156862745097783,0,0,0,1,0,1,0,0,1,0,1,0,0,0
1599-EAHXY,0,1,1,0,0,0,0,0,0,0,60,23.95,1506.4,0,1.1566666666666698,0,0,0,1,0,1,0,1,1,0,1,0,0,0
8631-XVRZL,0,0,0,1,0,0,0,0,0,0,9,20.15,163.7,0,1.9611111111111121,1,0,0,0,0,0,0,1,1,0,0,0,1,0
3853-LYGAM,0,0,0,1,0,0,1,1,0,1,17,95.65,1640.0,2,0.8205882352941103,0,1,0,0,0,1,1,0,0,0,0,0,0,0
5751-USDBL,0,1,1,0,1,0,1,1,1,1,46,81.0,3846.35,3,2.6163043478260875,0,0,1,0,0,0,0,0,0,1,0,0,1,0
5680-LQOGP,0,0,0,1,1,1,1,1,1,1,68,82.45,5646.6,4,0.5882352941176521,0,0,0,1,0,0,0,0,0,1,1,0,0,0
8189-DUKMV,0,1,0,0,0,0,0,0,0,0,4,20.5,79.05,0,0.7375000000000007,0,0,0,0,0,0,0,1,1,0,0,0,0,0
9931-DCEZH,0,0,1,1,0,1,0,1,0,0,28,54.4,1516.6,2,0.23571428571428754,0,0,1,0,0,0,0,0,1,0,1,0,0,0
1898-JSNDC,0,0,0,1,0,1,0,0,1,0,39,58.6,2224.5,1,1.5615384615384613,0,0,1,0,0,0,0,0,1,0,1,0,0,0
0315-LVCRK,0,0,0,0,0,0,1,0,0,1,11,84.8,888.75,1,4.00454545454545,1,0,0,0,0,0,1,0,0,0,0,1,0,0
3911-RSNHI,0,1,0,1,0,1,1,1,1,1,71,61.4,4310.35,3,0.690845070422526,0,0,0,1,1,0,0,0,0,1,1,0,0,0
2410-CIYFZ,0,0,1,0,0,0,0,0,0,0,2,20.4,42.9,0,1.0500000000000007,0,0,0,0,0,0,0,1,0,0,0,0,1,0
5505-OVWQW,0,0,0,0,0,0,0,0,0,0,17,20.15,353.65,0,0.6529411764705877,0,1,0,0,0,0,0,1,1,0,0,0,1,0
7271-AJDTL,0,1,0,1,0,1,1,0,1,0,55,94.45,5073.1,2,2.211818181818174,0,0,0,1,0,1,1,0,0,0,1,0,0,0
1867-TJHTS,0,0,0,1,1,0,0,0,0,0,58,79.8,4526.85,1,1.7508620689655032,0,0,0,1,0,1,1,0,0,0,0,0,0,0
6860-YRJZP,1,0,0,1,0,0,0,0,0,0,9,74.05,678.45,0,1.3333333333333428,1,0,0,0,0,1,1,0,0,0,0,1,0,0
4429-WYGFR,0,0,0,0,0,0,0,1,0,0,26,49.15,1237.3,1,1.5615384615384613,0,0,1,0,0,0,0,0,0,0,0,0,0,0
2817-LVCPP,0,0,0,0,0,0,0,0,0,0,50,19.4,1023.95,0,1.0790000000000006,0,0,0,1,0,0,0,1,0,1,1,0,0,0
5038-ETMLM,0,1,0,1,1,1,1,1,1,1,72,113.65,8182.75,4,0.0006944444444485498,0,0,0,1,0,1,1,0,0,1,0,0,0,0
5056-FIMPT,0,0,1,1,1,1,0,1,1,1,43,106.0,4532.3,3,0.5976744186046403,0,0,1,0,0,0,1,0,1,0,1,0,0,0
4521-WFJAI,0,0,0,1,0,0,0,0,0,0,56,25.95,1444.05,0,0.16339285714285623,0,0,0,1,0,1,0,1,0,1,0,0,0,0
6569-KTMDU,0,0,0,0,0,0,0,0,0,0,1,19.1,19.1,0,0.0,0,0,0,0,0,0,0,1,0,0,0,0,1,0
8809-XKHMD,0,1,0,1,1,1,0,1,0,1,72,100.55,7325.1,3,1.1875000000000142,0,0,0,1,0,1,1,0,0,1,0,0,0,0
0396-YCHWO,0,1,0,1,0,0,0,0,1,1,36,95.4,3474.2,0,1.10555555555554,0,0,1,0,0,1,1,0,0,0,0,1,0,0
0867-LDTTC,0,0,0,0,0,0,1,1,1,1,5,75.15,392.65,2,3.3799999999999955,0,0,0,0,0,0,0,0,0,0,0,0,0,0
9391-DXGGG,1,0,0,0,0,1,1,0,0,1,44,89.15,3990.75,2,1.5488636363636346,0,0,1,0,0,0,1,0,1,0,1,0,0,0
9844-FELAJ,1,1,1,1,0,1,1,1,1,1,70,107.9,7475.85,3,1.1021428571428515,0,0,0,1,0,1,1,0,1,0,0,1,0,0
2122-SZZZD,0,0,0,0,0,0,0,0,0,0,44,19.5,835.5,0,0.5113636363636367,0,0,1,0,0,0,0,1,1,0,1,0,0,0
3148-AOIQT,0,1,0,1,0,0,0,0,0,0,69,24.95,1718.35,0,0.046376811594203815,0,0,0,1,0,1,0,1,0,1,1,0,0,0
8395-ETZKQ,1,1,1,0,0,0,0,0,0,0,68,19.5,1193.55,0,1.9477941176470601,0,0,0,1,0,0,0,1,1,0,0,0,0,0
6692-YQHXC,0,0,0,1,0,0,0,0,0,0,16,69.95,1205.5,0,5.393749999999997,0,1,0,0,0,0,1,0,0,0,1,0,0,0
3889-VWBID,0,1,1,0,1,1,0,1,1,1,68,82.85,5776.45,3,2.097794117647055,0,0,0,1,0,0,0,0,0,1,0,0,0,0
5222-JCXZT,0,0,0,0,0,0,0,0,0,0,4,19.0,78.9,0,0.7250000000000014,0,0,0,0,0,0,0,1,0,0,0,0,1,0
9754-CLVZW,0,1,1,0,1,1,0,1,0,0,26,38.85,1025.15,3,0.5788461538461576,0,0,1,0,1,0,0,0,0,0,1,0,0,0
2739-CCZMB,0,0,1,0,0,0,0,0,0,0,5,20.35,122.0,0,4.049999999999997,0,0,0,0,0,0,0,1,0,0,1,0,0,0
7080-TNUWP,0,1,0,1,0,1,1,0,1,0,70,95.0,6602.9,2,0.6728571428571541,0,0,0,1,0,1,1,0,1,0,0,0,0,0
0496-AHOOK,0,1,0,0,1,0,0,1,1,1,24,74.4,1712.9,2,3.0291666666666686,0,1,0,0,0,0,0,0,1,0,0,0,0,0
8336-TAVKX,1,1,0,0,1,1,1,1,0,1,72,78.45,5682.25,4,0.4701388888888829,0,0,0,1,0,1,0,0,0,1,0,0,0,0
2468-SJFLM,0,0,0,1,0,0,0,1,0,0,1,74.3,74.3,1,0.0,0,0,0,0,0,0,1,0,0,0,0,0,1,0
3181-VTHOE,0,1,0,1,0,1,1,1,0,1,70,51.05,3635.15,3,0.8807142857142907,0,0,0,1,1,0,0,0,1,0,0,0,0,0
7168-HDQHG,0,1,1,0,0,0,0,0,0,0,36,19.2,702.9,0,0.3249999999999993,0,0,1,0,0,0,0,1,0,0,0,0,0,0
4567-AKPIA,0,1,1,1,0,1,1,1,1,1,41,109.1,4454.25,3,0.4597560975609696,0,0,1,0,0,1,1,0,1,0,0,0,0,0
7901-HXJVA,0,0,0,0,0,0,1,0,0,0,14,76.45,1117.55,1,3.375,0,1,0,0,0,0,1,0,0,0,0,1,0,0
5924-IFQTT,0,1,1,1,0,1,1,1,1,0,13,72.8,930.05,3,1.2576923076923094,0,1,0,0,0,1,0,0,0,0,0,1,0,0
7968-QUXNS,0,0,0,0,0,0,0,0,0,0,6,18.95,110.15,0,0.591666666666665,0,0,0,0,0,0,0,1,0,0,0,0,1,0
8903-WMRNW,0,1,0,0,1,0,1,0,1,1,15,101.75,1669.4,2,9.543333333333337,0,1,0,0,0,0,1,0,0,0,0,1,0,0
2452-SNHFZ,0,0,0,0,1,0,0,0,0,0,47,75.45,3545.1,1,0.022340425531922392,0,0,1,0,0,0,1,0,0,0,1,0,0,0
3629-WEAAM,0,0,0,0,0,0,1,1,0,1,8,64.1,504.05,2,1.093749999999993,1,0,0,0,0,0,0,0,0,0,0,0,1,0
6029-CSMJE,0,0,0,1,0,0,0,0,0,0,17,25.65,440.2,0,0.24411764705882533,0,1,0,0,1,0,0,0,0,0,0,0,1,0
7993-NQLJE,0,1,1,0,1,0,0,0,0,0,15,75.1,1151.55,1,1.6700000000000017,0,1,0,0,0,0,1,0,0,0,0,0,1,0
9909-DFRJA,0,0,0,1,1,0,1,1,0,1,26,95.85,2475.35,3,0.6442307692307736,0,0,1,0,0,0,1,0,1,0,0,0,0,0
9099-FTUHS,0,0,0,0,1,0,0,0,0,0,23,54.4,1249.25,1,0.08478260869564735,0,1,0,0,0,1,0,0,0,0,0,1,0,0
0581-BXBUB,1,0,0,0,0,1,0,0,0,0,4,72.75,317.75,1,6.6875,0,0,0,0,0,0,1,0,0,0,0,1,0,0
4962-CHQPW,0,0,1,0,0,0,0,0,0,0,29,19.85,535.05,0,1.4000000000000021,0,0,1,0,0,0,0,1,1,0,0,0,1,0
9467-ROOLM,0,0,0,0,0,0,0,0,0,0,25,19.05,461.3,0,0.597999999999999,0,0,1,0,0,0,0,1,0,0,0,0,1,0
5150-ITWWB,1,0,0,1,0,0,0,0,1,1,3,94.85,335.75,0,17.066666666666677,0,0,0,0,0,1,1,0,0,0,0,1,0,0
2253-KPMNB,0,1,1,0,1,1,1,1,0,0,69,46.25,3121.4,4,1.0123188405797094,0,0,0,1,1,0,0,0,0,1,0,0,0,0
1345-ZUKID,0,0,0,0,0,0,0,0,0,0,14,19.35,324.8,0,3.849999999999998,0,1,0,0,0,0,0,1,1,0,0,0,1,0
6429-SHBCB,0,0,0,0,0,0,0,0,1,1,19,69.6,1394.55,0,3.7973684210526386,0,1,0,0,0,1,0,0,0,0,0,0,1,0
9281-OFDMF,1,0,0,0,0,1,0,0,0,1,39,90.7,3413.25,1,3.1807692307692292,0,0,1,0,0,1,1,0,0,0,0,1,0,0
2603-HVKCG,0,0,0,1,0,1,1,0,1,1,31,101.4,3143.65,2,0.008064516129024923,0,0,1,0,0,0,1,0,0,0,0,1,0,0
1834-WULEG,0,1,1,0,0,0,0,0,0,0,24,20.25,439.75,0,1.9270833333333321,0,1,0,0,0,0,0,1,1,0,0,0,1,0
9097-ZUBYC,0,1,0,0,0,0,0,1,0,0,14,48.8,664.4,1,1.3428571428571416,0,1,0,0,0,0,0,0,0,0,0,0,0,0
5148-ORICT,0,1,0,1,1,1,1,1,0,1,64,74.35,4759.55,4,0.017968750000008527,0,0,0,1,0,0,0,0,0,1,0,0,1,0
4893-GYUJU,0,0,0,1,0,0,0,0,0,0,50,19.35,1033.0,0,1.3099999999999987,0,0,0,1,0,0,0,1,1,0,0,0,1,0
4578-PHJYZ,0,1,1,1,0,1,1,1,1,0,52,68.75,3482.85,3,1.7721153846153896,0,0,0,1,0,0,0,0,1,0,0,1,0,0
7272-QDCKA,0,0,0,0,0,1,0,0,1,1,28,100.2,2688.45,1,4.183928571428581,0,0,1,0,0,1,1,0,1,0,0,1,0,0
8908-SLFCJ,0,0,0,1,0,0,0,0,0,0,21,20.85,435.25,0,0.12380952380952692,0,1,0,0,0,0,0,1,0,1,1,0,0,0
9766-HGEDE,0,1,0,0,0,0,0,0,0,0,17,19.35,307.0,0,1.291176470588237,0,1,0,0,0,0,0,1,1,0,0,0,1,0
6968-MHOMU,0,1,0,1,0,0,0,0,1,1,58,45.0,2689.35,0,1.3681034482758605,0,0,0,1,1,0,0,0,1,0,1,0,0,0
5044-XDPYX,0,1,0,0,0,0,0,0,0,0,51,25.5,1281.25,0,0.3774509803921582,0,0,0,1,0,1,0,1,0,1,0,0,1,0
1814-WFGVS,0,1,1,0,1,0,1,1,1,0,72,48.9,3527.0,3,0.08611111111111569,0,0,0,1,1,0,0,0,0,1,0,0,1,0
3721-WKIIL,0,0,0,1,0,0,0,0,0,0,27,19.6,561.15,0,1.18333333333333,0,0,1,0,0,0,0,1,0,1,0,0,1,0
6734-CKRSM,0,0,0,0,0,0,0,0,0,0,3,20.0,63.6,0,1.1999999999999993,0,0,0,0,0,0,0,1,0,0,0,0,1,0
1265-ZFOSD,0,1,0,1,1,1,1,1,0,1,64,81.3,5129.3,4,1.1546874999999943,0,0,0,1,0,1,0,0,0,1,0,0,1,0
6568-POCUI,0,1,0,1,0,0,0,1,1,1,45,95.2,4285.8,1,0.04000000000000625,0,0,1,0,0,0,1,0,0,1,1,0,0,0
5197-LQXXH,0,1,0,1,0,1,1,1,1,1,71,83.3,5894.5,3,0.2788732394366207,0,0,0,1,0,1,0,0,0,1,1,0,0,0
3457-PQBYH,0,1,1,0,0,0,0,0,0,0,58,20.3,1160.75,0,0.2870689655172427,0,0,0,1,0,0,0,1,0,1,1,0,0,0
7682-AZNDK,0,1,1,1,0,1,1,0,1,0,34,89.85,3091.75,2,1.0838235294117737,0,0,1,0,0,0,1,0,0,0,0,1,0,0
5384-ZTTWP,0,1,1,0,0,0,0,0,0,0,15,19.8,272.95,0,1.6033333333333353,0,1,0,0,0,0,0,1,0,0,0,0,1,0
3745-HRPHI,0,1,1,0,0,0,1,1,1,1,66,54.65,3632.0,2,0.3803030303030326,0,0,0,1,1,0,0,0,0,1,0,0,0,0
7636-OWBPG,1,0,0,1,0,1,0,0,0,0,12,29.35,381.2,1,2.4166666666666643,1,0,0,0,1,0,0,0,0,0,1,0,0,0
1231-YNDEK,0,0,0,1,0,0,0,0,0,0,58,19.15,1035.5,0,1.296551724137931,0,0,0,1,0,0,0,1,0,1,0,0,0,0
1407-DIGZV,0,1,1,0,0,0,0,0,0,0,3,19.1,52.0,0,1.7666666666666693,0,0,0,0,0,0,0,1,0,1,0,0,1,0
0570-BFQHT,0,0,0,0,0,1,1,0,0,0,9,80.55,653.9,2,7.894444444444446,1,0,0,0,0,0,1,0,0,0,0,1,0,0
4393-OBCRR,0,0,0,0,0,0,0,0,0,0,3,20.25,71.2,0,3.4833333333333343,0,0,0,0,0,0,0,1,1,0,0,0,1,0
8564-LDKFL,0,1,0,1,0,1,1,0,1,1,40,106.0,4178.65,2,1.533750000000012,0,0,1,0,0,1,1,0,1,0,0,0,0,0
3696-DFHHB,0,0,0,0,0,0,0,0,0,0,68,25.5,1821.8,0,1.2911764705882334,0,0,0,1,0,1,0,1,0,1,0,0,0,0
4717-GHADL,0,0,0,1,0,1,0,1,1,1,50,79.6,4024.2,2,0.8840000000000003,0,0,0,1,0,1,0,0,0,1,0,0,1,0
5501-TVMGM,0,0,0,1,0,0,0,0,0,1,1,55.25,55.25,0,0.0,0,0,0,0,0,0,0,0,0,0,0,1,0,0
5879-HMFFH,0,1,0,0,1,1,1,1,1,1,72,88.05,6520.8,4,2.5166666666666657,0,0,0,1,0,1,0,0,0,1,0,0,0,0
6772-WFQRD,0,0,1,1,0,0,0,0,0,0,40,20.4,854.9,0,0.9725000000000001,0,0,1,0,0,0,0,1,1,0,0,0,0,0
3810-DVDQQ,0,1,1,1,1,1,1,1,1,1,72,117.6,8308.9,4,2.1986111111111057,0,0,0,1,0,1,1,0,0,1,0,0,0,0
6972-SNKKW,0,0,0,0,0,0,0,0,0,0,6,20.0,109.2,0,1.8000000000000007,0,0,0,0,0,0,0,1,0,0,0,0,1,0
3694-GLTJM,0,0,0,1,0,0,0,0,0,0,5,19.65,92.05,0,1.2399999999999984,0,0,0,0,0,0,0,1,0,0,1,0,0,0
8550-XSXUQ,0,1,0,1,0,1,1,0,0,1,48,70.55,3420.5,2,0.7104166666666742,0,0,1,0,0,1,0,0,1,0,1,0,0,0
9055-MOJJJ,0,1,1,0,1,0,0,1,1,0,64,65.8,4068.0,2,2.237499999999997,0,0,0,1,0,0,0,0,1,0,0,0,1,0
4359-INNWN,0,0,0,0,0,0,0,0,0,0,17,20.05,337.9,0,0.17352941176470793,0,1,0,0,0,0,0,1,1,0,1,0,0,0
0585-EGDDA,0,1,0,1,0,1,1,0,0,0,40,80.0,3168.75,2,0.78125,0,0,1,0,0,0,1,0,0,0,0,1,0,0
4032-RMHCI,0,1,1,0,1,0,1,0,0,0,41,35.4,1412.4,2,0.9512195121951166,0,0,1,0,1,0,0,0,1,0,1,0,0,0
0549-CYCQN,1,0,0,1,0,1,0,0,0,0,51,79.6,3974.7,1,1.6647058823529335,0,0,0,1,0,1,1,0,1,0,0,0,0,0
3481-JHUZH,0,1,0,1,0,1,0,0,0,0,41,80.25,3439.0,1,3.628048780487802,0,0,1,0,0,1,1,0,0,0,0,1,0,0
3594-IVHJZ,0,0,0,1,0,0,0,0,0,0,2,20.45,42.45,0,0.7750000000000021,0,0,0,0,0,0,0,1,0,0,0,0,1,0
6869-FGJJC,0,0,0,0,0,1,1,0,0,0,68,79.6,5461.45,2,0.7154411764705912,0,0,0,1,0,0,1,0,1,0,1,0,0,0
3896-ZVNET,0,1,1,0,0,0,0,0,0,0,24,24.7,571.75,0,0.8770833333333314,0,1,0,0,0,1,0,1,0,1,0,0,1,0
8205-VSLRB,0,1,0,0,1,0,1,1,0,1,70,77.3,5498.2,3,1.2457142857142856,0,0,0,1,0,1,0,0,0,1,1,0,0,0
5960-MVTUK,0,0,0,1,0,0,0,1,0,0,3,29.75,96.85,1,2.5333333333333314,0,0,0,0,1,0,0,0,0,0,0,1,0,0
6817-WTYHE,0,0,0,0,0,0,0,0,0,0,2,44.9,111.05,0,10.625,0,0,0,0,0,0,0,0,0,0,0,0,0,0
3082-VQXNH,0,1,0,0,0,1,0,0,0,0,3,29.8,94.4,1,1.6666666666666679,0,0,0,0,1,0,0,0,0,0,1,0,0,0
4931-TRZWN,0,0,0,1,1,0,0,0,1,1,13,71.95,923.85,1,0.8846153846153868,0,1,0,0,0,0,0,0,0,0,0,1,0,0
0750-EKNGL,0,0,0,0,0,0,0,0,0,0,7,20.75,141.1,0,0.5928571428571452,1,0,0,0,0,0,0,1,0,0,0,0,1,0
7669-LCRSD,0,1,1,1,0,0,0,0,1,0,12,56.3,628.65,0,3.9125000000000014,1,0,0,0,0,0,0,0,0,0,0,0,1,0
3567-PQTSO,0,1,1,1,0,1,1,0,1,1,53,105.25,5576.3,2,0.036792452830184175,0,0,0,1,0,1,1,0,1,0,0,1,0,0
8043-PNYSD,0,1,1,0,0,0,0,0,0,0,63,19.55,1245.6,0,0.22142857142856798,0,0,0,1,0,0,0,1,0,1,0,0,1,0
9938-EKRGF,0,0,0,0,1,1,1,1,1,1,15,84.45,1287.85,4,1.406666666666652,0,1,0,0,0,0,0,0,0,0,0,0,1,0
2703-AMTUL,0,1,1,0,1,1,0,0,0,0,36,53.65,1939.35,2,0.22083333333333144,0,0,1,0,0,0,0,0,1,0,0,0,1,0
0928-JMXNP,1,1,0,1,0,0,1,0,0,0,4,29.9,118.25,1,0.3374999999999986,0,0,0,0,1,0,0,0,0,0,0,1,0,0
8173-RXAYP,0,1,1,0,0,0,0,0,0,0,24,19.7,452.55,0,0.84375,0,1,0,0,0,0,0,1,0,1,0,0,1,0
4825-XJGDM,0,0,0,0,1,1,1,1,0,0,61,43.7,2696.55,4,0.5057377049180332,0,0,0,1,1,0,0,0,1,0,1,0,0,0
5402-HTOTQ,0,0,0,0,0,1,0,0,0,0,16,55.3,875.35,1,0.5906249999999957,0,1,0,0,0,1,0,0,0,0,0,1,0,0
6734-JDTTV,0,1,1,1,0,0,0,0,0,0,65,19.85,1267.05,0,0.3569230769230778,0,0,0,1,0,0,0,1,0,1,1,0,0,0
7850-THJMU,0,1,1,0,0,0,0,0,0,0,26,19.65,494.9,0,0.6153846153846132,0,0,1,0,0,0,0,1,0,1,1,0,0,0
3890-RTCMS,0,0,0,1,0,0,0,1,0,0,16,49.45,799.0,1,0.48749999999999716,0,1,0,0,0,0,0,0,0,0,0,0,1,0
3717-FDJFU,0,0,1,0,0,0,0,0,0,0,5,20.45,106.9,0,0.9300000000000033,0,0,0,0,0,0,0,1,0,1,0,0,1,0
3665-JATSN,0,0,0,1,0,1,0,0,0,1,19,39.7,710.05,1,2.328947368421055,0,1,0,0,1,0,0,0,0,0,0,1,0,0
7966-YOTQW,0,0,0,1,1,0,0,0,0,0,10,54.5,568.2,1,2.3200000000000074,1,0,0,0,0,1,0,0,0,0,1,0,0,0
8853-TZDGH,0,0,0,1,0,1,1,1,1,1,72,111.6,8012.75,3,0.31180555555555145,0,0,0,1,0,1,1,0,0,1,0,0,0,0
4324-BZCKL,0,1,1,1,0,1,1,0,0,0,10,55.55,551.3,2,0.4200000000000017,1,0,0,0,0,0,0,0,0,0,0,0,1,0
6924-TDGMT,0,1,0,1,0,0,0,0,0,0,11,20.55,184.95,0,3.736363636363638,1,0,0,0,0,0,0,1,1,0,0,0,1,0
1536-YHDOE,0,1,1,1,1,0,0,1,0,0,17,62.1,1096.65,2,2.4088235294117695,0,1,0,0,0,1,0,0,1,0,0,0,1,0
8123-QBNAZ,0,1,1,1,1,0,1,0,1,1,36,104.5,3684.95,2,2.140277777777783,0,0,1,0,0,1,1,0,0,0,1,0,0,0
3629-ZNKXA,1,0,0,1,0,1,1,0,1,1,17,101.8,1752.45,2,1.2852941176470694,0,1,0,0,0,0,1,0,0,0,0,1,0,0
4827-LTQRJ,1,1,1,1,1,1,0,1,1,1,66,110.6,7210.85,3,1.3446969696969546,0,0,0,1,0,1,1,0,1,0,1,0,0,0
7711-YIJWC,0,1,1,0,1,1,1,1,1,1,61,84.9,5264.5,4,1.4032786885245798,0,0,0,1,0,0,0,0,1,0,0,0,0,0
5482-VXSXJ,0,0,0,1,0,1,0,0,1,1,22,93.2,2157.3,1,4.859090909090909,0,1,0,0,0,0,1,0,0,0,0,0,1,0
7365-BVCJH,0,0,0,1,0,0,0,0,0,0,1,24.4,24.4,0,0.0,0,0,0,0,1,0,0,0,0,0,0,1,0,0
9620-ENEJV,0,0,0,0,0,0,0,0,0,0,6,70.55,433.95,0,1.7750000000000057,0,0,0,0,0,0,1,0,0,0,1,0,0,0
2378-YIZKA,0,1,1,1,1,1,1,1,1,1,68,85.0,5607.75,4,2.533088235294116,0,0,0,1,0,0,0,0,0,1,1,0,0,0
0689-DSXGL,0,1,1,0,0,1,1,1,0,0,52,85.8,4433.3,3,0.5442307692307651,0,0,0,1,0,0,1,0,0,0,0,0,0,0
6818-DJXAA,0,0,1,1,0,0,1,1,1,0,10,91.1,964.35,2,5.335000000000008,1,0,0,0,0,0,1,0,0,0,0,1,0,0
0464-WJTKO,0,1,1,0,0,0,0,0,0,0,72,20.1,1460.85,0,0.18958333333333144,0,0,0,1,0,0,0,1,0,1,0,0,0,0
8902-ZEOVF,0,1,1,0,0,0,0,0,0,0,47,20.05,951.55,0,0.1957446808510639,0,0,1,0,0,0,0,1,1,0,0,0,1,0
6778-EICRF,0,1,1,0,1,0,0,0,1,1,24,74.8,1821.2,1,1.0833333333333428,0,1,0,0,0,1,0,0,1,0,0,0,1,0
2662-NNTDK,0,0,0,0,0,0,0,0,0,0,65,24.8,1600.95,0,0.1700000000000017,0,0,0,1,0,1,0,1,1,0,1,0,0,0
4132-KALRO,0,0,0,1,0,0,0,1,1,1,4,100.85,399.25,1,1.0374999999999943,0,0,0,0,0,1,1,0,0,0,0,0,1,0
2874-YXVVA,0,0,0,1,0,1,1,1,1,1,34,105.1,3634.8,3,1.8058823529411825,0,0,1,0,0,0,1,0,0,0,0,1,0,0
1245-HARPS,0,1,0,0,0,0,0,0,0,0,14,20.4,292.4,0,0.485714285714284,0,1,0,0,0,0,0,1,0,1,0,0,1,0
4323-ELYYB,0,1,1,0,0,0,0,0,0,0,13,20.0,218.55,0,3.1884615384615387,0,1,0,0,0,0,0,1,1,0,0,0,1,0
4293-ETKAP,0,1,1,1,0,1,0,1,1,1,65,79.4,5071.9,2,1.3707692307692412,0,0,0,1,0,1,0,0,0,1,0,0,0,0
6064-PUPMC,0,1,1,0,1,0,0,1,0,0,23,57.2,1423.35,2,4.684782608695649,0,1,0,0,0,0,0,0,1,0,1,0,0,0
6504-VBLFL,0,1,0,0,1,1,1,0,0,0,55,58.6,3068.6,3,2.807272727272732,0,0,0,1,0,0,0,0,0,1,0,1,0,0
6322-PJJDJ,0,1,0,1,0,1,0,0,1,1,49,94.8,4690.65,1,0.9275510204081598,0,0,0,1,0,0,1,0,0,1,0,1,0,0
0330-BGYZE,0,1,0,0,0,1,1,0,1,1,60,102.5,6157.6,2,0.12666666666667936,0,0,0,1,0,1,1,0,1,0,0,0,0,0
1085-LDWAM,0,1,1,1,0,0,0,0,0,0,69,20.35,1442.65,0,0.5579710144927539,0,0,0,1,0,0,0,1,1,0,1,0,0,0
7586-ZATGZ,0,0,0,1,0,0,0,0,1,0,40,84.9,3369.05,0,0.6737499999999983,0,0,1,0,0,1,1,0,0,0,0,1,0,0
7197-VOJMM,0,1,0,1,1,1,0,1,0,1,67,69.2,4671.65,3,0.52611940298506,0,0,0,1,0,0,0,0,0,1,1,0,0,0
1843-TLSGD,0,1,1,0,0,0,0,0,0,0,13,20.85,272.35,0,0.10000000000000142,0,1,0,0,0,0,0,1,0,1,0,0,1,0
9626-VFRGG,0,0,1,1,0,1,0,0,1,0,41,88.5,3645.05,1,0.4036585365853682,0,0,1,0,0,1,1,0,0,0,0,0,0,0
7075-BNDVQ,0,0,0,0,1,0,1,0,0,0,4,35.0,135.75,2,1.0625,0,0,0,0,1,0,0,0,0,0,0,0,1,0
9143-CANJF,0,1,1,0,1,0,0,1,0,0,24,55.15,1319.85,2,0.15625,0,1,0,0,0,0,0,0,0,0,0,1,0,0
7284-BUYEC,0,0,0,1,0,1,0,0,1,1,5,50.95,229.4,1,5.07,0,0,0,0,1,0,0,0,0,0,1,0,0,0
2041-JIJCI,0,0,0,1,0,1,0,0,0,1,5,64.0,370.25,1,10.049999999999997,0,0,0,0,0,1,0,0,0,0,0,1,0,0
4900-MSOMT,0,1,1,0,1,1,1,1,1,0,72,80.2,5714.2,4,0.8361111111111228,0,0,0,1,0,1,0,0,0,1,0,0,0,0
2229-VWQJH,0,0,0,1,0,0,1,0,0,0,24,49.3,1233.25,1,2.085416666666667,0,1,0,0,0,0,0,0,0,0,1,0,0,0
9194-GFVOI,0,1,0,0,1,0,1,1,1,1,42,84.35,3571.6,3,0.6880952380952436,0,0,1,0,0,1,0,0,0,1,1,0,0,0
1336-EZFZY,0,0,0,0,0,0,0,0,0,0,4,20.05,83.3,0,0.7749999999999986,0,0,0,0,0,0,0,1,0,0,0,0,1,0
4282-MSACW,0,0,0,1,1,1,1,1,1,1,68,117.2,8035.95,4,0.9757352941176407,0,0,0,1,0,1,1,0,1,0,1,0,0,0
1403-LKLIK,0,1,1,0,0,0,0,0,0,0,33,20.1,579.4,0,2.542424242424243,0,0,1,0,0,0,0,1,1,0,0,0,1,0
0136-IFMYD,1,1,0,1,0,1,1,1,1,1,69,109.95,7634.25,3,0.6913043478260903,0,0,0,1,0,1,1,0,0,1,0,1,0,0
5144-TVGLP,1,0,0,0,0,0,0,0,1,1,38,94.75,3653.0,0,1.3815789473684248,0,0,1,0,0,1,1,0,0,0,0,1,0,0
9643-AVVWI,0,1,1,1,0,1,0,1,0,0,3,80.0,241.3,2,0.4333333333333371,0,0,0,0,0,0,1,0,0,0,0,1,0,0
0253-ZTEOB,0,1,1,0,0,1,0,1,1,1,48,79.65,3870.3,2,0.9812500000000028,0,0,1,0,0,1,0,0,0,1,0,1,0,0
2706-QZIHY,0,1,0,0,0,0,0,0,0,0,15,25.2,387.9,0,0.6600000000000001,0,1,0,0,0,1,0,1,0,1,0,0,1,0
6061-PQHMK,0,0,0,0,0,0,0,0,0,0,25,19.9,527.5,0,1.2000000000000028,0,0,1,0,0,0,0,1,1,0,1,0,0,0
6137-MFAJN,0,0,0,1,1,1,0,0,1,0,48,44.8,2104.55,2,0.9552083333333243,0,0,1,0,1,0,0,0,0,0,0,1,0,0
9122-UMROB,0,0,0,0,0,0,0,0,0,0,1,20.3,20.3,0,0.0,0,0,0,0,0,0,0,1,0,0,0,0,1,0
4232-JGKIY,0,0,0,0,0,0,0,0,0,0,1,19.2,19.2,0,0.0,0,0,0,0,0,0,0,1,0,0,0,1,0,0
2402-TAIRZ,0,0,0,0,0,1,1,0,0,0,37,80.05,3019.1,2,1.5472972972972912,0,0,1,0,0,0,1,0,1,0,0,1,0,0
9659-ZTWSM,1,1,0,1,0,1,1,1,1,1,66,107.35,7051.95,3,0.5022727272727252,0,0,0,1,0,1,1,0,1,0,0,0,0,0
9139-TWBAS,0,1,0,0,1,1,1,0,1,0,26,47.85,1190.5,3,2.0615384615384613,0,0,1,0,1,0,0,0,1,0,0,0,0,0
6685-GBWJZ,0,1,0,0,1,1,0,1,1,0,63,70.8,4448.8,3,0.18412698412697637,0,0,0,1,0,0,0,0,1,0,1,0,0,0
2195-VVRJF,1,1,0,1,1,0,0,0,0,1,18,59.1,1011.05,1,2.930555555555557,0,1,0,0,0,0,0,0,0,0,1,0,0,0
3913-RDSJZ,0,1,0,0,0,0,0,0,0,0,64,25.55,1714.95,0,1.24609375,0,0,0,1,0,1,0,1,0,1,0,0,1,0
4203-QGNZA,0,0,1,0,0,0,0,0,0,0,28,20.25,535.35,0,1.130357142857143,0,0,1,0,0,0,0,1,0,0,0,0,1,0
5043-TRZWM,0,0,0,0,0,0,1,0,0,0,1,75.55,75.55,1,0.0,0,0,0,0,0,0,1,0,0,0,0,1,0,0
9494-BDNNC,0,1,0,0,0,1,1,0,0,1,66,95.3,6273.4,2,0.24848484848484986,0,0,0,1,0,1,1,0,1,0,0,1,0,0
1640-PLFMP,0,0,0,1,0,0,0,0,0,0,1,70.25,70.25,0,0.0,0,0,0,0,0,0,1,0,0,0,0,1,0,0
5366-OBVMR,0,1,0,1,0,0,0,1,0,0,18,50.3,908.75,1,0.1861111111111171,0,1,0,0,0,0,0,0,0,0,0,0,1,0
7644-OMVMY,0,1,1,0,0,0,0,0,0,0,0,19.85,0.0,0,0.0,0,0,0,0,0,0,0,1,0,1,0,0,1,0
4573-JKNAE,0,0,1,0,0,0,0,0,0,0,12,19.35,212.3,0,1.658333333333335,1,0,0,0,0,0,0,1,0,1,0,0,0,0
9817-APLHW,0,0,0,0,0,0,0,0,0,0,12,25.0,316.2,0,1.3499999999999979,1,0,0,0,0,1,0,1,0,0,0,1,0,0
8380-MQINP,0,1,1,0,0,0,0,0,0,0,55,20.3,1079.05,0,0.6809090909090934,0,0,0,1,0,0,0,1,0,1,0,0,1,0
0840-DFEZH,0,0,0,1,0,0,0,0,0,0,7,75.35,564.65,0,5.314285714285717,1,0,0,0,0,1,1,0,0,0,0,1,0,0
8690-ZVLCL,0,1,1,0,1,1,1,1,1,1,68,88.0,6161.9,4,2.616176470588229,0,0,0,1,0,1,0,0,0,1,1,0,0,0
1125-SNVCK,1,0,0,0,0,0,0,0,0,0,49,43.8,2106.05,0,0.819387755102035,0,0,0,1,0,0,0,0,0,0,0,0,1,0
0384-LPITE,0,0,0,0,1,1,1,0,1,1,40,62.05,2511.55,3,0.7387500000000102,0,0,1,0,1,0,0,0,1,0,1,0,0,0
4616-EWBNJ,0,0,0,0,0,0,0,0,0,0,16,20.1,318.6,0,0.1875,0,1,0,0,0,0,0,1,1,0,0,0,0,0
1335-HQMKX,0,1,0,1,0,1,1,0,1,1,72,101.35,7323.15,2,0.3604166666666657,0,0,0,1,0,1,1,0,1,0,0,1,0,0
2545-EBUPK,1,0,0,1,0,0,0,0,0,1,2,84.05,186.05,0,8.975000000000009,0,0,0,0,0,1,1,0,0,0,0,1,0,0
6923-AQONU,0,1,1,0,0,0,0,0,0,0,23,20.9,454.0,0,1.1608695652173893,0,1,0,0,0,0,0,1,0,1,0,0,1,0
2172-EJXVF,1,0,0,1,0,1,1,0,1,1,71,105.9,7521.95,2,0.04295774647886219,0,0,0,1,0,1,1,0,1,0,0,1,0,0
4536-PLEQY,0,1,0,1,0,1,0,0,0,1,12,85.05,999.8,1,1.7333333333333343,1,0,0,0,0,0,1,0,0,0,1,0,0,0
7029-IJEJK,0,0,0,0,1,0,0,1,0,1,54,44.1,2369.7,2,0.21666666666666856,0,0,0,1,1,0,0,0,1,0,0,0,0,0
8871-JLMHM,0,1,0,0,0,1,1,1,0,0,68,90.2,6297.65,3,2.4124999999999943,0,0,0,1,0,1,1,0,0,1,1,0,0,0
5447-VYTKW,0,0,0,0,1,0,0,1,0,0,27,53.45,1461.45,2,0.6777777777777771,0,0,1,0,0,0,0,0,0,0,0,0,1,0
3623-FQBOX,0,0,0,1,0,0,0,0,0,0,21,19.95,416.4,0,0.12142857142857011,0,1,0,0,0,0,0,1,0,0,0,0,1,0
8659-HDIYE,1,0,0,0,0,1,1,1,0,1,64,74.65,4869.35,3,1.43359375,0,0,0,1,0,1,0,0,0,0,1,0,0,0
3474-BAFSJ,0,1,0,1,0,1,1,1,1,1,57,57.5,3265.95,3,0.2026315789473685,0,0,0,1,1,0,0,0,0,1,0,0,0,0
3865-ZFZIB,0,0,0,0,0,0,0,0,0,0,19,19.65,358.15,0,0.8000000000000007,0,1,0,0,0,0,0,1,0,1,0,0,1,0
1855-AGAWH,0,1,0,1,0,0,1,0,1,1,31,93.8,2939.8,1,1.0322580645161423,0,0,1,0,0,0,1,0,1,0,0,1,0,0
7109-CQYUZ,0,0,0,1,1,1,1,1,1,1,52,89.25,4652.4,4,0.21923076923076223,0,0,0,1,0,1,0,0,0,1,0,0,1,0
1370-GGAWX,0,0,0,1,0,1,1,0,0,1,46,94.15,4408.45,2,1.6858695652173878,0,0,1,0,0,1,1,0,1,0,0,1,0,0
4680-KUTAJ,1,0,0,1,1,0,0,0,0,0,11,55.6,580.8,1,2.8000000000000043,1,0,0,0,0,1,0,0,0,0,0,1,0,0
5307-UVGNB,0,1,1,1,1,1,1,0,0,1,53,48.7,2495.2,3,1.6207547169811392,0,0,0,1,1,0,0,0,0,0,0,0,0,0
2883-ILGWO,1,0,0,1,0,1,0,1,1,1,57,104.9,5913.95,2,1.1464912280701895,0,0,0,1,0,1,1,0,0,0,0,0,0,0
3642-BYHDO,0,1,1,0,0,0,0,0,0,0,71,19.9,1389.35,0,0.331690140845069,0,0,0,1,0,0,0,1,0,1,0,0,0,0
9629-NHXFW,0,1,1,1,0,0,0,0,0,0,1,19.4,19.4,0,0.0,0,0,0,0,0,0,0,1,0,0,0,0,1,0
2696-RZVZW,0,1,0,0,0,0,0,0,0,0,68,25.05,1629.2,0,1.091176470588234,0,0,0,1,0,1,0,1,0,1,1,0,0,0
5766-FTRTS,0,1,0,0,1,1,1,1,1,1,72,84.45,6033.1,4,0.6569444444444485,0,0,0,1,0,0,0,0,0,1,0,0,1,0
0396-HUJBP,0,0,0,0,0,0,0,0,0,0,2,19.3,44.4,0,2.8999999999999986,0,0,0,0,0,0,0,1,0,0,0,0,1,0
8879-ZKJOF,0,0,0,1,1,0,1,1,1,1,41,79.85,3320.75,3,1.1439024390244015,0,0,1,0,0,0,0,0,1,0,0,0,0,0
6285-FTQBF,0,1,1,0,0,0,0,0,0,0,72,25.55,1867.7,0,0.3902777777777793,0,0,0,1,0,1,0,1,0,1,1,0,0,0
1474-JUWSM,0,1,0,1,1,0,0,1,0,1,58,68.4,3972.25,2,0.08706896551723275,0,0,0,1,0,1,0,0,1,0,0,1,0,0
3530-CRZSB,0,0,0,0,0,0,0,0,0,0,7,20.65,155.9,0,1.6214285714285737,1,0,0,0,0,0,0,1,0,0,0,0,1,0
8498-XXGWA,0,1,0,1,1,0,1,0,0,0,65,55.15,3673.15,2,1.3599999999999994,0,0,0,1,0,0,0,0,0,0,0,0,1,0
9617-INGJY,0,0,0,1,0,0,0,0,0,0,1,70.6,70.6,0,0.0,0,0,0,0,0,0,1,0,0,0,0,0,1,0
0621-TSSMU,0,1,0,0,0,0,0,0,0,0,56,19.95,1126.75,0,0.170535714285716,0,0,0,1,0,0,0,1,1,0,1,0,0,0
7234-KMNRQ,0,0,0,0,0,0,0,0,0,0,4,19.0,73.45,0,0.6374999999999993,0,0,0,0,0,0,0,1,0,0,0,0,1,0
7636-PEPNS,0,1,1,1,0,0,0,0,0,0,58,44.1,2413.05,0,2.495689655172413,0,0,0,1,0,0,0,0,1,0,0,0,1,0
4683-WYDOU,0,1,0,1,0,0,1,1,1,1,62,107.6,6912.7,2,3.8951612903225765,0,0,0,1,0,1,1,0,0,1,0,0,0,0
9052-DHNKM,0,0,0,0,1,1,0,0,0,0,26,61.55,1581.95,2,0.7057692307692278,0,0,1,0,0,1,0,0,1,0,0,1,0,0
6794-HKIAJ,0,0,0,0,1,1,1,0,0,0,62,90.7,5586.45,3,0.5959677419354961,0,0,0,1,0,1,1,0,0,0,0,0,0,0
5578-NKCXI,0,1,1,0,1,1,0,0,1,1,58,99.25,5846.65,2,1.5543103448275843,0,0,0,1,0,0,1,0,1,0,1,0,0,0
1642-HMARX,0,1,0,1,1,1,1,1,1,1,68,91.7,6424.7,4,2.780882352941177,0,0,0,1,0,1,0,0,0,1,0,1,0,0
3096-WPXBT,0,1,1,1,1,1,1,0,0,1,61,100.7,6018.65,3,2.0336065573770554,0,0,0,1,0,1,1,0,1,0,1,0,0,0
8434-PNQZX,0,0,0,1,0,0,1,1,1,1,42,78.45,3373.4,2,1.8690476190476204,0,0,1,0,0,1,0,0,0,1,1,0,0,0
5950-AAAGJ,0,0,0,0,0,0,0,0,1,0,18,84.3,1537.9,0,1.1388888888889,0,1,0,0,0,1,1,0,0,0,0,0,0,0
4299-OPXEJ,0,0,0,1,0,0,0,0,0,0,56,19.55,1080.55,0,0.25446428571428825,0,0,0,1,0,0,0,1,0,1,0,0,0,0
9618-LFJRU,0,0,0,0,0,0,0,0,0,0,4,20.45,82.85,0,0.2624999999999993,0,0,0,0,0,0,0,1,0,0,1,0,0,0
6693-DJWTY,0,0,1,0,1,1,0,0,0,0,35,55.6,2016.45,2,2.0128571428571433,0,0,1,0,0,0,0,0,1,0,1,0,0,0
0744-GKNGE,0,1,1,1,1,0,0,1,0,0,64,86.8,5327.25,2,3.561718749999997,0,0,0,1,0,1,1,0,0,0,0,0,0,0
6447-EGDIV,0,0,0,0,0,0,0,0,0,0,31,20.95,683.25,0,1.0903225806451609,0,0,1,0,0,0,0,1,1,0,0,0,1,0
1167-OYZJF,1,1,0,1,0,0,0,0,0,0,67,20.05,1263.05,0,1.1985074626865675,0,0,0,1,0,0,0,1,0,1,0,0,0,0
4806-DXQCE,1,1,0,1,1,1,1,1,1,1,70,113.65,7714.65,4,3.440714285714293,0,0,0,1,0,1,1,0,0,1,0,1,0,0
4854-SSLTN,0,1,1,0,1,1,0,1,0,0,2,59.5,130.5,3,5.75,0,0,0,0,0,0,0,0,0,1,0,0,1,0
5294-DMSFH,0,1,1,1,0,0,0,0,1,1,29,87.8,2621.75,0,2.605172413793113,0,0,1,0,0,0,1,0,0,0,1,0,0,0
4837-PZTIC,0,0,0,0,1,0,1,1,0,0,47,41.9,1875.25,3,2.0010638297872347,0,0,1,0,1,0,0,0,0,1,0,0,1,0
0603-OLQDC,0,0,1,1,1,0,0,0,1,1,12,69.85,837.5,1,0.05833333333332291,1,0,0,0,0,0,0,0,0,0,0,0,1,0
3272-VUHPV,0,1,1,0,0,1,0,1,0,0,8,56.3,401.5,2,6.112499999999997,1,0,0,0,0,0,0,0,0,0,0,0,0,0
4176-FXYBO,0,1,0,0,1,1,1,0,1,1,54,109.55,6118.95,3,3.7638888888888857,0,0,0,1,0,1,1,0,0,0,0,1,0,0
1063-DHQJF,0,1,1,1,0,1,0,1,1,0,69,92.15,6480.9,2,1.7760869565217234,0,0,0,1,0,0,1,0,0,1,0,0,1,0
8663-UPDGF,0,0,0,1,1,1,0,0,1,0,26,69.5,1800.05,2,0.26730769230769624,0,0,1,0,0,1,0,0,0,0,0,0,0,0
6719-FGEDO,0,1,0,1,1,1,1,1,0,0,72,97.0,7104.2,4,1.6694444444444372,0,0,0,1,0,1,1,0,0,1,0,0,0,0
1837-YQUCE,0,0,0,1,1,0,1,1,1,1,70,58.35,4214.25,3,1.8535714285714278,0,0,0,1,1,0,0,0,0,1,0,0,0,0
0369-ZGOVK,0,1,1,1,0,0,0,0,0,0,28,70.4,1992.2,0,0.75,0,0,1,0,0,0,1,0,1,0,0,0,0,0
9919-KNPOO,0,1,0,1,0,0,0,0,1,1,21,94.3,1948.35,0,1.5214285714285722,0,1,0,0,0,1,1,0,0,0,0,1,0,0
7872-BAAZR,0,1,1,0,0,0,0,0,0,0,53,19.55,1007.9,0,0.5330188679245289,0,0,0,1,0,0,0,1,1,0,0,0,0,0
9391-LMANN,0,0,1,0,1,1,1,0,0,1,53,95.95,5036.9,3,0.9141509433962369,0,0,0,1,0,0,1,0,1,0,0,1,0,0
8174-TBVCF,0,1,0,1,1,1,1,1,1,1,70,94.8,6859.05,4,3.1864285714285785,0,0,0,1,0,1,0,0,0,1,1,0,0,0
1698-XFZCI,0,0,0,1,1,1,1,0,1,1,61,107.75,6521.9,3,0.8336065573770526,0,0,0,1,0,1,1,0,1,0,0,1,0,0
1877-HKBQX,0,0,0,1,1,0,0,1,0,0,11,54.6,617.85,2,1.5681818181818201,1,0,0,0,0,0,0,0,1,0,0,0,1,0
4450-DLLMH,0,0,0,1,0,0,0,0,0,0,2,71.3,157.75,0,7.575000000000003,0,0,0,0,0,0,1,0,0,0,1,0,0,0
0428-AXXLJ,0,0,0,1,0,0,0,0,0,0,25,19.5,516.3,0,1.1519999999999975,0,0,1,0,0,0,0,1,1,0,0,0,0,0
2746-DIJLO,0,0,0,1,0,1,0,0,0,0,41,56.3,2364.0,1,1.3585365853658544,0,0,1,0,0,1,0,0,1,0,1,0,0,0
3508-VLHCZ,0,1,1,1,1,1,1,1,1,1,71,90.55,6239.05,4,2.676056338028161,0,0,0,1,0,1,0,0,0,1,1,0,0,0
4086-ATNFV,0,1,1,1,1,1,1,0,0,0,34,60.8,2042.05,3,0.7397058823529363,0,0,1,0,0,0,0,0,1,0,0,0,1,0
0468-YRPXN,0,0,0,1,0,0,1,1,1,1,29,98.8,2807.1,2,2.0034482758620697,0,0,1,0,0,0,1,0,0,0,1,0,0,0
5996-NRVXR,1,1,0,1,1,1,1,1,1,0,40,98.15,4116.8,4,4.769999999999996,0,0,1,0,0,0,1,0,1,0,1,0,0,0
3739-YBWAB,0,1,0,0,1,0,1,0,0,0,36,35.35,1317.95,2,1.2597222222222229,0,0,1,0,1,0,0,0,1,0,0,0,1,0
7047-FWEYA,0,1,0,1,0,1,0,1,1,1,46,103.15,4594.65,2,3.2663043478261073,0,0,1,0,0,1,1,0,1,0,0,1,0,0
2000-MPKCA,0,0,0,1,1,1,1,0,1,1,58,107.75,6332.75,3,1.4353448275862064,0,0,0,1,0,1,1,0,1,0,0,1,0,0
9762-YAQAA,0,0,0,0,0,1,0,0,0,0,39,81.4,3213.75,1,1.0038461538461547,0,0,1,0,0,1,1,0,1,0,1,0,0,0
5473-KHBPS,0,1,1,1,0,1,1,0,1,0,52,95.7,4976.15,2,0.004807692307707612,0,0,0,1,0,1,1,0,1,0,1,0,0,0
0100-DUVFC,1,1,0,1,0,1,1,0,1,1,70,104.8,7308.95,2,0.3864285714285671,0,0,0,1,0,1,1,0,1,0,0,1,0,0
5397-TUPSH,1,1,0,1,0,0,0,0,0,0,65,70.95,4555.2,0,0.8700000000000045,0,0,0,1,0,0,1,0,1,0,0,0,0,0
8950-MTZNV,0,0,0,1,0,0,0,0,0,0,1,44.95,44.95,0,0.0,0,0,0,0,0,0,0,0,0,0,0,0,1,0
0326-VDYXE,0,1,0,1,0,0,1,0,1,1,70,97.65,6982.5,1,2.0999999999999943,0,0,0,1,0,1,1,0,1,0,0,1,0,0
6773-LQTVT,1,1,1,1,0,1,1,0,0,0,29,35.65,1025.15,2,0.29999999999999716,0,0,1,0,1,0,0,0,0,0,0,0,1,0
0436-TWFFZ,0,0,0,1,1,0,1,1,1,1,67,85.25,5714.2,3,0.036567164179103884,0,0,0,1,0,1,0,0,0,1,0,0,1,0
8566-YPRGL,0,0,0,1,0,0,0,0,0,0,1,19.5,19.5,0,0.0,0,0,0,0,0,0,0,1,0,0,0,0,1,0
6609-MXJHJ,0,1,1,1,0,0,0,0,0,0,30,25.1,789.55,0,1.2183333333333302,0,0,1,0,0,1,0,1,0,1,0,0,1,0
2669-OIDSD,0,1,0,1,0,0,1,1,1,1,48,100.05,4834.0,2,0.6583333333333314,0,0,1,0,0,0,1,0,0,0,1,0,0,0
8400-WZICQ,0,1,1,0,1,1,0,0,0,0,55,55.7,3131.8,2,1.2418181818181822,0,0,0,1,0,0,0,0,0,0,0,1,0,0
9576-SYUHJ,0,0,0,1,1,0,0,0,1,0,37,91.15,3369.25,1,0.08918918918919871,0,0,1,0,0,1,1,0,0,0,0,1,0,0
0410-IPFTY,0,1,0,1,0,1,0,0,0,1,31,83.85,2674.15,1,2.4129032258064598,0,0,1,0,0,0,1,0,0,0,0,0,0,0
2831-EBWRN,0,0,0,1,0,0,0,0,0,0,4,45.9,199.75,0,4.037500000000001,0,0,0,0,0,0,0,0,0,0,0,1,0,0
9430-NKQLY,0,1,1,1,0,0,0,0,0,0,72,25.1,1790.8,0,0.2277777777777814,0,0,0,1,0,1,0,1,0,1,1,0,0,0
0247-SLUJI,0,1,1,0,0,0,0,0,0,0,1,19.7,19.7,0,0.0,0,0,0,0,0,0,0,1,0,0,0,0,1,0
9402-ORRAH,1,0,0,1,0,0,0,0,1,1,15,91.5,1400.3,0,1.8533333333333246,0,1,0,0,0,0,1,0,0,0,0,1,0,0
6483-OATDN,0,1,1,1,1,0,0,0,0,0,8,51.3,411.6,1,0.15000000000000568,1,0,0,0,0,0,0,0,0,0,1,0,0,0
1293-HHSHJ,0,0,0,0,0,0,0,0,0,0,35,21.1,741.0,0,0.0714285714285694,0,0,1,0,0,0,0,1,1,0,0,0,1,0
4840-ORQXB,1,0,0,0,0,1,1,0,1,1,56,104.75,5841.35,2,0.44017857142856087,0,0,0,1,0,1,1,0,0,0,0,1,0,0
3982-DQLUS,1,1,1,1,1,1,0,0,0,0,65,85.75,5688.45,2,1.7646153846153823,0,0,0,1,0,1,1,0,0,0,0,1,0,0
8610-ZIKJJ,0,1,1,0,0,0,0,0,0,0,2,20.3,31.9,0,4.350000000000001,0,0,0,0,0,0,0,1,1,0,0,0,1,0
3756-VNWDH,1,1,0,1,1,0,0,0,1,1,65,100.75,6674.65,1,1.9369230769230654,0,0,0,1,0,1,1,0,1,0,0,1,0,0
7801-KICAO,0,0,0,1,0,0,0,0,0,0,18,74.15,1345.75,0,0.61388888888888,0,1,0,0,0,1,1,0,0,0,0,1,0,0
7673-LPRNY,0,0,0,1,1,0,1,0,1,1,23,78.55,1843.05,2,1.5826086956521692,0,1,0,0,0,1,0,0,1,0,0,1,0,0
6060-QBMGV,0,1,0,0,0,0,0,0,0,0,70,19.85,1433.8,0,0.6328571428571408,0,0,0,1,0,0,0,1,0,1,1,0,0,0
7339-POGZN,0,0,0,0,0,0,0,0,0,0,4,50.7,214.55,0,2.9375,0,0,0,0,0,1,0,0,0,0,0,1,0,0
2828-SLQPF,0,0,0,1,0,0,0,0,0,0,19,45.0,865.85,0,0.5710526315789508,0,1,0,0,0,0,0,0,0,0,0,0,0,0
4465-VDKIQ,0,0,0,0,0,1,1,0,0,0,18,77.8,1358.6,2,2.322222222222223,0,1,0,0,0,0,1,0,0,0,0,1,0,0
2921-XWDJH,1,1,0,1,1,0,0,0,0,1,38,83.45,3147.15,1,0.6302631578947313,0,0,1,0,0,0,1,0,0,0,0,1,0,0
2558-BUOZZ,0,0,0,0,1,1,0,0,1,0,47,94.8,4535.85,2,1.7074468085106531,0,0,1,0,0,1,1,0,1,0,0,0,0,0
9257-AZMTZ,0,1,1,0,0,0,0,0,0,0,52,20.1,1078.75,0,0.6451923076923052,0,0,0,1,0,0,0,1,0,1,0,0,0,0
0003-MKNFE,0,0,0,0,0,0,0,0,0,1,9,59.9,542.4,0,0.36666666666666714,1,0,0,0,0,1,0,0,0,0,0,0,1,0
0975-UYDTX,0,1,0,1,1,1,1,1,1,1,26,90.1,2312.55,4,1.1557692307692236,0,0,1,0,0,1,0,0,1,0,1,0,0,0
4682-BLBUC,0,1,0,1,0,1,1,1,1,0,44,70.95,3250.45,3,2.9238636363636346,0,0,1,0,0,0,0,0,1,0,0,1,0,0
0975-VOOVL,0,0,0,0,0,1,0,0,0,0,3,29.2,98.5,1,3.6333333333333364,0,0,0,0,1,0,0,0,0,0,0,0,1,0
5968-VXZLG,0,0,0,1,0,0,0,0,0,0,2,46.6,87.9,0,2.6499999999999986,0,0,0,0,0,0,0,0,0,0,0,0,0,0
5201-FRKKS,0,0,0,0,1,0,0,0,0,0,25,74.3,1952.25,1,3.7900000000000063,0,0,1,0,0,0,1,0,0,0,0,0,0,0
9799-CAYJJ,1,1,0,1,0,0,0,0,0,0,2,69.3,153.8,0,7.6000000000000085,0,0,0,0,0,0,1,0,0,0,0,1,0,0
5443-SCMKX,0,1,0,1,0,1,1,0,0,1,58,94.3,5610.15,2,2.426724137931032,0,0,0,1,0,1,1,0,1,0,0,1,0,0
8295-KMENE,0,1,1,1,1,0,1,1,1,0,59,76.45,4519.5,3,0.1516949152542395,0,0,0,1,0,1,0,0,0,1,0,0,1,0
6738-ISCBM,0,0,0,1,1,0,1,0,1,1,44,54.0,2440.25,2,1.4602272727272734,0,0,1,0,1,0,0,0,1,0,0,1,0,0
9821-BESNZ,0,0,0,1,0,1,0,1,1,1,66,104.25,6860.6,2,0.3015151515151473,0,0,0,1,0,1,1,0,1,0,0,1,0,0
3678-MNGZX,0,1,1,0,0,0,0,0,0,0,68,19.95,1377.7,0,0.31029411764706083,0,0,0,1,0,0,0,1,0,1,0,0,0,0
1335-NTIUC,0,0,0,1,0,0,0,0,0,0,9,24.95,190.25,0,3.81111111111111,1,0,0,0,1,0,0,0,0,0,0,1,0,0
2916-BQZLN,0,0,0,1,1,0,1,0,0,0,19,84.75,1651.95,2,2.1947368421052715,0,1,0,0,0,1,1,0,0,0,0,1,0,0
4558-CGYCZ,0,0,0,0,0,0,0,0,0,0,4,19.75,78.3,0,0.1750000000000007,0,0,0,0,0,0,0,1,0,0,0,0,1,0
2368-GAKKQ,0,0,0,1,1,1,1,1,1,1,70,113.65,7939.25,4,0.2321428571428612,0,0,0,1,0,1,1,0,0,1,0,0,0,0
8710-YGLWG,0,0,0,1,0,0,0,0,0,0,1,44.9,44.9,0,0.0,0,0,0,0,0,0,0,0,0,0,0,0,1,0
3199-XGZCY,0,0,0,1,0,0,0,0,0,0,8,75.25,576.7,0,3.1624999999999943,1,0,0,0,0,1,1,0,0,0,0,1,0,0
3785-KTYSH,0,0,0,0,0,0,0,0,0,0,53,24.6,1279.0,0,0.46792452830188935,0,0,0,1,0,1,0,1,0,1,0,0,1,0
6814-ZPWFQ,1,0,0,0,0,0,0,0,0,0,51,25.0,1260.7,0,0.2803921568627459,0,0,0,1,0,1,0,1,1,0,0,0,0,0
4063-EIKNQ,0,1,1,0,0,0,0,0,0,0,11,20.95,267.35,0,3.354545454545459,1,0,0,0,0,0,0,1,0,0,0,0,0,0
6993-YCOBK,0,1,1,1,1,0,1,1,1,1,60,110.6,6586.85,3,0.8191666666666606,0,0,0,1,0,1,1,0,0,1,0,1,0,0
5206-HPJKM,0,0,0,1,1,1,0,0,0,0,17,55.5,934.15,2,0.5500000000000043,0,1,0,0,0,0,0,0,0,0,1,0,0,0
8393-JMVMB,0,0,0,0,0,0,0,0,0,0,1,19.45,19.45,0,0.0,0,0,0,0,0,0,0,1,0,0,0,0,1,0
5019-GQVCR,1,0,0,1,0,0,0,0,1,0,43,84.85,3645.6,0,0.06860465116278647,0,0,1,0,0,1,1,0,0,0,0,1,0,0
6036-TTFYU,0,1,0,0,0,0,0,0,0,0,16,19.6,314.45,0,0.05312499999999787,0,1,0,0,0,0,0,1,0,0,0,0,1,0
2550-AEVRU,0,1,1,0,1,1,0,0,0,0,57,53.45,3053.0,2,0.11140350877192873,0,0,0,1,0,0,0,0,1,0,0,1,0,0
0969-RGKCU,0,1,1,0,0,0,0,0,0,0,37,19.8,677.05,0,1.501351351351353,0,0,1,0,0,0,0,1,1,0,1,0,0,0
0378-CJKPV,0,1,0,0,1,1,1,1,1,1,72,112.1,7965.95,4,1.4618055555555571,0,0,0,1,0,1,1,0,0,1,1,0,0,0
2880-FPNAE,1,1,0,1,0,0,1,0,0,0,2,74.2,140.1,1,4.150000000000006,0,0,0,0,0,0,1,0,0,0,0,1,0,0
1703-MGIAB,0,0,0,1,0,0,1,1,1,0,17,69.0,1108.0,2,3.82352941176471,0,1,0,0,0,1,0,0,0,0,0,0,1,0
4311-QTTAI,0,0,0,0,0,0,0,0,0,0,16,19.35,295.55,0,0.8781250000000007,0,1,0,0,0,0,0,1,1,0,1,0,0,0
4318-RAJVY,0,0,0,1,0,0,0,0,0,0,10,19.8,198.25,0,0.02499999999999858,1,0,0,0,0,0,0,1,1,0,0,0,1,0
3612-YUNGG,0,1,1,1,0,1,1,1,1,1,64,109.2,6741.15,3,3.8695312500000085,0,0,0,1,0,1,1,0,0,1,1,0,0,0
2254-DLXRI,0,0,0,1,0,1,0,0,0,0,1,79.15,79.15,1,0.0,0,0,0,0,0,1,1,0,0,0,0,0,1,0
5062-CJJKH,0,1,1,0,0,1,1,0,0,0,25,53.65,1355.45,2,0.568000000000005,0,0,1,0,0,0,0,0,1,0,0,0,1,0
9028-LIHRP,0,1,1,0,1,1,1,1,1,0,71,100.2,7209.0,4,1.3352112676056294,0,0,0,1,0,0,1,0,0,1,1,0,0,0
1053-MXTTK,0,1,1,1,1,1,1,1,1,1,72,108.65,7726.35,4,1.3395833333333371,0,0,0,1,0,0,1,0,0,1,0,0,0,0
1530-ZTDOZ,0,1,0,0,1,0,0,0,1,0,49,40.65,2070.75,1,1.6102040816326522,0,0,0,1,1,0,0,0,0,0,0,0,0,0
1301-LOPVR,0,1,1,1,1,1,1,1,0,1,29,55.35,1636.95,4,1.0965517241379317,0,0,1,0,1,0,0,0,1,0,1,0,0,0
0853-TWRVK,0,1,0,0,1,1,1,1,0,1,72,105.6,7581.5,4,0.30138888888888005,0,0,0,1,0,1,1,0,0,1,0,0,0,0
6212-ATMLK,0,0,0,1,0,0,0,0,1,1,50,95.7,4729.75,0,1.105000000000004,0,0,0,1,0,1,1,0,0,0,0,1,0,0
8200-LGKSR,0,1,0,0,1,0,1,1,1,1,71,83.2,6126.1,3,3.0830985915493017,0,0,0,1,0,1,0,0,0,1,0,1,0,0
1568-BEKZM,1,1,0,0,1,1,1,1,1,1,70,90.05,6333.4,4,0.4271428571428544,0,0,0,1,0,1,0,0,0,1,1,0,0,0
0670-ANMUU,0,0,0,0,1,0,0,1,0,1,71,97.65,6687.85,2,3.454929577464796,0,0,0,1,0,1,1,0,1,0,1,0,0,0
6897-RWMUB,0,1,1,1,1,1,1,1,0,0,61,68.05,4158.25,4,0.11803278688525154,0,0,0,1,0,0,0,0,0,1,0,0,0,0
6999-CHVCF,0,0,0,1,1,1,1,0,0,1,68,102.1,7149.35,3,3.0375000000000085,0,0,0,1,0,1,1,0,0,1,0,0,0,0
6134-KWTBV,0,0,0,0,0,0,0,0,0,0,62,23.4,1429.65,0,0.34112903225806335,0,0,0,1,0,1,0,1,0,1,0,0,0,0
1077-HUUJM,0,0,1,1,0,0,0,0,0,0,7,71.05,472.65,0,3.528571428571425,1,0,0,0,0,0,1,0,0,0,0,1,0,0
0895-LNKRC,0,1,1,0,0,0,0,0,0,0,6,19.45,113.5,0,0.5333333333333314,0,0,0,0,0,0,0,1,1,0,0,0,1,0
2045-BMBTJ,1,0,0,1,1,1,1,0,1,1,33,59.45,1884.65,3,2.3393939393939363,0,0,1,0,1,0,0,0,0,0,0,0,0,0
8417-GSODA,0,1,1,0,0,0,0,0,1,1,28,92.2,2568.15,0,0.4803571428571445,0,0,1,0,0,1,1,0,1,0,0,0,0,0
5171-EPLKN,0,0,0,0,0,0,0,0,0,0,27,19.85,470.0,0,2.442592592592593,0,0,1,0,0,0,0,1,0,1,1,0,0,0
4452-QIIEB,0,0,0,0,0,0,0,0,0,0,7,43.9,278.4,0,4.128571428571433,1,0,0,0,0,0,0,0,0,0,0,0,1,0
6741-EGCBI,1,0,0,1,1,0,0,0,0,1,30,90.5,2595.85,1,3.971666666666664,0,0,1,0,0,1,1,0,0,0,1,0,0,0
7820-ZYGNY,0,0,0,0,0,1,0,0,0,1,63,90.45,5825.5,1,2.0182539682539584,0,0,0,1,0,1,1,0,1,0,1,0,0,0
9677-AVKED,0,0,1,1,0,1,1,1,1,1,53,84.6,4449.75,3,0.6424528301886738,0,0,0,1,0,1,0,0,1,0,0,1,0,0
2227-JRSJX,0,0,0,1,0,1,0,1,1,1,21,99.15,1956.4,2,5.988095238095241,0,1,0,0,0,0,1,0,0,0,0,0,0,0
9847-HNVGP,0,0,0,0,0,0,0,0,0,0,17,19.95,310.6,0,1.679411764705879,0,1,0,0,0,0,0,1,1,0,0,0,1,0
6696-YDAYZ,0,1,1,0,0,0,0,0,0,0,16,20.5,290.55,0,2.3406249999999993,0,1,0,0,0,0,0,1,0,1,0,0,1,0
8980-WQFWL,0,0,0,1,0,0,1,0,0,1,35,62.1,2096.1,1,2.211428571428577,0,0,1,0,0,0,0,0,0,0,0,1,0,0
1730-ZMAME,1,0,0,1,0,0,0,0,0,1,32,79.5,2665.0,0,3.78125,0,0,1,0,0,0,1,0,0,0,0,1,0,0
6506-EYCNH,0,1,1,1,0,0,0,0,0,0,28,19.55,543.8,0,0.1285714285714299,0,0,1,0,0,0,0,1,0,0,0,0,0,0
4634-JLRJT,0,0,0,1,0,0,0,0,0,0,1,20.35,20.35,0,0.0,0,0,0,0,0,0,0,1,0,0,0,0,1,0
9501-UKKNL,0,0,0,1,0,0,0,1,1,1,59,51.7,3005.8,1,0.7542372881355917,0,0,0,1,1,0,0,0,0,0,0,1,0,0
2560-QTSBS,0,1,1,1,0,0,0,0,0,0,72,23.3,1623.15,0,0.7562499999999979,0,0,0,1,0,1,0,1,1,0,0,0,0,0
4795-WRNVT,0,0,0,0,1,1,0,0,1,0,40,65.1,2586.0,2,0.44999999999998863,0,0,1,0,0,0,0,0,0,0,0,0,1,0
6080-TCMYC,0,1,1,1,0,0,1,0,0,0,40,81.2,3292.3,1,1.1075000000000017,0,0,1,0,0,1,1,0,0,0,0,1,0,0
7860-UXCRM,0,1,1,0,1,1,1,1,1,0,63,74.5,4674.55,4,0.3007936507936506,0,0,0,1,0,0,0,0,0,1,1,0,0,0
6357-JJPQT,0,0,0,1,0,0,0,0,1,0,3,80.5,232.35,0,3.049999999999997,0,0,0,0,0,0,1,0,0,0,0,1,0,0
2292-XQWSV,0,1,1,0,0,1,1,1,1,1,40,60.3,2448.5,3,0.9125000000000014,0,0,1,0,1,0,0,0,1,0,0,0,1,0
9552-TGUZV,0,1,0,1,1,0,0,0,0,0,8,75.0,658.1,1,7.262500000000003,1,0,0,0,0,0,1,0,0,0,0,0,1,0
5913-INRQV,1,1,0,0,1,0,0,1,1,0,34,90.15,3128.8,2,1.8735294117647072,0,0,1,0,0,0,1,0,1,0,0,0,1,0
9643-YBLUR,0,1,0,1,0,1,1,0,0,1,9,69.05,653.95,2,3.6111111111111143,1,0,0,0,0,1,0,0,0,0,1,0,0,0
8734-FNWVH,0,1,1,0,0,0,0,0,0,1,31,59.7,1825.5,0,0.8129032258064512,0,0,1,0,0,1,0,0,0,0,0,0,0,0
9447-YPTBX,0,1,0,1,0,0,0,0,0,0,50,19.85,943.1,0,0.9879999999999995,0,0,0,1,0,0,0,1,1,0,0,0,0,0
9026-LHEVG,0,0,0,0,0,1,0,0,0,1,9,40.75,359.4,1,0.81666666666667,1,0,0,0,1,0,0,0,0,0,0,1,0,0
7011-CVEUC,0,1,0,1,0,0,0,1,1,1,25,95.7,2338.35,1,2.166000000000011,0,0,1,0,0,0,1,0,0,0,1,0,0,0
6185-TASNN,1,0,0,0,0,0,0,0,0,0,1,46.3,46.3,0,0.0,0,0,0,0,0,0,0,0,0,0,0,1,0,0
7925-PNRGI,0,1,1,0,1,1,1,1,1,0,45,81.3,3541.1,4,2.6088888888888846,0,0,1,0,0,1,0,0,0,0,0,0,1,0
1552-CZCLL,0,1,1,0,0,0,0,0,0,0,55,20.0,1087.25,0,0.2318181818181806,0,0,0,1,0,0,0,1,0,0,1,0,0,0
3038-PQIUY,0,0,0,1,1,1,1,0,0,0,38,66.15,2522.4,3,0.22894736842104635,0,0,1,0,0,1,0,0,0,0,0,0,0,0
9313-CDOGY,0,1,1,0,0,0,0,0,0,0,38,19.6,717.3,0,0.7236842105263186,0,0,1,0,0,0,0,1,0,0,0,1,0,0
8148-BPLZQ,0,0,0,1,0,1,0,0,0,0,34,49.8,1734.2,1,1.205882352941181,0,0,1,0,0,0,0,0,0,0,0,1,0,0
2623-DRYAM,0,1,0,1,0,0,1,0,1,1,70,101.75,7069.3,1,0.7599999999999909,0,0,0,1,0,1,1,0,1,0,0,1,0,0
9987-LUTYD,0,0,0,0,1,0,0,1,0,0,13,55.15,742.9,2,1.9961538461538453,0,1,0,0,0,0,0,0,1,0,0,0,1,0
4488-KQFDT,0,0,0,1,0,1,1,0,1,1,61,103.95,6423.0,2,1.345081967213119,0,0,0,1,0,1,1,0,1,0,0,1,0,0
5693-PIPCS,0,0,0,1,0,1,0,1,1,1,41,99.65,4220.35,2,3.285365853658533,0,0,1,0,0,0,1,0,0,1,1,0,0,0
0491-KAPQG,0,0,0,1,0,0,0,0,0,0,21,73.7,1558.7,0,0.5238095238095184,0,1,0,0,0,1,1,0,0,0,0,1,0,0
1925-LFCZZ,1,0,0,1,0,0,1,0,1,1,55,50.05,2743.45,1,0.16909090909091162,0,0,0,1,1,0,0,0,1,0,0,0,0,0
8039-EQPIM,0,1,0,0,1,0,1,1,1,1,69,60.25,4055.5,3,1.4746376811594217,0,0,0,1,1,0,0,0,0,1,0,0,0,0
8707-RMEZH,1,1,0,0,1,1,0,0,0,1,69,87.3,6055.55,2,0.4615942028985529,0,0,0,1,0,0,1,0,1,0,1,0,0,0
3209-ZPKFI,0,1,1,0,0,1,0,0,0,0,47,54.25,2538.2,1,0.24574468085106815,0,0,1,0,0,1,0,0,0,0,0,1,0,0
6479-VDGRK,0,1,1,0,1,1,1,1,1,1,72,85.3,6129.2,4,0.17222222222221717,0,0,0,1,0,0,0,0,0,1,0,0,0,0
9373-WSLOY,1,1,0,1,0,1,1,1,1,0,33,50.0,1750.85,3,3.056060606060605,0,0,1,0,1,0,0,0,0,0,0,1,0,0
3569-JFODW,0,1,1,0,1,1,1,1,1,1,72,90.95,6652.45,4,1.4451388888888772,0,0,0,1,0,1,0,0,0,1,1,0,0,0
9819-FBNSV,1,1,0,1,0,0,0,0,0,0,37,72.25,2575.45,0,2.6432432432432478,0,0,1,0,0,0,1,0,0,0,0,0,0,0
9544-PYPSJ,1,1,1,1,0,1,1,0,0,1,62,96.1,6019.35,2,0.9862903225806576,0,0,0,1,0,1,1,0,0,0,1,0,0,0
1591-XWLGB,0,1,0,0,0,0,0,0,0,0,71,19.85,1379.6,0,0.4190140845070438,0,0,0,1,0,0,0,1,0,1,1,0,0,0
0396-UKGAI,0,0,1,1,0,1,0,1,0,0,23,55.3,1284.2,2,0.5347826086956573,0,1,0,0,0,0,0,0,0,0,0,0,0,0
3243-ZHOHY,0,0,0,0,0,0,0,0,0,0,16,20.1,296.15,0,1.5906250000000028,0,1,0,0,0,0,0,1,1,0,0,0,1,0
5186-EJEGL,0,0,0,1,1,0,1,1,1,0,9,69.5,653.25,3,3.0833333333333286,1,0,0,0,0,0,0,0,0,0,0,0,1,0
7527-QNRUS,0,1,1,1,0,0,0,0,0,0,17,25.15,412.6,0,0.8794117647058783,0,1,0,0,0,1,0,1,0,1,0,0,1,0
2203-GHNWN,0,1,0,1,0,0,1,0,0,0,24,79.65,1928.7,1,0.7124999999999915,0,1,0,0,0,1,1,0,0,0,0,0,1,0
3878-AVSOQ,1,0,0,1,0,0,0,0,0,0,1,71.25,71.25,0,0.0,0,0,0,0,0,0,1,0,0,0,0,1,0,0
3258-SYSWS,1,0,0,0,1,1,1,1,1,1,72,113.8,7845.8,4,4.830555555555549,0,0,0,1,0,1,1,0,0,1,0,0,0,0
5296-PSYVW,0,1,0,0,0,0,0,0,0,0,72,24.55,1750.7,0,0.23472222222222072,0,0,0,1,0,1,0,1,0,1,0,1,0,0
6319-QSUSR,0,0,1,0,0,0,0,0,0,0,11,19.7,216.2,0,0.045454545454546746,1,0,0,0,0,0,0,1,0,0,1,0,0,0
0512-FLFDW,1,1,0,1,0,0,1,0,1,1,60,100.5,6029.0,1,0.01666666666666572,0,0,0,1,0,1,1,0,1,0,1,0,0,0
0487-CRLZF,0,0,0,1,0,0,1,1,1,1,49,74.45,3721.9,2,1.5071428571428527,0,0,0,1,0,0,0,0,0,1,0,0,0,0
2107-FBPTK,1,0,0,1,0,1,1,0,1,1,30,104.1,3121.1,2,0.06333333333333258,0,0,1,0,0,1,1,0,0,0,0,1,0,0
9451-WLYRI,0,1,0,0,0,0,0,0,0,0,53,19.05,990.45,0,0.36226415094339615,0,0,0,1,0,0,0,1,1,0,1,0,0,0
8219-VYBVI,0,0,1,0,0,0,0,0,0,0,39,25.0,1004.35,0,0.7525641025641043,0,0,1,0,0,1,0,1,0,1,0,0,1,0
1991-VOPLL,0,0,0,0,0,0,0,0,0,0,9,19.05,157.65,0,1.533333333333335,1,0,0,0,0,0,0,1,0,0,0,0,1,0
9738-QLWTP,0,0,0,0,0,0,1,1,0,0,39,81.9,3219.75,2,0.6576923076923009,0,0,1,0,0,0,1,0,1,0,0,1,0,0
1016-DJTSV,1,0,0,1,0,0,0,0,0,0,8,69.7,572.85,0,1.90625,1,0,0,0,0,0,1,0,0,0,0,1,0,0
9419-IPPBE,0,1,1,1,0,0,1,0,0,1,51,90.15,4554.85,1,0.8392156862745139,0,0,0,1,0,1,1,0,1,0,0,1,0,0
0174-QRVVY,0,1,1,0,0,0,0,0,0,0,71,25.35,1847.55,0,0.6718309859154914,0,0,0,1,0,1,0,1,0,1,1,0,0,0
5699-BNCAS,1,0,0,1,0,0,0,0,0,0,71,24.65,1766.75,0,0.23380281690140947,0,0,0,1,0,1,0,1,0,1,0,0,1,0
2900-PHPLN,1,1,0,1,0,0,0,0,0,0,70,19.55,1462.05,0,1.33642857142857,0,0,0,1,0,0,0,1,0,1,1,0,0,0
8106-GWQOK,0,1,0,1,1,1,0,1,1,1,38,60.0,2193.2,3,2.284210526315796,0,0,1,0,1,0,0,0,0,1,0,0,0,0
8751-EDEKA,0,1,0,0,0,1,1,0,0,1,28,89.9,2433.5,2,2.989285714285714,0,0,1,0,0,0,1,0,0,0,1,0,0,0
6878-GGDWG,0,1,0,0,0,0,0,0,0,0,32,19.4,641.15,0,0.6359375000000007,0,0,1,0,0,0,0,1,0,0,0,0,0,0
4039-PIMHX,1,1,0,0,0,1,0,0,0,0,49,49.8,2398.4,1,0.8530612244897924,0,0,0,1,0,0,0,0,0,1,0,0,1,0
8450-LUGUK,0,1,1,1,0,0,0,0,0,0,37,24.1,861.85,0,0.8067567567567586,0,0,1,0,0,1,0,1,0,1,0,0,0,0
3604-WLABM,0,0,0,0,0,0,1,1,0,0,10,54.25,583.0,2,4.049999999999997,1,0,0,0,0,0,0,0,0,0,0,1,0,0
0795-GMVQO,0,1,0,0,1,1,1,0,1,1,67,109.9,7332.4,3,0.4611940298507591,0,0,0,1,0,1,1,0,1,0,1,0,0,0
2259-OUUSZ,0,0,0,1,0,0,1,1,0,0,7,35.5,249.55,2,0.14999999999999858,1,0,0,0,1,0,0,0,1,0,1,0,0,0
1142-IHLOO,0,0,0,0,0,0,0,0,1,1,51,87.55,4475.9,0,0.21274509803920694,0,0,0,1,0,0,1,0,1,0,1,0,0,0
4633-MKHYU,0,0,0,1,0,0,0,0,1,1,9,88.4,788.6,0,0.7777777777777857,1,0,0,0,0,0,1,0,0,0,0,0,1,0
6257-RJOHI,0,0,0,1,0,0,0,1,0,0,4,50.8,202.3,1,0.22499999999999432,0,0,0,0,0,0,0,0,0,0,0,0,1,0
1545-JFUML,0,1,0,1,1,1,1,0,1,0,71,99.0,6994.6,3,0.4845070422535116,0,0,0,1,0,1,1,0,0,1,0,1,0,0
7826-VVKWT,1,1,1,1,0,0,1,0,1,1,24,96.55,2263.45,1,2.239583333333343,0,1,0,0,0,0,1,0,0,1,0,1,0,0
1353-GHZOS,0,1,0,1,1,0,0,0,1,0,22,59.75,1374.35,1,2.720454545454544,0,1,0,0,0,0,0,0,1,0,0,0,0,0
2587-EKXTS,0,0,0,1,1,1,1,0,1,1,44,111.5,4915.15,3,0.20795454545454106,0,0,1,0,0,1,1,0,0,0,0,1,0,0
5442-BXVND,0,1,1,0,0,0,0,0,0,0,33,24.25,838.5,0,1.15909090909091,0,0,1,0,0,1,0,1,0,0,0,0,0,0
9753-OYLBX,0,0,0,0,0,0,0,0,0,0,1,20.5,20.5,0,0.0,0,0,0,0,0,0,0,1,0,0,0,0,1,0
2364-UFROM,0,0,0,0,1,1,0,1,1,0,30,70.4,2044.75,3,2.2416666666666742,0,0,1,0,0,0,0,0,1,0,0,1,0,0
6656-JWRQX,0,0,0,0,0,0,0,1,0,0,1,30.55,30.55,1,0.0,0,0,0,0,1,0,0,0,0,0,0,0,1,0
6473-ULUHT,0,1,1,0,1,1,0,1,1,1,16,84.9,1398.25,3,2.4906249999999943,0,1,0,0,0,1,0,0,0,0,0,1,0,0
7688-AWMDX,0,1,0,0,1,0,0,1,0,0,71,54.5,3778.2,2,1.2859154929577485,0,0,0,1,0,0,0,0,0,1,0,0,0,0
2842-BCQGE,0,0,0,1,0,0,0,0,0,0,43,75.35,3161.4,0,1.829069767441851,0,0,1,0,0,1,1,0,0,0,1,0,0,0
7244-QWYHG,0,1,0,1,1,0,0,1,1,0,50,44.45,2188.45,2,0.6810000000000045,0,0,0,1,1,0,0,0,1,0,0,0,0,0
5312-UXESG,0,0,0,0,0,0,1,0,1,1,41,98.05,3990.6,1,0.7182926829268297,0,0,1,0,0,1,1,0,0,0,0,0,0,0
2150-WLKUW,0,1,0,0,0,1,0,0,1,0,40,63.9,2635.0,1,1.9750000000000014,0,0,1,0,0,1,0,0,1,0,0,0,0,0
7159-FVYPK,0,1,1,1,0,1,1,0,1,0,3,69.15,235.0,2,9.183333333333323,0,0,0,0,0,1,0,0,0,0,0,0,0,0
7032-LMBHI,0,0,0,0,1,0,0,0,1,0,37,64.65,2347.85,1,1.194594594594605,0,0,1,0,0,1,0,0,1,0,0,0,0,0
6088-BXMRG,0,1,1,1,0,1,0,0,1,1,32,98.85,3089.6,1,2.299999999999997,0,0,1,0,0,1,1,0,0,0,0,1,0,0
4821-SJHJV,0,1,1,0,1,0,0,0,1,0,32,89.6,2901.8,1,1.0812500000000114,0,0,1,0,0,1,1,0,0,0,0,1,0,0
7346-MEDWM,0,0,0,1,0,1,1,0,0,0,59,83.25,4949.1,2,0.6330508474576391,0,0,0,1,0,1,1,0,0,0,0,1,0,0
1137-DGOWI,0,1,0,0,0,1,1,1,0,1,30,70.25,2198.9,3,3.046666666666667,0,0,1,0,0,0,0,0,1,0,0,0,0,0
3812-LRZIR,0,1,1,0,0,0,0,0,0,0,27,24.5,761.95,0,3.7203703703703717,0,0,1,0,0,1,0,1,0,1,0,1,0,0
9483-GCPWE,0,0,1,0,0,0,0,0,0,0,9,20.1,190.25,0,1.0388888888888879,1,0,0,0,0,0,0,1,1,0,0,0,1,0
4227-OJHAL,0,1,1,1,1,1,1,0,1,0,68,73.0,5163.0,3,2.92647058823529,0,0,0,1,0,1,0,0,1,0,1,0,0,0
9220-CXRSC,0,1,1,0,1,0,0,1,0,0,69,61.4,4059.85,2,2.5615942028985472,0,0,0,1,0,1,0,0,0,1,1,0,0,0
4993-JCRGJ,0,0,0,1,0,0,1,1,0,0,26,84.3,2281.6,2,3.4538461538461576,0,0,1,0,0,1,1,0,0,0,0,0,1,0
9537-JALFH,0,1,1,0,0,0,0,0,0,0,69,19.9,1356.7,0,0.237681159420287,0,0,0,1,0,0,0,1,0,1,0,0,0,0
6698-OXETB,0,0,0,0,0,0,0,0,0,0,11,20.4,231.45,0,0.6409090909090907,1,0,0,0,0,0,0,1,0,1,0,0,1,0
2103-ZRXFN,0,0,0,0,0,0,0,0,0,0,1,50.75,50.75,0,0.0,0,0,0,0,0,1,0,0,0,0,0,0,1,0
3724-BSCVH,0,1,1,0,0,0,0,0,0,0,10,20.45,242.4,0,3.7900000000000027,1,0,0,0,0,0,0,1,1,0,0,0,1,0
4877-TSOFF,0,1,1,1,1,1,0,1,0,1,55,75.75,4264.25,3,1.7818181818181813,0,0,0,1,0,1,0,0,1,0,0,0,0,0
9209-NWPGU,0,0,0,0,1,0,0,1,1,0,44,65.4,2774.55,2,2.342045454545456,0,0,1,0,0,0,0,0,1,0,0,1,0,0
7306-YDSOI,0,1,1,1,1,1,1,0,0,0,69,59.75,4069.9,3,0.7659420289855063,0,0,0,1,0,0,0,0,0,1,0,0,0,0
5288-AHOUP,1,0,0,1,0,0,0,0,0,1,11,78.5,874.2,0,0.9727272727272833,1,0,0,0,0,0,1,0,0,0,0,1,0,0
0655-YDGFJ,0,0,0,0,0,0,1,0,0,0,29,48.95,1323.7,1,3.305172413793102,0,0,1,0,0,0,0,0,0,0,0,0,0,0
8468-EHYJA,0,1,0,1,1,0,0,0,1,1,57,99.65,5497.05,1,3.2105263157894797,0,0,0,1,0,1,1,0,0,0,0,1,0,0
6823-SIDFQ,0,0,0,0,0,0,0,0,0,0,28,18.25,534.7,0,0.8464285714285715,0,0,1,0,0,0,0,1,1,0,1,0,0,0
1097-FSPVW,0,0,0,0,1,0,1,0,0,0,42,54.55,2455.05,2,3.903571428571439,0,0,1,0,0,0,0,0,0,0,1,0,0,0
8328-SKJNO,0,0,1,0,1,1,0,1,0,0,23,40.65,947.4,3,0.5413043478260846,0,1,0,0,1,0,0,0,1,0,0,0,0,0
7010-ZMVBF,0,1,1,0,0,0,0,0,0,0,18,20.45,357.0,0,0.6166666666666671,0,1,0,0,0,0,0,1,0,0,0,0,1,0
5201-CBWYG,0,1,1,0,0,0,0,0,0,0,62,24.8,1476.25,0,0.9895161290322605,0,0,0,1,0,1,0,1,1,0,0,0,0,0
6352-GIGGQ,0,0,0,1,1,1,1,1,1,1,67,88.8,5903.15,4,0.6932835820895491,0,0,0,1,0,1,0,0,1,0,0,0,0,0
3635-QQRQD,0,0,0,1,0,0,0,0,0,0,62,20.05,1201.65,0,0.6685483870967737,0,0,0,1,0,0,0,1,0,1,1,0,0,0
2897-DOVND,0,0,0,1,0,0,0,0,0,0,2,69.8,146.65,0,3.5250000000000057,0,0,0,0,0,0,1,0,0,0,0,1,0,0
3082-YVEKW,0,1,1,1,1,0,1,1,1,0,23,77.15,1759.4,3,0.654347826086962,0,1,0,0,0,1,0,0,0,1,0,0,0,0
0191-EQUUH,0,0,1,0,1,0,0,1,0,0,25,35.05,844.45,2,1.2719999999999985,0,0,1,0,1,0,0,0,0,1,0,0,0,0
7134-HBPBS,1,0,0,1,0,1,1,1,1,1,72,108.1,7774.05,3,0.12708333333333144,0,0,0,1,0,1,1,0,0,1,0,0,0,0
3489-HHPFY,0,1,0,1,0,0,0,0,1,0,2,84.05,134.05,0,17.02499999999999,0,0,0,0,0,1,1,0,0,0,0,1,0,0
2926-JEJJC,0,0,0,1,0,0,0,0,0,0,8,20.2,140.95,0,2.5812500000000007,1,0,0,0,0,0,0,1,1,0,0,0,0,0
4950-BDEUX,0,0,0,0,0,0,1,0,1,1,35,49.2,1701.65,1,0.5814285714285745,0,0,1,0,1,0,0,0,0,0,0,1,0,0
5789-LDFXO,0,0,0,0,0,0,0,0,0,0,24,24.6,592.65,0,0.09374999999999645,0,1,0,0,0,1,0,1,1,0,0,1,0,0
0508-OOLTO,0,1,1,1,0,0,0,0,0,0,2,71.65,135.75,0,3.7750000000000057,0,0,0,0,0,0,1,0,0,0,0,1,0,0
2984-TBYKU,0,1,1,1,1,1,1,1,0,1,72,104.9,7732.65,4,2.4979166666666544,0,0,0,1,0,1,1,0,0,1,1,0,0,0
9822-WMWVG,0,0,0,1,1,1,1,1,1,0,41,106.5,4282.4,4,2.051219512195132,0,0,1,0,0,1,1,0,0,0,0,1,0,0
9040-KZVWO,0,0,0,0,0,1,0,0,0,0,26,75.5,2018.1,1,2.119230769230768,0,0,1,0,0,0,1,0,1,0,0,0,0,0
1548-ARAGG,0,1,1,1,0,1,0,1,0,0,4,58.5,224.85,2,2.2875000000000014,0,0,0,0,0,1,0,0,0,0,0,0,1,0
6339-RZCBJ,0,0,0,0,0,1,1,1,1,1,48,78.9,3771.5,3,0.3270833333333343,0,0,1,0,0,0,0,0,0,1,1,0,0,0
4415-WNGVR,1,1,0,1,1,0,1,1,1,1,12,79.2,943.85,3,0.5458333333333343,1,0,0,0,0,0,0,0,1,0,0,1,0,0
2522-AHJXR,0,1,0,1,1,0,1,1,1,1,60,109.45,6572.85,3,0.09749999999999659,0,0,0,1,0,1,1,0,0,0,0,0,0,0
0412-UCCNP,0,0,0,1,1,0,1,1,0,0,55,59.2,3175.85,3,1.4572727272727306,0,0,0,1,0,0,0,0,0,1,0,1,0,0
1816-FLZDK,0,0,0,0,0,0,0,1,0,0,1,29.15,29.15,1,0.0,0,0,0,0,1,0,0,0,0,0,0,0,1,0
7096-UCLNH,0,0,0,0,0,0,0,0,0,0,1,20.05,20.05,0,0.0,0,0,0,0,0,0,0,1,0,0,0,0,1,0
4615-PIVVU,0,0,0,0,0,0,1,1,0,1,42,66.5,2762.75,2,0.720238095238102,0,0,1,0,0,0,0,0,0,1,1,0,0,0
8885-QSQBX,0,0,0,0,1,0,0,0,0,0,1,49.55,49.55,1,0.0,0,0,0,0,0,0,0,0,0,0,0,0,0,0
8617-ENBDS,0,0,0,1,0,0,1,0,0,0,3,73.6,232.5,1,3.9000000000000057,0,0,0,0,0,0,1,0,0,0,1,0,0,0
9385-NXKDA,0,1,0,1,1,1,1,0,1,1,72,82.65,5919.35,3,0.43680555555555145,0,0,0,1,0,1,0,0,0,1,1,0,0,0
0430-IHCDJ,0,0,0,1,0,0,0,0,0,0,15,49.0,749.25,0,0.9500000000000028,0,1,0,0,0,1,0,0,0,0,0,1,0,0
6674-KVJHG,0,0,0,0,0,0,0,0,0,0,11,25.2,245.15,0,2.913636363636364,1,0,0,0,0,1,0,1,1,0,0,1,0,0
1814-DKOLC,0,0,0,0,0,0,0,0,0,0,5,25.45,134.75,0,1.5,0,0,0,0,0,1,0,1,0,0,0,0,1,0
9351-HXDMR,0,1,0,1,1,0,1,1,1,1,72,110.9,8240.85,3,3.5562500000000057,0,0,0,1,0,1,1,0,0,1,1,0,0,0
3537-HPKQT,0,1,0,1,0,1,0,0,0,0,55,77.75,4266.4,1,0.17909090909091674,0,0,0,1,0,1,1,0,0,0,1,0,0,0
2129-ALKBS,0,1,1,1,0,0,0,0,0,0,40,26.2,1077.5,0,0.7375000000000007,0,0,1,0,0,1,0,1,0,0,0,1,0,0
5821-MMEIL,0,1,0,0,0,0,0,0,0,0,57,19.9,1115.6,0,0.3280701754385973,0,0,0,1,0,0,0,1,0,1,0,0,0,0
1309-XGFSN,1,1,1,1,0,1,1,0,1,1,52,80.85,4079.55,2,2.3971153846153754,0,0,0,1,0,1,0,0,1,0,0,1,0,0
6968-URWQU,0,1,0,1,0,0,0,0,1,0,43,56.35,2391.15,0,0.7418604651162752,0,0,1,0,0,0,0,0,1,0,0,0,1,0
4742-TXUEX,0,1,1,0,0,0,0,0,0,0,47,19.3,890.5,0,0.3531914893617021,0,0,1,0,0,0,0,1,0,1,0,0,0,0
9631-XEYKE,0,0,0,0,0,0,0,0,0,0,3,50.4,137.25,0,4.649999999999999,0,0,0,0,0,1,0,0,0,0,0,0,0,0
1335-MXCSE,0,1,1,1,0,0,1,1,0,0,55,55.25,3119.9,2,1.4754545454545465,0,0,0,1,0,0,0,0,0,1,1,0,0,0
8873-TMKGR,0,0,0,0,0,0,0,0,0,0,29,19.1,529.5,0,0.8413793103448306,0,0,1,0,0,0,0,1,1,0,0,0,1,0
8800-JOOCF,0,0,1,1,0,0,0,0,1,0,12,84.05,966.55,0,3.504166666666663,1,0,0,0,0,1,1,0,0,0,0,1,0,0
1469-LBJQJ,0,1,0,1,0,1,1,0,1,1,66,105.2,6936.85,2,0.09621212121211897,0,0,0,1,0,1,1,0,0,0,0,1,0,0
0064-YIJGF,0,1,1,1,0,0,0,0,0,0,27,75.75,1929.0,0,4.305555555555557,0,0,1,0,0,1,1,0,0,0,0,0,0,0
2386-OWURY,0,0,0,1,0,0,0,1,1,1,58,95.3,5817.7,1,5.005172413793105,0,0,0,1,0,0,1,0,0,0,0,1,0,0
0310-VQXAM,0,0,0,0,0,0,0,0,0,0,9,19.85,178.8,0,0.01666666666666572,1,0,0,0,0,0,0,1,0,0,0,0,1,0
3453-RTHJQ,0,0,0,1,0,0,0,0,0,0,6,69.1,435.0,0,3.4000000000000057,0,0,0,0,0,0,1,0,0,0,0,1,0,0
6278-FEPBZ,0,0,0,0,0,0,0,0,0,0,9,20.25,186.15,0,0.43333333333333357,1,0,0,0,0,0,0,1,0,0,0,0,1,0
4280-DLSHD,0,1,0,1,0,1,1,0,0,0,8,54.75,445.85,2,0.9812500000000028,1,0,0,0,0,0,0,0,0,0,0,0,1,0
1508-DFXCU,0,0,0,1,0,0,0,0,1,0,12,81.45,912.0,0,5.450000000000003,1,0,0,0,0,0,1,0,0,0,0,1,0,0
7868-BGSZA,0,1,0,1,1,0,1,0,1,1,43,80.2,3581.6,2,3.0930232558139465,0,0,1,0,0,1,0,0,1,0,0,1,0,0
2800-QQUSO,0,0,0,1,0,0,0,1,1,1,42,100.3,4222.95,1,0.24642857142856656,0,0,1,0,0,1,1,0,0,0,0,1,0,0
7973-DZRKH,0,0,1,1,1,0,1,1,0,0,66,90.95,5930.05,3,1.1007575757575694,0,0,0,1,0,1,1,0,0,1,1,0,0,0
7698-YFGEZ,0,0,0,0,0,0,0,0,0,0,1,20.0,20.0,0,0.0,0,0,0,0,0,0,0,1,0,0,0,0,1,0
9773-PEQBZ,0,0,0,0,0,1,0,0,0,0,10,79.85,797.25,1,0.125,1,0,0,0,0,1,1,0,0,0,0,1,0,0
0650-BWOZN,1,0,0,1,0,1,0,0,0,0,18,73.55,1359.45,1,1.9750000000000085,0,1,0,0,0,0,1,0,0,0,0,1,0,0
7785-RDVIG,0,1,1,0,0,0,0,0,0,0,3,19.3,54.7,0,1.0666666666666664,0,0,0,0,0,0,0,1,0,0,0,0,1,0
9602-WCXPI,0,0,0,0,0,0,0,0,0,0,50,20.15,989.05,0,0.3689999999999998,0,0,0,1,0,0,0,1,1,0,1,0,0,0
2903-YYTBW,0,1,1,0,0,0,0,0,0,0,1,44.55,44.55,0,0.0,0,0,0,0,0,0,0,0,0,0,0,1,0,0
3620-MWJNE,0,0,0,1,1,0,0,1,0,0,2,54.45,87.3,2,10.800000000000004,0,0,0,0,0,0,0,0,0,0,0,0,1,0
8573-JGCZW,0,0,0,1,0,0,0,0,0,0,17,19.65,351.55,0,1.029411764705884,0,1,0,0,0,0,0,1,1,0,0,0,0,0
6837-HAEVO,0,1,1,1,0,1,1,0,1,1,69,105.0,7297.75,2,0.7644927536231876,0,0,0,1,0,1,1,0,0,1,0,1,0,0
6701-YVNQG,0,1,0,1,1,1,1,1,1,1,72,88.7,6301.7,4,1.1763888888888943,0,0,0,1,0,1,0,0,0,1,1,0,0,0
4304-XUMGI,1,1,1,1,1,1,1,0,0,1,50,75.15,3822.45,3,1.2989999999999924,0,0,0,1,0,1,0,0,0,1,0,0,0,0
9504-YAZWB,0,0,0,0,0,0,0,0,0,0,53,20.25,1048.45,0,0.4679245283018858,0,0,0,1,0,0,0,1,0,1,0,0,1,0
8819-ZBYNA,0,1,0,1,1,1,0,1,1,1,58,109.1,6393.65,3,1.1353448275862092,0,0,0,1,0,1,1,0,0,1,1,0,0,0
6174-NRBTZ,0,0,0,1,1,0,0,0,0,0,46,30.75,1489.3,1,1.626086956521739,0,0,1,0,1,0,0,0,1,0,0,0,0,0
9481-IEBZY,1,1,0,1,1,1,1,1,1,1,72,112.9,8061.5,4,0.9347222222222342,0,0,0,1,0,1,1,0,0,0,1,0,0,0
6137-NICCO,0,1,1,1,0,1,1,0,1,0,6,94.05,518.75,2,7.591666666666669,0,0,0,0,0,1,1,0,0,0,0,0,1,0
9065-ZCPQX,0,1,0,0,1,1,1,1,0,1,72,78.85,5763.15,4,1.1937499999999943,0,0,0,1,0,1,0,0,0,1,0,0,0,0
6402-EJMWF,0,0,0,1,0,0,0,0,0,1,4,55.3,238.5,0,4.325000000000003,0,0,0,0,0,0,0,0,0,0,0,0,1,0
3620-EHIMZ,0,1,1,0,0,0,0,0,0,0,52,19.35,1031.7,0,0.4903846153846132,0,0,0,1,0,0,0,1,0,1,0,0,1,0
3213-VVOLG,0,1,1,0,0,0,0,0,0,0,0,25.35,0.0,0,0.0,0,0,0,0,0,1,0,1,0,1,0,0,1,0
6870-ECSHE,0,0,0,0,0,0,0,0,0,0,2,20.45,34.8,0,3.0500000000000007,0,0,0,0,0,0,0,1,1,0,0,0,1,0
8747-UDCOI,0,1,0,0,0,0,0,0,0,0,65,19.35,1319.95,0,0.9569230769230757,0,0,0,1,0,0,0,1,0,1,0,0,0,0
4626-OZDTJ,0,1,0,1,0,1,0,1,1,1,51,78.65,3950.85,2,1.1823529411764753,0,0,0,1,0,1,0,0,1,0,1,0,0,0
9169-BSVIN,0,0,0,0,0,0,1,0,1,1,12,74.75,827.05,1,5.829166666666666,1,0,0,0,0,1,0,0,0,0,0,0,0,0
8194-PEEBY,0,1,1,0,0,0,0,0,0,0,24,19.9,533.5,0,2.3291666666666693,0,1,0,0,0,0,0,1,1,0,0,0,1,0
6872-HXFNF,0,1,0,0,0,0,1,1,0,0,64,58.35,3756.45,2,0.34453124999999574,0,0,0,1,0,1,0,0,1,0,0,0,0,0
7714-YXSMB,0,0,0,1,0,0,1,0,1,1,26,100.5,2599.95,1,0.5019230769230774,0,0,1,0,0,1,1,0,0,0,0,0,0,0
8387-UGUSU,0,1,1,0,0,0,0,0,0,0,15,20.05,284.3,0,1.0966666666666676,0,1,0,0,0,0,0,1,0,0,0,0,1,0
1080-BWSYE,1,1,0,0,0,0,0,0,0,0,64,25.65,1740.8,0,1.5500000000000007,0,0,0,1,0,1,0,1,0,1,1,0,0,0
1194-HVAIF,0,1,0,0,0,0,0,0,1,1,27,95.0,2462.55,0,3.794444444444437,0,0,1,0,0,1,1,0,0,0,1,0,0,0
1767-TGTKO,0,1,1,1,0,0,0,0,0,0,8,45.45,411.75,0,6.018749999999997,1,0,0,0,0,0,0,0,0,0,0,1,0,0
8439-LTUGF,0,0,0,1,0,0,0,0,0,0,10,20.0,198.6,0,0.14000000000000057,1,0,0,0,0,0,0,1,0,0,1,0,0,0
8805-JNRAZ,0,0,0,0,0,1,0,0,0,0,2,49.2,103.7,1,2.6499999999999986,0,0,0,0,0,0,0,0,0,0,0,0,1,0
6418-HNFED,0,1,0,1,1,1,1,1,1,1,51,83.25,4089.45,4,3.064705882352939,0,0,0,1,0,0,0,0,0,1,1,0,0,0
0206-OYVOC,0,1,1,1,0,0,0,0,0,0,46,19.25,864.2,0,0.4630434782608681,0,0,1,0,0,0,0,1,0,1,0,0,1,0
7291-CDTMJ,0,0,0,1,0,0,0,0,0,0,1,19.65,19.65,0,0.0,0,0,0,0,0,0,0,1,0,0,0,0,0,0
7128-GGCNO,0,0,0,0,0,0,0,0,0,0,46,72.8,3249.4,0,2.160869565217382,0,0,1,0,0,1,1,0,0,0,0,0,0,0
0237-YFUTL,0,1,0,1,1,1,0,1,1,1,50,109.65,5405.8,3,1.534000000000006,0,0,0,1,0,1,1,0,0,0,0,0,0,0
7691-KGKGP,0,1,1,0,0,1,0,1,1,0,53,65.0,3363.8,2,1.532075471698107,0,0,0,1,0,0,0,0,0,0,1,0,0,0
6710-HSJRD,0,1,0,1,0,1,1,1,1,1,61,114.1,7132.15,3,2.820491803278685,0,0,0,1,0,1,1,0,0,0,0,1,0,0
3675-EQOZA,0,0,0,0,0,0,0,0,0,0,5,20.65,93.55,0,1.9399999999999977,0,0,0,0,0,0,0,1,0,0,0,0,0,0
0840-DCNZE,0,0,0,1,1,1,1,1,1,1,47,86.95,4138.9,4,1.1117021276595693,0,0,1,0,0,0,0,0,1,0,0,0,0,0
1732-FEKLD,0,0,0,1,0,1,1,0,1,0,54,94.75,5121.75,2,0.09722222222222854,0,0,0,1,0,1,1,0,1,0,0,0,0,0
9862-KJTYK,0,0,1,1,0,0,0,0,0,0,19,25.35,566.1,0,4.444736842105264,0,1,0,0,1,0,0,0,0,0,1,0,0,0
0479-HMSWA,0,0,1,1,0,1,1,1,1,1,26,105.45,2715.3,3,1.0153846153846047,0,0,1,0,0,0,1,0,0,1,0,1,0,0
5854-KSRBJ,0,1,1,0,0,0,0,0,0,0,70,25.4,1782.05,0,0.05785714285714505,0,0,0,1,0,1,0,1,0,1,0,0,1,0
0365-BZUWY,0,1,0,1,0,1,1,0,1,1,17,102.55,1742.5,2,0.04999999999999716,0,1,0,0,0,1,1,0,0,0,0,1,0,0
5701-SVCWR,0,0,1,0,0,0,0,0,0,0,1,24.0,24.0,0,0.0,0,0,0,0,0,1,0,1,0,0,0,0,1,0
3129-AAQOU,0,1,1,0,0,0,0,0,0,0,19,25.6,485.9,0,0.02631578947368851,0,1,0,0,0,1,0,1,0,1,0,0,1,0
4922-CVPDX,0,1,0,1,0,1,1,0,1,1,26,73.5,1905.7,2,0.20384615384615756,0,0,1,0,0,0,0,0,0,1,1,0,0,0
1357-BIJKI,0,1,0,1,0,1,0,0,1,1,50,98.25,4858.7,1,1.0760000000000076,0,0,0,1,0,1,1,0,1,0,0,1,0,0
1099-BTKWT,0,1,0,1,1,0,1,0,1,1,68,54.4,3723.65,2,0.3595588235294116,0,0,0,1,1,0,0,0,1,0,0,1,0,0
2018-PZKMU,0,1,1,0,0,0,1,1,1,1,9,103.1,970.45,2,4.7277777777777885,1,0,0,0,0,0,1,0,0,0,0,1,0,0
7340-KEFQE,0,1,1,0,1,0,0,1,0,0,51,34.2,1782.0,2,0.7411764705882291,0,0,0,1,1,0,0,0,0,1,0,0,0,0
4570-QHXHL,0,0,0,1,0,0,0,0,0,0,9,43.75,405.7,0,1.3277777777777757,1,0,0,0,0,0,0,0,0,0,0,1,0,0
7392-YYPYJ,0,0,0,1,0,1,0,0,1,1,22,100.65,2415.95,1,9.165909090909082,0,1,0,0,0,1,1,0,0,0,0,1,0,0
2223-GDSHL,0,1,1,1,1,1,1,1,1,1,71,116.05,8297.5,4,0.8161971830985948,0,0,0,1,0,1,1,0,0,1,0,0,0,0
9470-RTWDV,0,1,1,1,0,0,1,1,1,1,26,82.0,2083.1,2,1.880769230769232,0,0,1,0,0,1,0,0,1,0,1,0,0,0
2176-OSJUV,0,1,0,0,1,1,0,1,0,0,71,65.15,4681.75,3,0.790140845070411,0,0,0,1,0,1,0,0,0,1,0,0,0,0
9348-YVOMK,0,0,0,1,0,0,0,0,0,0,4,44.8,176.2,0,0.75,0,0,0,0,0,0,0,0,0,0,1,0,0,0
8104-OSKWT,0,0,0,1,1,0,0,0,0,0,12,79.8,1001.2,1,3.63333333333334,1,0,0,0,0,1,1,0,0,0,0,1,0,0
4521-YEEHE,0,1,0,1,0,0,0,1,1,0,18,88.85,1594.75,1,0.2527777777777658,0,1,0,0,0,1,1,0,0,0,0,1,0,0
4090-KPJIP,0,0,0,1,0,0,0,0,0,0,3,74.95,212.4,0,4.150000000000006,0,0,0,0,0,1,1,0,0,0,0,1,0,0
3786-WOVKF,1,1,0,1,1,1,0,0,1,1,72,106.85,7677.4,2,0.21944444444444855,0,0,0,1,0,1,1,0,1,0,0,0,0,0
2592-HODOV,0,0,0,0,0,0,0,0,0,0,13,19.3,259.65,0,0.6730769230769198,0,1,0,0,0,0,0,1,1,0,1,0,0,0
7995-ZHHNZ,0,1,0,0,1,0,0,0,0,0,42,56.1,2386.85,1,0.7297619047619008,0,0,1,0,0,1,0,0,1,0,1,0,0,0
3824-RHKVR,0,0,0,0,0,0,0,0,0,0,17,19.7,340.35,0,0.32058823529412095,0,1,0,0,0,0,0,1,0,0,1,0,0,0
5816-SCGFC,1,0,0,1,0,1,0,0,0,0,7,51.3,419.35,1,8.607142857142861,1,0,0,0,0,0,0,0,0,0,0,0,1,0
5989-AXPUC,0,1,0,0,1,1,1,1,1,1,68,118.6,7990.05,4,1.099264705882348,0,0,0,1,0,1,1,0,0,1,0,0,1,0
4979-HPRFL,0,1,1,0,0,0,0,0,0,0,56,24.15,1402.25,0,0.8901785714285744,0,0,0,1,0,1,0,1,0,1,0,0,0,0
8590-OHDIW,0,1,1,0,0,0,0,0,0,0,38,20.3,749.35,0,0.5802631578947377,0,0,1,0,0,0,0,1,1,0,0,0,1,0
8015-IHCGW,0,1,1,1,1,1,1,1,1,1,72,115.5,8425.15,4,1.5159722222222172,0,0,0,1,0,1,1,0,0,1,0,1,0,0
2332-TODQS,0,0,0,0,0,0,0,0,0,0,48,25.05,1171.5,0,0.6437500000000007,0,0,1,0,0,1,0,1,1,0,1,0,0,0
9278-VZKCD,1,1,0,1,1,1,1,0,1,1,52,109.1,5647.95,3,0.4855769230769198,0,0,0,1,0,1,1,0,0,0,0,1,0,0
8008-OTEZX,0,1,1,0,0,0,0,0,0,0,35,19.65,708.8,0,0.6014285714285705,0,0,1,0,0,0,0,1,1,0,0,0,1,0
2773-OVBPK,0,1,0,1,0,1,1,1,1,1,67,111.3,7567.2,3,1.643283582089552,0,0,0,1,0,1,1,0,0,1,0,0,0,0
5999-LCXAO,0,0,0,0,1,0,0,0,0,0,1,29.9,29.9,1,0.0,0,0,0,0,1,0,0,0,0,0,0,0,1,0
5206-XZZQI,0,0,0,1,0,1,0,1,0,0,53,80.6,4348.1,2,1.4396226415094446,0,0,0,1,0,0,1,0,0,0,0,0,1,0
4803-LBYPN,0,1,1,0,0,0,0,0,0,0,34,20.8,635.9,0,2.0970588235294123,0,0,1,0,0,0,0,1,0,0,0,0,1,0
2139-FQHLM,0,0,0,0,0,0,1,1,1,0,19,89.95,1682.4,2,1.4026315789473642,0,1,0,0,0,0,1,0,0,0,0,0,1,0
8261-GWDBQ,1,1,0,1,1,1,1,1,1,1,60,116.05,6925.9,4,0.6183333333333394,0,0,0,1,0,1,1,0,0,1,0,0,0,0
1093-YSWCA,0,0,0,0,0,0,0,0,0,0,11,19.55,223.15,0,0.7363636363636346,1,0,0,0,0,0,0,1,0,1,1,0,0,0
3882-IYOIJ,0,1,1,0,1,1,1,1,1,1,60,115.25,6758.45,4,2.609166666666667,0,0,0,1,0,1,1,0,0,1,1,0,0,0
8749-TZYEC,0,1,0,0,0,0,0,0,0,0,72,24.8,1874.3,0,1.2319444444444443,0,0,0,1,0,1,0,1,0,1,1,0,0,0
1755-FZQEC,0,0,0,0,0,0,0,0,0,0,39,19.9,791.15,0,0.3858974358974372,0,0,1,0,0,0,0,1,1,0,0,0,1,0
3115-JPJDD,0,1,0,1,1,0,1,0,0,0,59,81.25,4639.45,2,2.6152542372881413,0,0,0,1,0,0,1,0,1,0,1,0,0,0
5600-KTXFM,0,1,1,0,0,0,0,0,0,0,2,69.95,143.9,0,2.0,0,0,0,0,0,0,1,0,0,0,0,0,1,0
6339-TBELP,0,0,0,1,0,0,1,1,0,0,71,86.4,6172.0,2,0.5295774647887299,0,0,0,1,0,1,1,0,0,1,1,0,0,0
7964-YESJC,0,1,0,0,1,1,1,0,0,0,24,66.3,1559.45,3,1.3229166666666572,0,1,0,0,0,1,0,0,0,0,0,0,1,0
6173-GOLSU,1,1,0,1,0,0,0,0,1,1,67,94.65,6079.0,0,3.918656716417914,0,0,0,1,0,1,1,0,0,0,1,0,0,0
9938-ZREHM,0,1,0,0,0,1,0,1,0,1,37,72.1,2658.4,2,0.2513513513513459,0,0,1,0,0,1,0,0,1,0,0,0,1,0
7950-XWOVN,0,0,0,0,0,1,1,0,0,0,11,34.7,383.55,2,0.16818181818181444,1,0,0,0,1,0,0,0,0,0,0,0,1,0
4647-MUZON,0,1,0,1,0,0,1,0,1,1,18,95.95,1745.5,1,1.0222222222222257,0,1,0,0,0,0,1,0,0,0,1,0,0,0
9702-AIUJO,0,1,1,1,0,0,0,0,0,0,50,44.8,2230.85,0,0.18299999999999983,0,0,0,1,0,0,0,0,1,0,0,0,0,0
8849-PRIQJ,0,1,1,1,1,0,1,1,1,1,67,109.4,7281.6,3,0.7194029850746233,0,0,0,1,0,1,1,0,1,0,0,1,0,0
8851-RAGOV,0,1,0,1,1,1,0,1,0,1,25,71.05,1837.7,3,2.4579999999999984,0,0,1,0,0,0,0,0,0,0,0,0,1,0
5396-IZEPB,0,0,0,0,0,0,0,0,0,0,9,19.7,180.7,0,0.37777777777777644,1,0,0,0,0,0,0,1,0,0,1,0,0,0
1729-VLAZJ,0,0,1,0,1,1,0,1,0,0,10,40.25,411.45,3,0.894999999999996,1,0,0,0,1,0,0,0,1,0,0,0,1,0
8285-ABVLB,0,1,0,0,0,0,0,0,0,0,70,19.85,1328.35,0,0.8735714285714309,0,0,0,1,0,0,0,1,0,1,1,0,0,0
0701-TJSEF,0,0,0,1,1,0,1,1,0,1,9,68.25,576.95,3,4.144444444444446,1,0,0,0,0,0,0,0,0,0,0,0,0,0
5712-VBOXD,0,0,0,1,0,0,0,0,0,0,4,20.15,68.45,0,3.037499999999998,0,0,0,0,0,0,0,1,0,0,1,0,0,0
6629-LADHQ,0,0,0,0,1,0,0,0,0,0,2,50.95,123.05,1,10.574999999999996,0,0,0,0,0,0,0,0,0,0,0,0,1,0
1559-DTODC,0,0,0,1,0,0,0,0,0,0,19,25.15,468.35,0,0.49999999999999645,0,1,0,0,1,0,0,0,0,0,0,0,0,0
4797-MIWUM,0,1,1,1,0,0,0,0,0,0,7,20.25,174.7,0,4.7071428571428555,1,0,0,0,0,0,0,1,0,0,0,0,0,0
8720-RQSBJ,1,0,0,0,0,0,0,0,0,0,1,44.0,44.0,0,0.0,0,0,0,0,0,0,0,0,0,0,0,1,0,0
4537-CIBHB,0,1,1,0,0,0,0,0,0,0,9,20.25,172.35,0,1.1000000000000014,1,0,0,0,0,0,0,1,1,0,0,0,1,0
4324-AHJKS,0,0,0,0,1,0,1,0,0,0,5,55.8,300.4,2,4.280000000000001,0,0,0,0,0,0,0,0,0,0,1,0,0,0
4355-CVPVS,0,1,1,0,0,0,0,0,1,1,56,88.9,4968.0,0,0.1857142857142975,0,0,0,1,0,0,1,0,1,0,0,0,0,0
4495-LHSSK,0,0,1,0,1,0,0,0,0,0,18,57.65,992.7,1,2.499999999999993,0,1,0,0,0,1,0,0,0,0,0,0,1,0
5915-ANOEI,0,1,0,0,1,1,1,1,1,0,70,79.15,5536.5,4,0.057142857142864045,0,0,0,1,0,1,0,0,0,1,0,0,1,0
9861-PDSZP,0,0,0,1,0,1,1,1,1,1,72,108.05,7806.6,3,0.3750000000000142,0,0,0,1,0,1,1,0,0,1,1,0,0,0
7225-CBZPL,1,1,0,1,0,0,0,0,1,1,17,94.8,1563.9,0,2.8058823529411683,0,1,0,0,0,1,1,0,0,0,0,1,0,0
6704-UTUKK,0,1,0,1,0,0,0,0,1,1,29,45.9,1332.4,0,0.04482758620689964,0,0,1,0,1,0,0,0,0,0,0,1,0,0
2019-HDCZY,0,1,0,0,0,0,1,0,1,1,63,102.6,6296.75,1,2.6515873015872984,0,0,0,1,0,1,1,0,0,1,0,1,0,0
8788-DOXSU,0,0,0,1,0,0,1,0,0,1,59,61.35,3645.5,1,0.4381355932203377,0,0,0,1,0,0,0,0,1,0,0,0,0,0
7404-JLKQG,0,0,0,0,0,0,1,0,1,0,3,57.55,161.45,1,3.7333333333333343,0,0,0,0,0,0,0,0,0,0,0,1,0,0
7421-ZLUPA,0,0,0,1,0,1,0,0,0,0,8,29.25,226.95,1,0.8812500000000014,1,0,0,0,1,0,0,0,0,0,0,0,1,0
3274-NSDWE,0,0,0,0,0,0,0,0,0,0,68,19.6,1441.65,0,1.6007352941176478,0,0,0,1,0,0,0,1,0,1,1,0,0,0
2632-IVXVF,0,1,1,0,1,0,1,1,1,1,68,111.75,7511.3,3,1.2897058823529335,0,0,0,1,0,1,1,0,0,1,1,0,0,0
3692-JHONH,1,1,0,1,0,1,1,0,1,1,52,106.5,5621.85,2,1.6125000000000114,0,0,0,1,0,1,1,0,1,0,0,1,0,0
8915-NNTRC,0,1,1,1,1,1,0,1,1,1,72,107.7,7919.8,3,2.297222222222217,0,0,0,1,0,1,1,0,0,1,1,0,0,0
5914-GXMDA,0,1,0,0,0,0,0,0,0,0,32,19.3,593.2,0,0.7624999999999993,0,0,1,0,0,0,0,1,1,0,0,0,1,0
7463-IFMQU,0,1,0,0,0,0,0,0,0,0,72,20.05,1423.65,0,0.27708333333333357,0,0,0,1,0,0,0,1,0,1,0,0,0,0
2920-RNCEZ,0,1,1,1,0,0,0,0,0,0,1,69.95,69.95,0,0.0,0,0,0,0,0,0,1,0,0,0,1,0,0,0
2541-YGPKE,0,1,1,0,1,0,0,1,0,1,42,63.7,2763.35,2,2.0940476190476147,0,0,1,0,0,0,0,0,1,0,1,0,0,0
5382-TEMLV,0,0,0,1,1,0,0,0,0,0,45,50.9,2298.55,1,0.17888888888889198,0,0,1,0,0,0,0,0,0,0,0,0,0,0
3441-CGZJH,0,1,1,1,1,0,1,1,1,1,43,60.4,2640.55,3,1.0081395348837248,0,0,1,0,1,0,0,0,1,0,1,0,0,0
9592-ERDKV,0,1,0,0,1,0,1,0,1,1,37,79.25,2911.8,2,0.5527027027027032,0,0,1,0,0,1,0,0,1,0,0,0,1,0
4778-IZARL,0,1,0,1,1,1,1,1,1,1,63,110.1,6705.7,4,3.660317460317458,0,0,0,1,0,0,1,0,0,1,1,0,0,0
0432-CAJZV,0,0,0,0,0,0,0,0,1,1,3,90.7,237.65,0,11.483333333333334,0,0,0,0,0,0,1,0,0,0,0,0,1,0
7008-LZVOZ,0,1,1,1,0,0,0,0,0,0,66,25.3,1672.35,0,0.03863636363636047,0,0,0,1,0,1,0,1,0,1,1,0,0,0
1200-TUZHR,1,0,0,0,0,0,0,0,0,1,8,85.2,695.75,0,1.7687499999999972,1,0,0,0,0,1,1,0,0,0,0,1,0,0
9365-CSLBQ,0,0,1,0,0,0,0,0,0,0,71,24.35,1654.6,0,1.0457746478873275,0,0,0,1,0,1,0,1,0,1,0,0,1,0
5884-FBCTL,0,1,1,0,0,0,0,0,0,0,72,25.1,1857.85,0,0.7034722222222207,0,0,0,1,0,1,0,1,0,1,0,0,0,0
7130-CTCUS,1,1,0,1,1,1,0,0,0,0,16,54.55,825.1,2,2.9812499999999957,0,1,0,0,0,0,0,0,0,0,0,0,0,0
6242-FEGFD,0,1,0,0,1,1,1,1,0,0,66,96.6,6424.25,4,0.7371212121212238,0,0,0,1,0,1,1,0,0,1,0,0,1,0
6194-HBGQN,0,0,0,1,1,1,1,1,1,0,51,81.15,4126.2,4,0.24411764705882888,0,0,0,1,0,1,0,0,1,0,1,0,0,0
7634-WSWDB,0,0,1,1,1,0,0,0,0,1,8,38.5,330.8,1,2.8500000000000014,1,0,0,0,1,0,0,0,0,0,0,1,0,0
6986-IXNDM,0,0,0,1,0,0,0,0,1,1,14,92.9,1337.45,0,2.6321428571428527,0,1,0,0,0,0,1,0,0,0,0,1,0,0
2987-BJXIK,0,0,0,0,1,1,1,0,1,1,70,84.7,5991.05,3,0.8864285714285671,0,0,0,1,0,1,0,0,0,1,0,0,1,0
9769-TSBZE,0,0,1,0,1,1,0,1,0,0,70,66.0,4891.5,3,3.8785714285714334,0,0,0,1,0,1,0,0,0,1,0,1,0,0
1395-WSWXR,0,0,0,0,0,0,0,0,0,0,24,20.75,487.05,0,0.4562500000000007,0,1,0,0,0,0,0,1,0,1,0,0,1,0
6023-GSSXW,0,1,0,1,0,1,0,0,0,1,69,61.45,4131.2,1,1.5775362318840607,0,0,0,1,0,0,0,0,0,1,1,0,0,0
6752-APNJL,0,1,1,0,1,1,0,0,0,0,42,54.5,2301.15,2,0.28928571428571814,0,0,1,0,0,0,0,0,0,0,0,0,1,0
0420-HLGXF,1,0,0,1,0,0,1,0,1,1,39,99.75,4036.0,1,3.737179487179489,0,0,1,0,0,1,1,0,0,0,0,1,0,0
7446-KQISO,0,1,1,1,0,1,1,1,1,1,45,109.75,4900.65,3,0.8466666666666782,0,0,1,0,0,1,1,0,0,1,0,0,0,0
9823-EALYC,0,1,1,1,1,1,1,1,1,0,72,80.85,5727.45,4,1.3020833333333286,0,0,0,1,0,1,0,0,0,1,0,0,0,0
0582-AVCLN,0,0,0,0,0,0,0,0,0,0,38,20.3,743.05,0,0.746052631578948,0,0,1,0,0,0,0,1,0,1,0,0,1,0
5803-NQJZO,0,1,0,1,1,1,1,1,0,0,72,67.8,4804.65,4,1.0687500000000085,0,0,0,1,0,1,0,0,0,1,0,0,0,0
2607-DHDAK,0,1,1,1,0,0,0,0,0,0,72,19.8,1414.65,0,0.15208333333333357,0,0,0,1,0,0,0,1,0,1,1,0,0,0
1073-XXCZD,0,1,0,0,0,0,0,0,0,0,55,25.7,1443.65,0,0.5481818181818205,0,0,0,1,0,1,0,1,0,1,0,0,0,0
0743-HRVFF,0,1,1,1,0,0,1,1,1,1,51,56.15,2898.95,2,0.6921568627450938,0,0,0,1,1,0,0,0,1,0,0,1,0,0
4006-HKYHO,0,0,0,1,1,1,1,1,1,1,63,86.7,5309.5,4,2.4222222222222314,0,0,0,1,0,0,0,0,0,1,0,0,0,0
3727-JEZTU,0,0,0,0,0,0,0,0,0,0,1,20.4,20.4,0,0.0,0,0,0,0,0,0,0,1,0,0,0,0,1,0
8143-ETQTI,0,1,1,1,0,0,0,0,0,0,23,19.65,451.55,0,0.0173913043478251,0,1,0,0,0,0,0,1,0,1,0,0,1,0
9667-TKTVZ,0,0,0,1,0,0,0,1,0,0,2,54.35,117.05,1,4.174999999999997,0,0,0,0,0,1,0,0,0,0,0,0,1,0
3657-COGMW,1,0,0,0,1,1,1,0,1,1,52,108.1,5839.3,3,4.194230769230785,0,0,0,1,0,1,1,0,0,0,1,0,0,0
8570-KLJYJ,0,0,0,0,1,0,0,0,0,0,36,54.45,1893.5,1,1.8527777777777814,0,0,1,0,0,1,0,0,1,0,0,0,1,0
7754-IXRMC,0,0,0,0,0,0,0,0,0,0,1,45.35,45.35,0,0.0,0,0,0,0,0,0,0,0,0,0,0,0,1,0
9473-CBZOP,0,0,0,0,1,0,1,0,0,0,28,59.0,1654.45,2,0.08749999999999858,0,0,1,0,0,1,0,0,1,0,0,0,1,0
2969-WGHQO,0,1,1,0,1,1,1,0,1,0,7,69.45,477.05,3,1.2999999999999972,1,0,0,0,0,0,0,0,1,0,0,1,0,0
4334-HOWRP,1,1,0,1,1,1,1,1,1,1,72,64.95,4546.0,4,1.8111111111111171,0,0,0,1,1,0,0,0,0,1,1,0,0,0
5863-OOKCL,0,0,0,0,0,0,0,0,0,0,10,18.85,163.2,0,2.530000000000001,1,0,0,0,0,0,0,1,0,0,0,0,1,0
1686-STUHN,0,0,0,0,0,0,0,0,0,0,42,19.8,849.9,0,0.4357142857142833,0,0,1,0,0,0,0,1,1,0,0,0,0,0
1329-VHWNP,0,0,0,0,0,0,0,0,0,0,7,25.05,189.95,0,2.085714285714282,1,0,0,0,1,0,0,0,0,0,0,0,0,0
0266-GMEAO,0,1,1,1,1,1,1,1,1,1,72,114.3,8058.55,4,2.3756944444444343,0,0,0,1,0,1,1,0,0,1,1,0,0,0
5574-NXZIU,0,0,0,0,1,1,1,1,1,1,63,109.2,7049.75,4,2.700793650793642,0,0,0,1,0,0,1,0,0,1,1,0,0,0
0019-GFNTW,0,0,0,0,1,1,1,1,0,0,56,45.05,2560.1,4,0.6660714285714278,0,0,0,1,1,0,0,0,0,1,0,0,0,0
4256-ZWTZI,0,0,1,1,0,0,0,1,0,0,5,51.0,286.8,1,6.359999999999999,0,0,0,0,0,0,0,0,0,0,0,0,1,0
8309-PPCED,0,1,0,1,0,1,1,1,1,1,72,110.45,7982.5,3,0.4180555555555543,0,0,0,1,0,1,1,0,0,1,0,0,0,0
4098-NAUKP,1,1,1,1,0,1,1,0,0,0,68,84.65,5683.6,2,1.0676470588235247,0,0,0,1,0,1,1,0,0,0,0,1,0,0
5196-WPYOW,0,1,1,0,1,1,0,1,0,0,67,60.05,3994.05,3,0.4373134328358148,0,0,0,1,0,0,0,0,1,0,0,0,1,0
4608-LCIMN,0,1,1,0,0,0,0,0,0,0,8,44.65,369.15,0,1.4937499999999986,1,0,0,0,0,0,0,0,0,0,0,0,0,0
1485-YDHMM,0,1,1,1,0,1,0,1,0,1,52,93.25,4631.7,2,4.178846153846152,0,0,0,1,0,1,1,0,0,0,0,0,0,0
4054-CUMIA,0,1,1,1,0,0,0,0,0,0,18,20.25,401.95,0,2.0805555555555557,0,1,0,0,0,0,0,1,0,0,0,0,1,0
0603-TPMIB,0,1,1,0,0,0,0,0,0,0,59,25.45,1534.05,0,0.5508474576271176,0,0,0,1,0,1,0,1,0,1,0,0,1,0
2525-GVKQU,0,0,0,0,0,0,0,0,0,0,60,20.6,1093.0,0,2.3833333333333364,0,0,0,1,0,0,0,1,0,1,0,0,1,0
8161-QYMTT,0,0,0,1,0,0,0,0,1,1,7,94.1,701.3,0,6.085714285714289,1,0,0,0,0,1,1,0,0,0,0,1,0,0
9581-GVBXT,0,1,1,0,1,0,1,0,0,0,59,34.8,1980.3,2,1.235593220338984,0,0,0,1,1,0,0,0,1,0,0,0,1,0
5862-BRIXZ,0,0,0,1,1,0,1,1,1,1,46,60.75,2893.4,3,2.1499999999999986,0,0,1,0,1,0,0,0,0,1,0,0,0,0
5404-GGUKR,0,0,0,1,0,1,0,0,0,0,5,51.35,262.3,1,1.1099999999999994,0,0,0,0,0,0,0,0,0,0,0,1,0,0
3308-JSGML,1,1,0,1,1,0,1,1,1,1,59,64.05,3886.85,3,1.828813559322029,0,0,0,1,1,0,0,0,0,1,1,0,0,0
2126-GSEGL,0,1,0,1,0,1,1,1,1,1,70,84.8,5917.55,3,0.26357142857142435,0,0,0,1,0,1,0,0,0,1,0,0,0,0
0440-QEXBZ,0,0,0,1,0,0,0,0,0,0,44,50.15,2139.1,0,1.5340909090909065,0,0,1,0,0,1,0,0,0,0,0,0,1,0
2434-EEVDB,0,1,0,1,1,0,1,0,1,0,64,94.6,5948.7,2,1.6515624999999972,0,0,0,1,0,1,1,0,0,1,1,0,0,0
6762-QVYJO,0,1,1,0,1,0,1,1,1,1,58,59.75,3624.35,3,2.7387931034482733,0,0,0,1,1,0,0,0,0,1,0,0,1,0
6199-IWKGC,1,1,0,0,0,0,0,1,1,1,46,100.25,4753.85,1,3.094565217391306,0,0,1,0,0,1,1,0,1,0,0,1,0,0
2675-DHUTR,1,1,0,1,0,1,0,0,1,1,58,98.9,5780.7,1,0.7672413793103345,0,0,0,1,0,1,1,0,0,0,0,1,0,0
8152-VETUR,0,1,0,1,0,1,0,0,1,1,72,97.7,6869.7,1,2.2875000000000085,0,0,0,1,0,1,1,0,0,1,1,0,0,0
7446-YPODE,1,0,0,0,1,1,0,0,0,0,11,60.25,662.95,2,0.018181818181822962,1,0,0,0,0,1,0,0,0,0,0,0,0,0
9522-BNTHX,1,0,0,1,0,1,1,0,1,1,34,56.25,1765.95,2,4.310294117647061,0,0,1,0,1,0,0,0,0,0,0,1,0,0
4676-WLUHT,0,0,0,0,1,1,0,0,0,1,54,46.2,2431.95,2,1.1638888888888985,0,0,0,1,1,0,0,0,0,1,0,0,0,0
7980-MHFLQ,0,1,1,0,0,0,0,0,0,0,72,24.9,1859.2,0,0.9222222222222243,0,0,0,1,0,1,0,1,0,1,0,0,1,0
0757-WCUUZ,0,1,1,0,0,0,1,0,0,1,54,63.35,3409.1,1,0.2185185185185219,0,0,0,1,0,1,0,0,0,1,1,0,0,0
1629-DQQVB,0,0,0,0,1,0,0,0,0,0,14,50.1,709.5,1,0.5785714285714292,0,1,0,0,0,0,0,0,0,0,0,0,0,0
0374-AACSZ,0,0,0,0,1,0,0,0,0,0,1,50.15,50.15,1,0.0,0,0,0,0,0,0,0,0,0,0,0,1,0,0
4872-VXRIL,0,0,0,1,1,1,0,1,0,0,56,64.65,3665.55,3,0.8062499999999915,0,0,0,1,0,1,0,0,1,0,0,0,0,0
9140-CZQZZ,0,1,0,1,1,1,0,1,1,1,68,79.6,5515.8,3,1.5147058823529562,0,0,0,1,0,0,0,0,0,1,0,0,0,0
3423-HHXAO,0,1,1,1,0,0,0,0,0,0,14,19.5,272.0,0,0.07142857142857295,0,1,0,0,0,0,0,1,1,0,0,0,1,0
9938-TKDGL,0,1,1,1,1,0,0,1,1,1,68,99.55,6668.0,2,1.491176470588229,0,0,0,1,0,0,1,0,0,1,0,1,0,0
0531-ZZJWQ,1,1,0,1,0,0,0,0,0,0,55,74.0,4052.4,0,0.3199999999999932,0,0,0,1,0,1,1,0,0,0,0,1,0,0
6537-QLGEX,0,0,0,1,1,0,0,0,1,0,16,38.9,664.4,1,2.625,0,1,0,0,1,0,0,0,0,0,0,1,0,0
2688-BHGOG,1,0,0,1,0,0,0,0,0,1,9,79.55,718.55,0,0.2888888888888914,1,0,0,0,0,0,1,0,0,0,0,1,0,0
3160-TYXLT,0,0,0,1,1,1,0,0,0,1,53,46.3,2546.85,2,1.7537735849056588,0,0,0,1,1,0,0,0,0,0,0,0,0,0
1325-USMEC,0,1,0,1,1,1,1,0,1,0,70,99.35,6944.5,3,0.1428571428571388,0,0,0,1,0,1,1,0,0,1,1,0,0,0
0916-QOFDP,1,1,1,1,0,0,0,0,1,1,14,95.8,1346.3,0,0.3642857142857139,0,1,0,0,0,1,1,0,0,0,0,1,0,0
5606-AMZBO,0,1,0,1,1,0,0,0,0,0,10,78.15,765.15,1,1.6350000000000051,1,0,0,0,0,1,1,0,0,0,1,0,0,0
6199-IPCAO,0,1,1,0,0,0,0,0,0,0,29,26.1,692.55,0,2.218965517241383,0,0,1,0,0,1,0,1,0,1,0,0,1,0
5640-CAXOA,0,0,0,1,0,0,0,1,0,1,30,40.35,1187.05,1,0.7816666666666663,0,0,1,0,1,0,0,0,1,0,1,0,0,0
2235-EZAIK,0,1,0,0,1,1,1,1,1,0,72,79.2,5401.9,4,4.173611111111114,0,0,0,1,0,1,0,0,0,1,1,0,0,0
3847-BAERP,0,0,0,1,0,0,0,0,0,0,10,20.9,247.0,0,3.8000000000000007,1,0,0,0,0,0,0,1,0,0,0,0,1,0
1453-RZFON,0,0,1,0,1,0,0,0,0,0,1,49.9,49.9,1,0.0,0,0,0,0,0,0,0,0,0,0,0,0,1,0
8263-OKETD,0,0,0,1,0,1,0,1,0,1,20,68.9,1370.35,2,0.3825000000000074,0,1,0,0,0,1,0,0,0,0,1,0,0,0
0670-KDOMA,0,0,0,1,0,0,0,0,0,0,1,20.25,20.25,0,0.0,0,0,0,0,0,0,0,1,0,0,0,0,1,0
2476-YGEFM,0,0,0,1,0,0,0,0,0,0,29,76.0,2215.25,0,0.38793103448276156,0,0,1,0,0,1,1,0,0,0,1,0,0,0
8687-BAFGU,0,0,0,0,0,0,0,1,0,0,1,74.0,74.0,1,0.0,0,0,0,0,0,0,1,0,0,0,0,1,0,0
0641-EVBOJ,0,0,0,1,1,0,0,1,0,0,3,82.3,214.4,2,10.833333333333329,0,0,0,0,0,0,1,0,0,0,0,0,1,0
0829-XXPLX,0,0,0,1,1,0,1,0,1,0,20,89.4,1871.15,2,4.157499999999999,0,1,0,0,0,0,1,0,0,0,0,0,0,0
9974-JFBHQ,0,0,1,1,0,1,0,1,1,1,64,99.15,6171.2,2,2.7250000000000085,0,0,0,1,0,0,1,0,0,0,1,0,0,0
6624-JDRDS,0,0,0,0,1,0,0,0,0,0,6,29.45,161.45,1,2.541666666666668,0,0,0,0,1,0,0,0,0,0,0,0,0,0
0608-JDVEC,0,1,0,0,0,0,0,0,0,0,50,19.8,1013.2,0,0.46399999999999864,0,0,0,1,0,0,0,1,0,1,0,1,0,0
9780-FKVVF,0,0,0,1,1,0,0,0,0,1,6,59.15,336.7,1,3.0333333333333314,0,0,0,0,0,0,0,0,0,0,0,0,0,0
1919-RTPQD,0,1,1,0,0,0,0,0,0,0,7,44.75,333.65,0,2.914285714285711,1,0,0,0,0,0,0,0,0,0,0,1,0,0
5214-NLTIT,0,1,1,1,0,0,1,0,0,1,72,90.8,6511.8,1,0.3583333333333343,0,0,0,1,0,1,1,0,0,1,1,0,0,0
3345-PBBFH,0,1,0,1,0,1,0,0,0,0,8,49.55,393.45,1,0.3687499999999986,1,0,0,0,0,0,0,0,0,0,0,0,0,0
5055-BRMNE,0,1,1,0,1,0,0,1,1,1,67,106.7,7009.5,2,2.080597014925374,0,0,0,1,0,1,1,0,0,1,1,0,0,0
2190-PHBHR,0,1,0,1,1,1,0,0,0,1,72,94.45,6921.7,2,1.68472222222222,0,0,0,1,0,1,1,0,0,1,1,0,0,0
2650-GYRYL,0,1,1,1,0,0,0,0,0,0,33,19.45,600.25,0,1.2606060606060616,0,0,1,0,0,0,0,1,1,0,0,0,0,0
5208-FVQKB,0,1,0,0,1,1,0,1,0,1,70,67.95,4664.15,3,1.3192857142857264,0,0,0,1,0,0,0,0,0,1,0,0,1,0
7184-LRUUR,0,0,0,0,0,1,1,0,1,0,22,65.25,1441.8,2,0.2863636363636317,0,1,0,0,0,0,0,0,1,0,0,0,0,0
6627-CFOSN,0,0,0,1,1,1,1,0,0,1,59,99.45,5623.7,3,4.133050847457639,0,0,0,1,0,1,1,0,0,0,0,0,0,0
3982-JGSFD,0,0,0,1,0,0,0,0,0,0,36,20.35,695.85,0,1.0208333333333357,0,0,1,0,0,0,0,1,1,0,1,0,0,0
1574-DYCWE,0,1,1,0,0,0,0,0,0,0,51,19.95,1028.75,0,0.22156862745098138,0,0,0,1,0,0,0,1,0,1,0,0,1,0
7247-XOZPB,0,1,0,0,1,0,1,1,1,0,53,77.4,4155.95,3,1.014150943396217,0,0,0,1,0,1,0,0,1,0,0,0,0,0
2466-FCCPT,0,1,1,0,0,0,0,0,0,0,20,19.7,395.6,0,0.08000000000000185,0,1,0,0,0,0,0,1,1,0,0,0,0,0
6211-WWLTF,0,1,0,0,1,0,1,0,1,1,63,99.7,6330.4,2,0.782539682539678,0,0,0,1,0,0,1,0,0,1,1,0,0,0
4826-TZEVA,0,0,0,0,0,1,0,0,0,0,40,74.8,2971.7,1,0.5075000000000074,0,0,1,0,0,0,1,0,0,0,1,0,0,0
6016-NXBNJ,0,0,0,1,0,0,0,0,0,0,35,19.15,638.0,0,0.9214285714285708,0,0,1,0,0,0,0,1,1,0,0,0,1,0
9138-EFSMO,0,1,1,0,0,0,0,0,0,1,26,78.95,2034.25,0,0.7096153846153896,0,0,1,0,0,0,1,0,1,0,0,0,0,0
4632-XJMEX,0,0,1,0,1,1,0,1,0,0,53,62.85,3419.5,3,1.668867924528307,0,0,0,1,0,0,0,0,1,0,1,0,0,0
8910-LEDAG,1,1,0,0,0,0,0,0,0,0,34,71.55,2427.35,0,0.15735294117646959,0,0,1,0,0,0,1,0,0,0,1,0,0,0
3452-GWUIN,1,1,0,1,0,0,0,0,1,1,19,94.95,1760.25,0,2.3052631578947427,0,1,0,0,0,1,1,0,0,0,0,1,0,0
2716-GFZOR,0,1,0,1,1,1,1,0,0,0,43,86.1,3551.65,3,3.503488372093017,0,0,1,0,0,0,1,0,0,0,1,0,0,0
3724-UCSHY,0,1,1,0,0,0,0,0,0,0,6,19.55,122.9,0,0.9333333333333336,0,0,0,0,0,0,0,1,0,0,0,0,1,0
8626-XHBIE,0,0,1,1,0,0,0,0,0,0,56,24.8,1424.2,0,0.6321428571428562,0,0,0,1,0,1,0,1,0,1,0,0,1,0
3192-LNKRK,0,1,1,1,0,0,1,0,1,0,34,84.05,2909.95,1,1.536764705882348,0,0,1,0,0,0,1,0,0,0,0,0,1,0
4439-YRNVD,0,0,0,0,0,1,0,1,0,0,10,36.25,374.0,2,1.1499999999999986,1,0,0,0,1,0,0,0,0,0,0,1,0,0
2208-UGTGR,0,0,0,0,0,1,0,0,1,1,56,98.6,5581.05,1,1.0616071428571558,0,0,0,1,0,1,1,0,0,0,0,1,0,0
3005-TYFRD,0,1,0,1,0,1,1,0,1,1,55,103.65,5676.65,2,0.4381818181818318,0,0,0,1,0,1,1,0,0,0,1,0,0,0
8670-MEFCP,0,1,1,1,1,1,1,1,1,1,36,92.9,3379.25,4,0.9680555555555515,0,0,1,0,0,1,0,0,0,1,1,0,0,0
3079-BCHLN,0,1,0,0,0,0,0,0,0,0,47,19.9,942.95,0,0.16276595744681188,0,0,1,0,0,0,0,1,1,0,0,0,0,0
7777-UNYHB,0,1,1,1,0,0,0,0,0,0,12,20.1,232.4,0,0.7333333333333343,1,0,0,0,0,0,0,1,0,0,1,0,0,0
7278-CKDNC,1,0,0,1,0,1,0,0,0,0,24,80.5,2088.45,1,6.518749999999997,0,1,0,0,0,1,1,0,0,0,0,1,0,0
8450-UYIBU,1,0,0,1,0,0,1,0,1,0,35,39.85,1434.6,1,1.1385714285714243,0,0,1,0,1,0,0,0,0,0,0,1,0,0
2969-VAPYH,0,0,0,0,1,1,0,1,0,0,67,60.5,3870.0,3,2.738805970149251,0,0,0,1,0,0,0,0,1,0,1,0,0,0
7181-OQCUT,0,0,0,0,1,0,1,0,1,1,21,103.85,2215.0,2,1.6261904761904873,0,1,0,0,0,1,1,0,0,0,0,0,1,0
8474-UMLNT,0,0,0,0,1,1,0,1,0,1,13,67.8,842.25,3,3.011538461538464,0,1,0,0,0,0,0,0,0,0,0,0,0,0
3836-FZSDJ,1,1,0,0,0,0,0,0,0,0,71,24.85,1901.0,0,1.9246478873239425,0,0,0,1,0,1,0,1,0,1,0,0,0,0
9142-XMYJH,0,0,0,0,0,0,0,0,0,0,29,19.35,601.6,0,1.3948275862068975,0,0,1,0,0,0,0,1,0,0,1,0,0,0
0187-QSXOE,1,1,0,1,0,0,0,0,1,1,7,89.0,605.45,0,2.5071428571428527,1,0,0,0,0,0,1,0,0,0,0,1,0,0
7733-UDMTP,1,0,0,1,0,1,1,0,1,1,57,55.0,3094.05,2,0.7184210526315766,0,0,0,1,1,0,0,0,0,0,0,1,0,0
2649-HWLYB,0,1,0,0,1,0,1,1,0,1,65,76.15,4929.55,3,0.3107692307692389,0,0,0,1,0,1,0,0,0,1,0,0,0,0
5214-CHIWJ,0,0,0,0,0,0,0,0,0,0,27,20.3,595.05,0,1.7388888888888872,0,0,1,0,0,0,0,1,1,0,0,0,1,0
6904-JLBGY,1,0,0,1,1,1,1,1,1,1,72,117.35,8436.25,4,0.17986111111110858,0,0,0,1,0,1,1,0,0,1,1,0,0,0
2465-BLLEU,0,0,0,1,0,0,0,0,0,0,1,19.75,19.75,0,0.0,0,0,0,0,0,0,0,1,0,0,0,0,1,0
1685-VAYJF,0,0,0,0,0,0,0,0,0,0,11,45.2,492.0,0,0.4727272727272762,1,0,0,0,0,0,0,0,0,0,1,0,0,0
8874-EJNSR,0,1,1,0,0,0,0,0,0,0,39,25.2,987.95,0,0.13205128205128247,0,0,1,0,0,1,0,1,0,1,0,0,1,0
6917-YACBP,1,0,0,1,1,1,1,0,0,0,59,89.75,5496.9,3,3.417796610169489,0,0,0,1,0,1,1,0,0,0,0,1,0,0
5049-MUBWG,0,0,0,0,1,0,0,1,1,1,26,75.0,1908.35,2,1.6019230769230859,0,0,1,0,0,0,0,0,1,0,0,0,0,0
4223-WOZCM,1,0,0,0,0,0,1,0,0,0,2,49.95,107.1,1,3.5999999999999943,0,0,0,0,0,0,0,0,0,0,0,0,1,0
0769-MURVM,0,1,1,0,1,1,1,1,1,1,72,65.7,4575.35,4,2.15347222222222,0,0,0,1,1,0,0,0,0,1,0,0,0,0
9253-VIFJQ,0,1,0,0,1,1,1,0,0,0,65,67.05,4309.55,3,0.7492307692307634,0,0,0,1,0,1,0,0,1,0,1,0,0,0
7030-FZTFM,0,1,1,0,0,1,1,1,1,1,72,110.9,7922.75,3,0.8618055555555628,0,0,0,1,0,1,1,0,0,1,1,0,0,0
9741-YLNTD,0,0,0,1,0,0,0,1,0,1,6,87.95,522.35,1,0.8916666666666657,0,0,0,0,0,1,1,0,0,0,0,0,0,0
5917-RYRMG,1,0,0,0,0,0,0,0,0,0,32,19.8,587.7,0,1.4343749999999993,0,0,1,0,0,0,0,1,1,0,1,0,0,0
5120-ZBLAI,0,1,0,0,0,0,1,0,1,1,50,75.7,3876.2,1,1.823999999999998,0,0,0,1,0,1,0,0,1,0,0,0,0,0
1194-BHJYC,0,1,0,1,1,0,1,1,1,1,61,62.15,3778.85,3,0.20163934426229702,0,0,0,1,1,0,0,0,0,1,0,0,1,0
0906-QVPMS,0,1,0,0,1,1,1,1,1,1,72,115.15,8349.45,4,0.8145833333333314,0,0,0,1,0,1,1,0,0,1,0,0,0,0
1905-OEILC,0,0,0,0,0,0,0,0,0,0,1,19.5,19.5,0,0.0,0,0,0,0,0,0,0,1,0,0,0,0,1,0
7858-GTZSP,0,0,0,1,0,0,0,0,0,1,12,86.55,1066.9,0,2.3583333333333485,1,0,0,0,0,1,1,0,0,0,0,1,0,0
6248-BSHKG,0,1,1,0,0,0,0,0,0,0,61,20.4,1226.45,0,0.294262295081964,0,0,0,1,0,0,0,1,1,0,0,0,1,0
4685-TFLLS,0,1,1,0,0,0,0,0,0,0,18,19.8,342.3,0,0.783333333333335,0,1,0,0,0,0,0,1,1,0,0,0,0,0
3470-BTGQO,0,0,1,0,0,0,0,0,0,0,21,45.65,985.05,0,1.2571428571428598,0,1,0,0,0,0,0,0,0,0,0,0,1,0
1209-VFFOC,0,1,1,1,1,1,1,1,0,1,68,56.4,3948.45,4,1.665441176470587,0,0,0,1,1,0,0,0,0,1,0,0,1,0
8224-DWCKX,1,0,0,1,0,0,0,0,0,0,12,73.3,828.05,0,4.295833333333334,1,0,0,0,0,1,1,0,0,0,1,0,0,0
4553-DVPZG,0,1,0,1,0,0,1,0,1,1,62,101.35,6164.7,1,1.9193548387096797,0,0,0,1,0,1,1,0,0,0,0,1,0,0
6917-IAYHD,0,0,1,0,0,1,0,1,0,0,1,33.6,33.6,2,0.0,0,0,0,0,1,0,0,0,0,0,0,0,1,0
8620-RJPZN,0,0,0,0,0,0,0,0,0,0,1,20.7,20.7,0,0.0,0,0,0,0,0,0,0,1,0,0,0,1,0,0
7572-KPVKK,0,0,1,1,0,0,1,1,1,1,62,104.05,6590.5,2,2.248387096774195,0,0,0,1,0,1,1,0,0,1,0,1,0,0
2642-MAWLJ,0,1,1,0,0,0,0,0,0,0,36,20.25,717.95,0,0.3069444444444436,0,0,1,0,0,0,0,1,0,1,0,0,0,0
7103-ZGVNT,0,1,1,0,1,1,0,1,1,0,69,73.7,4885.85,3,2.8905797101449195,0,0,0,1,0,1,0,0,1,0,1,0,0,0
2027-WKXMW,0,1,0,1,0,1,1,1,1,1,63,108.75,6871.7,3,0.324603174603169,0,0,0,1,0,1,1,0,0,0,0,1,0,0
7137-NAXML,0,0,0,0,0,0,0,0,0,0,23,20.15,405.6,0,2.515217391304347,0,1,0,0,0,0,0,1,1,0,0,0,0,0
2428-ZMCTB,0,0,0,0,0,0,0,0,0,0,10,19.75,208.25,0,1.0749999999999993,1,0,0,0,0,0,0,1,0,0,1,0,0,0
2961-VNFKL,0,1,0,1,0,0,0,0,0,0,71,25.95,1801.9,0,0.5711267605633772,0,0,0,1,0,1,0,1,0,1,1,0,0,0
1768-HNVGJ,1,0,0,1,1,0,0,1,0,1,45,70.05,3062.45,2,1.9955555555555549,0,0,1,0,0,1,0,0,0,0,0,1,0,0
6963-KQYQB,0,1,1,0,0,0,0,0,0,0,70,24.05,1764.75,0,1.1607142857142847,0,0,0,1,0,1,0,1,0,1,0,0,1,0
5934-RMPOV,0,0,1,1,0,0,0,0,0,1,22,84.75,1816.75,0,2.1704545454545467,0,1,0,0,0,1,1,0,0,0,0,1,0,0
1207-BLKSA,0,1,1,0,0,0,0,0,0,0,52,23.05,1255.1,0,1.08653846153846,0,0,0,1,0,1,0,1,0,1,0,0,1,0
8316-BBQAY,0,0,0,0,1,0,1,1,1,1,65,59.95,3921.1,3,0.3746153846153817,0,0,0,1,1,0,0,0,0,1,1,0,0,0
1166-PQLGG,0,1,1,0,0,0,0,0,0,0,72,19.55,1463.45,0,0.7756944444444436,0,0,0,1,0,0,0,1,0,1,0,0,0,0
3146-JTQHR,0,1,0,0,0,0,0,0,0,0,10,19.6,189.45,0,0.6550000000000011,1,0,0,0,0,0,0,1,1,0,0,0,0,0
4291-YZODP,0,0,1,0,0,0,0,0,0,0,7,20.05,96.8,0,6.221428571428573,1,0,0,0,0,0,0,1,1,0,0,0,1,0
4395-PZMSN,1,0,0,1,0,1,0,0,0,1,5,85.55,408.5,1,3.8499999999999943,0,0,0,0,0,0,1,0,0,0,0,1,0,0
6427-FEFIG,0,1,1,0,1,0,1,0,1,1,24,78.6,1846.65,2,1.6562499999999858,0,1,0,0,0,1,0,0,0,1,1,0,0,0
0017-IUDMW,0,1,1,1,1,1,1,1,1,1,72,116.8,8456.75,4,0.6548611111111171,0,0,0,1,0,1,1,0,0,1,1,0,0,0
8706-HRADD,0,0,0,1,1,0,0,1,1,0,21,43.55,1011.5,2,4.616666666666667,0,1,0,0,1,0,0,0,0,0,0,0,1,0
9955-QOPOY,0,1,0,1,0,1,1,1,1,1,69,60.8,4263.4,3,0.9884057971014499,0,0,0,1,1,0,0,0,1,0,1,0,0,0
4385-ZKVNW,0,1,1,1,0,1,0,1,0,0,44,54.9,2549.1,2,3.0340909090909065,0,0,1,0,0,0,0,0,0,0,0,0,0,0
5446-DKWYW,1,1,1,1,0,0,1,0,1,0,61,65.2,3965.05,1,0.1991803278688593,0,0,0,1,0,1,0,0,1,0,0,1,0,0
9031-ZVQPT,0,1,0,1,0,1,1,1,1,1,72,108.2,7840.6,3,0.6972222222222229,0,0,0,1,0,1,1,0,0,1,0,1,0,0
2990-IAJSV,0,0,0,0,1,1,1,1,1,1,72,92.0,6632.75,4,0.12152777777777146,0,0,0,1,0,1,0,0,0,1,0,0,0,0
8107-KNCIM,1,1,0,1,0,0,0,0,0,0,14,75.1,1013.35,0,2.7178571428571416,0,1,0,0,0,1,1,0,0,0,0,1,0,0
9027-YFHQJ,0,0,0,1,0,0,0,0,0,0,7,25.05,152.95,0,3.200000000000003,1,0,0,0,0,1,0,1,0,0,0,0,0,0
5176-LDKUH,0,0,0,0,0,1,0,0,0,0,48,75.15,3772.65,1,3.4468749999999915,0,0,1,0,0,0,1,0,1,0,0,1,0,0
4644-OBGFZ,0,1,1,0,0,0,0,0,0,0,55,19.5,1026.35,0,0.8390909090909098,0,0,0,1,0,0,0,1,1,0,0,0,1,0
7926-IJOOU,0,0,0,0,0,0,0,0,0,0,1,19.3,19.3,0,0.0,0,0,0,0,0,0,0,1,0,0,1,0,0,0
6480-YAGIY,0,0,0,0,1,1,1,1,1,1,45,112.2,5031.85,4,0.3811111111111103,0,0,1,0,0,0,1,0,1,0,1,0,0,0
4029-HPFVY,0,0,0,1,0,0,0,0,0,0,3,70.3,220.4,0,3.1666666666666714,0,0,0,0,0,0,1,0,0,0,0,0,1,0
7602-DBTOU,0,1,0,0,0,0,0,0,0,0,71,19.6,1416.5,0,0.35070422535211065,0,0,0,1,0,0,0,1,0,1,0,0,1,0
5345-BMKWB,0,1,0,0,0,0,0,0,0,0,8,20.25,158.35,0,0.4562500000000007,1,0,0,0,0,0,0,1,0,0,0,0,1,0
5457-COLHT,0,1,1,0,1,1,0,1,1,1,69,80.65,5542.55,3,0.3231884057971115,0,0,0,1,0,0,0,0,0,1,0,0,0,0
5451-YHYPW,1,1,0,1,1,1,1,1,1,1,72,115.75,8443.7,4,1.5236111111111228,0,0,0,1,0,1,1,0,0,1,1,0,0,0
7998-WNZEM,0,0,0,0,1,1,1,1,0,1,71,80.6,5708.2,4,0.202816901408454,0,0,0,1,0,1,0,0,0,1,0,0,0,0
4664-NJCMS,0,1,0,0,1,0,1,1,1,1,33,59.55,2016.3,3,1.5500000000000043,0,0,1,0,1,0,0,0,0,1,0,0,0,0
0307-BCOPK,0,0,0,0,0,0,0,0,0,0,16,19.05,326.65,0,1.3656249999999979,0,1,0,0,0,0,0,1,1,0,0,0,1,0
7629-WFGLW,1,1,0,0,1,1,1,1,0,0,56,95.65,5471.75,4,2.059821428571425,0,0,0,1,0,1,1,0,1,0,0,1,0,0
2542-HYGIQ,0,0,0,0,0,0,0,0,0,0,1,19.95,19.95,0,0.0,0,0,0,0,0,0,0,1,0,0,1,0,0,0
5016-LIPDW,0,1,1,0,0,0,0,0,0,0,57,19.4,1061.6,0,0.7754385964912274,0,0,0,1,0,0,0,1,1,0,0,0,1,0
6481-LXPWL,0,1,1,1,0,1,1,0,0,0,56,36.1,1971.5,2,0.8946428571428555,0,0,0,1,1,0,0,0,1,0,1,0,0,0
6124-ACRHJ,0,0,0,0,0,0,0,0,0,0,1,19.75,19.75,0,0.0,0,0,0,0,0,0,0,1,0,0,0,0,1,0
9362-MWODR,0,0,1,1,1,0,0,1,1,0,40,64.1,2460.35,2,2.591249999999995,0,0,1,0,0,0,0,0,0,0,1,0,0,0
9975-GPKZU,0,1,1,0,0,0,0,0,0,0,46,19.75,856.5,0,1.1304347826086953,0,0,1,0,0,0,0,1,0,1,1,0,0,0
9625-RZFUK,0,1,1,0,0,0,0,0,0,0,63,19.7,1275.85,0,0.5515873015873005,0,0,0,1,0,0,0,1,0,1,0,0,1,0
5153-LXKDT,0,1,1,1,1,1,1,0,1,1,68,110.2,7467.5,3,0.3838235294117709,0,0,0,1,0,1,1,0,0,1,0,1,0,0
5161-UBZXI,0,1,1,1,1,1,0,1,1,1,69,106.35,7261.75,3,1.107246376811588,0,0,0,1,0,0,1,0,0,1,1,0,0,0
1020-JPQOW,0,1,0,0,0,1,1,1,0,0,56,90.55,5116.6,3,0.8178571428571502,0,0,0,1,0,1,1,0,0,0,0,1,0,0
7919-ZODZZ,0,1,1,1,0,1,1,0,0,1,10,65.9,660.05,2,0.10499999999998977,1,0,0,0,0,0,0,0,1,0,0,0,1,0
0565-JUPYD,0,0,0,0,1,1,1,1,1,0,63,104.5,6590.8,4,0.11587301587302079,0,0,0,1,0,1,1,0,1,0,1,0,0,0
6867-ACCZI,0,1,1,1,1,1,1,1,0,1,24,52.5,1208.15,4,2.160416666666663,0,1,0,0,1,0,0,0,0,1,0,0,1,0
5939-XAIXZ,0,0,0,1,0,0,1,0,0,0,19,56.1,1033.9,1,1.6842105263157876,0,1,0,0,0,1,0,0,0,0,0,0,1,0
9054-FOWNV,0,1,1,1,0,0,1,0,1,0,22,88.75,1885.15,1,3.0613636363636374,0,1,0,0,0,1,1,0,0,0,0,1,0,0
8207-VVMYB,0,1,0,1,0,0,0,0,0,0,70,26.0,2006.95,0,2.6707142857142863,0,0,0,1,0,1,0,1,0,1,0,0,0,0
9732-EQMWY,0,1,0,0,0,1,1,0,1,1,49,99.4,5025.0,2,3.1510204081632622,0,0,0,1,0,0,1,0,0,0,0,1,0,0
5269-NRGDP,0,1,1,0,0,0,1,1,1,1,42,73.15,3088.25,2,0.3797619047618923,0,0,1,0,0,0,0,0,1,0,0,1,0,0
6195-MELTI,0,0,0,1,0,1,0,1,0,0,57,54.65,3134.7,2,0.344736842105263,0,0,0,1,0,0,0,0,1,0,0,0,1,0
2121-JAFOM,0,1,0,1,1,1,1,1,1,1,72,115.55,8312.4,4,0.10000000000000853,0,0,0,1,0,1,1,0,0,1,1,0,0,0
8818-DOPVL,1,0,0,1,0,1,1,0,1,1,46,104.45,4863.85,2,1.2858695652173964,0,0,1,0,0,1,1,0,0,0,0,1,0,0
1227-UDMZR,0,1,0,1,1,1,1,1,1,1,72,91.15,6637.9,4,1.04305555555554,0,0,0,1,0,1,0,0,0,1,0,0,0,0
5198-HQAEN,0,1,1,1,0,1,0,1,1,0,35,89.7,3165.6,2,0.7457142857142856,0,0,1,0,0,0,1,0,1,0,0,1,0,0
2167-FQSTQ,0,1,0,1,1,1,1,1,1,1,72,92.4,6786.1,4,1.8513888888888914,0,0,0,1,0,1,0,0,0,1,0,1,0,0
2819-GWENI,0,1,1,0,0,0,0,0,0,0,28,19.9,543.0,0,0.5071428571428562,0,0,1,0,0,0,0,1,1,0,0,0,1,0
3572-UUHRS,0,0,0,0,0,0,0,0,0,0,45,18.85,867.3,0,0.423333333333332,0,0,1,0,0,0,0,1,1,0,0,0,0,0
2692-PFYTJ,0,0,0,1,0,0,0,0,0,0,1,25.75,25.75,0,0.0,0,0,0,0,0,1,0,1,0,0,0,0,1,0
5955-EPOAZ,0,0,0,1,0,0,0,0,0,0,6,20.95,109.5,0,2.6999999999999993,0,0,0,0,0,0,0,1,0,0,0,0,1,0
6821-JPCDC,0,1,0,1,0,1,1,0,1,1,48,97.05,4692.95,2,0.7197916666666657,0,0,1,0,0,0,1,0,1,0,0,1,0,0
8815-LMFLX,0,1,1,1,0,0,0,0,0,0,25,25.4,546.85,0,3.5259999999999962,0,0,1,0,0,1,0,1,0,0,0,0,0,0
9135-HSWOC,0,1,1,1,0,0,0,0,0,0,64,19.7,1274.05,0,0.20703125,0,0,0,1,0,0,0,1,0,1,0,0,0,0
8582-KRHPJ,0,0,0,1,1,1,0,0,0,0,50,35.0,1782.4,2,0.6480000000000032,0,0,0,1,1,0,0,0,0,0,0,0,1,0
5811-IWXYM,0,1,1,0,0,0,1,0,1,1,52,101.25,5301.1,1,0.6942307692307708,0,0,0,1,0,1,1,0,1,0,0,0,0,0
7044-YAACC,1,1,0,1,0,0,0,0,0,0,4,70.2,280.35,0,0.11249999999999716,0,0,0,0,0,0,1,0,0,0,0,1,0,0
8189-XRIKE,1,0,0,0,0,0,0,0,1,1,32,90.95,2897.95,0,0.3890625000000085,0,0,1,0,0,0,1,0,0,0,0,1,0,0
1506-YJTYT,0,1,1,0,1,1,0,1,1,0,45,73.85,3371.0,3,1.0611111111111171,0,0,1,0,0,1,0,0,0,1,1,0,0,0
4123-DVHPH,0,1,0,1,1,0,0,0,0,1,9,88.05,801.3,1,0.9833333333333343,1,0,0,0,0,1,1,0,0,0,0,1,0,0
2228-BZDEE,0,0,0,0,0,0,0,0,0,0,54,20.1,1079.45,0,0.11018518518518405,0,0,0,1,0,0,0,1,0,1,0,0,1,0
2789-CZANW,0,1,1,0,1,1,0,1,1,1,64,110.3,6997.3,3,0.9671874999999943,0,0,0,1,0,1,1,0,0,1,0,0,0,0
7596-LDUXP,0,0,0,1,1,0,0,0,1,0,12,85.15,979.05,1,3.562500000000014,1,0,0,0,0,0,1,0,1,0,1,0,0,0
3740-RLMVT,1,1,0,1,1,1,0,1,0,0,67,60.95,4119.4,3,0.5335820895522332,0,0,0,1,0,0,0,0,1,0,0,0,0,0
2192-OZITF,0,0,0,0,1,0,0,1,0,1,45,73.55,3349.1,2,0.8744444444444497,0,0,1,0,0,1,0,0,0,1,0,0,1,0
5651-CPDND,0,0,0,0,0,0,0,0,0,0,10,46.0,492.1,0,3.210000000000001,1,0,0,0,0,0,0,0,0,0,0,0,1,0
2186-QZEYA,1,0,0,1,1,1,0,0,0,0,29,58.55,1718.95,2,0.724137931034484,0,0,1,0,0,1,0,0,0,0,0,0,0,0
1131-ALZWV,0,0,0,0,0,0,0,0,0,0,24,24.6,605.25,0,0.6187499999999986,0,1,0,0,0,1,0,1,1,0,0,0,0,0
7729-XBTWX,0,1,1,1,0,0,0,0,0,0,66,19.75,1344.5,0,0.6212121212121211,0,0,0,1,0,0,0,1,0,1,0,0,1,0
9134-WYRVP,0,0,0,0,1,0,0,0,1,0,51,86.35,4267.15,1,2.6803921568627516,0,0,0,1,0,0,1,0,1,0,0,0,1,0
3284-SVCRO,0,1,0,0,0,0,0,0,0,0,45,25.5,1121.05,0,0.5877777777777773,0,0,1,0,0,1,0,1,0,1,0,0,1,0
9732-OUYRN,0,1,0,0,0,0,0,0,0,0,49,19.0,918.7,0,0.25102040816326365,0,0,0,1,0,0,0,1,1,0,1,0,0,0
0559-CKHUS,0,1,0,1,0,0,0,0,0,0,29,19.55,521.8,0,1.5568965517241402,0,0,1,0,0,0,0,1,0,1,0,0,1,0
2931-SVLTV,0,1,1,1,1,1,0,1,1,1,40,110.1,4469.1,3,1.627500000000012,0,0,1,0,0,1,1,0,0,0,1,0,0,0
7504-UWHNB,0,0,0,0,0,0,0,0,0,0,25,69.75,1729.35,0,0.5760000000000076,0,0,1,0,0,0,1,0,0,0,0,1,0,0
2582-FFFZR,0,0,0,1,0,0,1,0,1,1,22,50.6,1073.3,1,1.8136363636363697,0,1,0,0,1,0,0,0,0,0,0,1,0,0
8908-NMQTX,0,0,0,1,1,1,1,1,1,1,72,65.6,4566.5,4,2.17638888888888,0,0,0,1,1,0,0,0,0,1,0,0,0,0
1431-AIDJQ,0,1,1,0,0,1,1,1,1,1,33,82.1,2603.1,3,3.2181818181818187,0,0,1,0,0,0,0,0,0,1,1,0,0,0
6288-LBEAR,0,0,0,1,0,1,0,1,0,0,23,79.1,1783.75,2,1.5456521739130409,0,1,0,0,0,0,1,0,0,0,0,0,1,0
8413-YNHNV,0,0,0,0,1,1,1,1,1,1,69,90.65,6322.1,4,0.9746376811594217,0,0,0,1,0,1,0,0,0,1,0,0,1,0
5808-TOTXO,0,0,1,1,0,0,0,0,0,0,3,20.55,57.4,0,1.4166666666666679,0,0,0,0,0,0,0,1,1,0,1,0,0,0
4369-NYSCF,0,0,0,1,0,1,0,1,1,1,56,75.75,4284.65,2,0.7616071428571303,0,0,0,1,0,0,0,0,1,0,0,0,0,0
6333-YDVLT,0,0,0,1,1,0,1,1,1,1,65,110.0,7138.65,3,0.17461538461539305,0,0,0,1,0,1,1,0,1,0,1,0,0,0
5324-KTGCG,0,1,0,0,0,0,0,0,0,0,71,20.85,1539.75,0,0.8366197183098585,0,0,0,1,0,0,0,1,1,0,0,1,0,0
5599-HVLTW,1,0,0,1,0,0,1,0,0,0,14,80.35,1058.1,1,4.771428571428572,0,1,0,0,0,1,1,0,0,0,0,0,0,0
7394-LWLYN,0,0,0,1,0,0,0,0,0,0,2,70.15,123.8,0,8.250000000000007,0,0,0,0,0,0,1,0,0,0,0,1,0,0
6873-UDNLD,0,0,0,0,1,0,1,0,0,1,40,67.45,2731.0,2,0.8250000000000028,0,0,1,0,0,0,0,0,0,0,0,1,0,0
2700-LUEVA,0,0,0,0,0,0,0,0,0,0,1,20.75,20.75,0,0.0,0,0,0,0,0,0,0,1,0,0,1,0,0,0
0958-YHXGP,0,0,0,1,0,0,0,0,0,0,7,69.9,497.3,0,1.1428571428571388,1,0,0,0,0,0,1,0,0,0,0,0,1,0
1101-SSWAG,0,1,0,1,0,0,0,0,0,0,15,51.1,711.15,0,3.690000000000005,0,1,0,0,0,1,0,0,0,0,0,1,0,0
5743-KHMNA,0,0,0,0,0,0,0,0,0,0,71,25.55,1898.1,0,1.1838028169014052,0,0,0,1,0,1,0,1,0,1,0,0,0,0
4194-FJARJ,0,1,1,0,1,0,0,1,0,0,54,60.0,3273.95,2,0.6287037037036995,0,0,0,1,0,1,0,0,0,1,0,0,0,0
5325-UWTWJ,0,1,0,1,1,1,0,1,0,0,31,90.55,2929.75,3,3.958064516129042,0,0,1,0,0,1,1,0,0,0,1,0,0,0
3969-GYXEL,0,0,0,0,1,0,0,0,0,0,11,76.4,838.7,1,0.1545454545454561,1,0,0,0,0,0,1,0,0,0,0,1,0,0
9208-OLGAQ,1,0,0,1,0,0,1,0,0,1,18,84.95,1443.65,1,4.74722222222222,0,1,0,0,0,0,1,0,0,0,0,1,0,0
3244-CQPHU,1,0,0,1,1,1,0,1,1,1,72,110.1,7746.7,3,2.506944444444443,0,0,0,1,0,1,1,0,0,1,0,0,0,0
2674-MLXMN,1,0,0,1,0,1,0,0,1,1,71,99.65,6951.15,1,1.7464788732394538,0,0,0,1,0,1,1,0,0,0,1,0,0,0
9708-HPXWZ,1,0,0,0,0,0,1,1,1,0,5,45.4,214.75,2,2.4499999999999957,0,0,0,0,1,0,0,0,0,0,1,0,0,0
6992-TKNYO,0,1,0,0,0,0,1,1,0,1,38,69.0,2669.45,2,1.2486842105263065,0,0,1,0,0,1,0,0,1,0,1,0,0,0
4468-YDOVK,0,0,1,1,0,0,0,1,0,0,5,48.65,235.2,1,1.6099999999999994,0,0,0,0,0,0,0,0,0,0,0,0,0,0
5792-JALQC,1,0,0,0,1,0,1,0,0,0,52,59.85,3103.25,2,0.17211538461538822,0,0,0,1,0,1,0,0,0,1,0,0,0,0
2200-DSAAL,0,0,0,1,0,1,1,0,1,1,68,80.65,5330.2,2,2.2647058823529562,0,0,0,1,0,1,0,0,0,1,0,1,0,0
4302-ZYFEL,0,1,1,1,0,0,0,0,0,0,69,20.55,1403.1,0,0.2152173913043498,0,0,0,1,0,0,0,1,1,0,1,0,0,0
9351-LZYGF,0,1,0,1,1,1,0,1,0,0,42,66.4,2727.8,3,1.452380952380949,0,0,1,0,0,1,0,0,0,0,1,0,0,0
4366-CTOUZ,0,0,0,1,0,1,0,1,1,1,50,100.2,5038.45,2,0.5689999999999884,0,0,0,1,0,0,1,0,0,1,0,0,1,0
1518-OMDIK,0,1,0,1,0,0,0,0,0,0,33,44.55,1462.6,0,0.22878787878787676,0,0,1,0,0,0,0,0,0,0,1,0,0,0
6671-NGWON,0,0,0,0,0,0,0,0,0,0,7,20.35,150.6,0,1.164285714285711,1,0,0,0,0,0,0,1,0,0,0,0,1,0
0595-ITUDF,0,1,1,1,1,1,1,0,0,0,64,91.8,5960.5,3,1.3328125000000028,0,0,0,1,0,1,1,0,0,0,0,1,0,0
1955-IBMMB,0,0,0,1,0,0,0,0,0,0,59,20.2,1192.3,0,0.008474576271186862,0,0,0,1,0,0,0,1,0,1,0,0,0,0
0096-BXERS,0,1,0,0,0,0,0,0,0,0,6,50.35,314.55,0,2.075000000000003,0,0,0,0,0,1,0,0,0,0,0,1,0,0
3806-YAZOV,0,0,0,0,0,0,0,0,0,0,3,18.8,56.0,0,0.13333333333333286,0,0,0,0,0,0,0,1,0,0,0,0,1,0
7998-ZLXWN,0,1,0,0,0,0,0,0,0,0,15,20.45,330.8,0,1.6033333333333353,0,1,0,0,0,0,0,1,0,0,1,0,0,0
6253-WRFHY,0,1,1,1,0,0,0,0,1,1,13,64.75,877.35,0,2.738461538461536,0,1,0,0,0,0,0,0,1,0,0,1,0,0
9133-AYJZG,0,0,0,1,0,1,0,0,1,1,23,98.7,2249.1,1,0.9130434782608745,0,1,0,0,0,1,1,0,0,0,1,0,0,0
2675-OTVVJ,1,1,0,0,1,0,0,0,1,0,31,89.45,2807.65,1,1.1193548387096826,0,0,1,0,0,1,1,0,0,0,0,1,0,0
8680-CGLTP,0,0,0,1,1,1,0,1,0,0,29,58.75,1696.2,3,0.26034482758620214,0,0,1,0,0,0,0,0,1,0,0,1,0,0
8430-TWCBX,0,1,0,0,0,0,0,0,0,0,49,20.7,1032.05,0,0.362244897959183,0,0,0,1,0,0,0,1,1,0,1,0,0,0
5018-GWURO,0,1,0,1,0,0,0,0,1,0,56,85.6,4902.8,0,1.9500000000000028,0,0,0,1,0,1,1,0,0,0,0,0,0,0
6741-QRLUP,0,0,0,1,1,1,1,1,0,1,63,80.3,4995.35,4,1.0087301587301454,0,0,0,1,0,1,0,0,0,1,1,0,0,0
4737-HOBAX,0,1,0,0,0,0,1,1,1,1,63,79.8,5034.05,2,0.10555555555555429,0,0,0,1,0,1,0,0,0,1,1,0,0,0
0537-QYZZN,1,1,1,1,1,0,0,0,0,0,24,79.85,1857.75,1,2.4437499999999943,0,1,0,0,0,1,1,0,0,0,0,1,0,0
3340-QBBFM,1,1,0,0,0,0,1,1,0,0,36,54.1,1992.85,2,1.2569444444444429,0,0,1,0,0,0,0,0,1,0,1,0,0,0
8200-KLNYW,0,1,0,0,1,0,1,1,1,1,21,80.9,1714.95,3,0.7642857142857054,0,1,0,0,0,0,0,0,1,0,0,0,1,0
3372-CDXFJ,0,1,1,0,0,0,0,0,0,0,13,24.5,343.6,0,1.9307692307692328,0,1,0,0,0,1,0,1,1,0,0,0,0,0
4781-ZXYGU,0,1,1,1,0,0,0,0,0,0,1,20.15,20.15,0,0.0,0,0,0,0,0,0,0,1,0,0,0,0,0,0
7632-YUTXB,0,1,1,0,0,0,0,0,0,0,25,20.05,520.1,0,0.7540000000000013,0,0,1,0,0,0,0,1,1,0,0,0,1,0
2718-YSKCS,0,1,1,1,0,0,0,0,0,0,71,19.6,1387.45,0,0.058450704225354144,0,0,0,1,0,0,0,1,0,1,0,0,0,0
9896-UYMIE,0,0,0,1,1,1,1,1,1,1,66,114.3,7383.7,4,2.4257575757575722,0,0,0,1,0,1,1,0,1,0,0,0,0,0
0853-NWIFK,0,0,0,1,1,1,0,0,1,1,45,100.3,4483.95,2,0.6566666666666663,0,0,1,0,0,0,1,0,1,0,0,1,0,0
8212-CRQXP,0,1,0,1,0,0,0,0,1,0,22,80.0,1706.45,0,2.434090909090912,0,1,0,0,0,0,1,0,0,0,1,0,0,0
6980-CDGFC,0,1,0,1,0,0,0,0,0,0,67,20.85,1327.4,0,1.0380597014925357,0,0,0,1,0,0,0,1,1,0,0,0,0,0
7691-XVTZH,0,1,0,1,0,0,1,0,1,0,68,89.95,5974.3,1,2.0926470588235304,0,0,0,1,0,1,1,0,0,1,0,0,0,0
2520-SGTTA,0,1,1,0,0,0,0,0,0,0,0,20.0,0.0,0,0.0,0,0,0,0,0,0,0,1,0,1,0,0,1,0
2277-VWCNI,1,0,0,0,0,0,0,0,0,0,4,48.75,179.85,0,3.7875000000000014,0,0,0,0,0,1,0,0,0,0,0,0,1,0
1088-CNNKB,0,1,0,0,1,1,1,1,0,1,63,80.0,5040.2,4,0.0031746031745996106,0,0,0,1,0,1,0,0,1,0,1,0,0,0
1930-BZLHI,0,0,0,1,0,0,0,0,0,0,21,20.35,422.7,0,0.22142857142857508,0,1,0,0,0,0,0,1,1,0,0,0,1,0
5868-YTYKS,0,0,1,1,0,0,0,0,0,0,1,20.25,20.25,0,0.0,0,0,0,0,0,0,0,1,0,0,0,0,1,0
3525-DVKFN,0,0,0,0,0,0,0,0,0,0,17,19.4,358.05,0,1.661764705882355,0,1,0,0,0,0,0,1,0,1,0,0,1,0
1482-OXZSY,0,0,0,1,1,0,0,0,1,1,30,100.4,2936.25,1,2.5250000000000057,0,0,1,0,0,1,1,0,0,0,0,0,0,0
0377-JBKKT,0,1,1,1,1,1,0,1,0,0,22,57.95,1271.8,3,0.14090909090909776,0,1,0,0,0,0,0,0,0,0,0,0,1,0
5778-BVOFB,0,0,0,1,0,0,0,1,1,0,9,59.5,530.05,1,0.6055555555555614,1,0,0,0,0,0,0,0,0,0,0,0,0,0
3373-YZZYM,0,1,1,0,0,0,0,0,0,0,1,19.2,19.2,0,0.0,0,0,0,0,0,0,0,1,0,0,0,0,1,0
0228-MAUWC,0,0,0,0,0,0,1,1,0,0,19,59.55,1144.6,2,0.6921052631578917,0,1,0,0,0,1,0,0,0,0,0,1,0,0
7663-YJHSN,0,1,0,1,1,1,1,1,1,0,72,103.95,7556.9,4,1.0069444444444429,0,0,0,1,0,1,1,0,0,1,0,0,0,0
4915-BFSXL,0,1,1,0,1,0,1,0,1,0,70,68.95,4858.7,2,0.45999999999999375,0,0,0,1,0,1,0,0,0,1,1,0,0,0
3086-RUCRN,0,0,0,1,1,1,1,1,0,1,66,103.1,6595.0,4,3.1757575757575722,0,0,0,1,0,1,1,0,0,0,0,0,0,0
5215-LNLDJ,0,1,1,1,0,0,0,0,0,0,7,24.7,149.05,0,3.407142857142855,1,0,0,0,1,0,0,0,0,0,0,1,0,0
7576-JMYWV,1,1,1,1,1,1,0,1,1,1,46,110.2,4972.1,3,2.110869565217385,0,0,1,0,0,1,1,0,0,0,0,1,0,0
0257-KXZGU,0,1,1,0,0,1,1,0,0,0,32,62.45,2045.55,2,1.4734374999999957,0,0,1,0,0,1,0,0,0,0,0,0,0,0
1307-ATKGB,0,0,0,1,0,1,1,0,0,1,24,89.55,2187.15,2,1.5812500000000114,0,1,0,0,0,0,1,0,0,0,0,1,0,0
3714-XPXBW,0,0,0,1,1,1,1,1,1,0,37,78.9,2976.95,4,1.558108108108101,0,0,1,0,0,1,0,0,0,0,1,0,0,0
1850-AKQEP,0,0,1,0,0,0,0,0,0,0,8,20.35,178.7,0,1.9874999999999972,1,0,0,0,0,0,0,1,0,0,0,0,1,0
2824-DXNKN,0,1,1,1,1,0,1,0,1,0,72,71.45,5025.85,2,1.6465277777777771,0,0,0,1,0,1,0,0,0,1,0,0,0,0
5227-JSCFE,1,1,0,0,1,1,1,1,0,0,71,46.35,3353.4,4,0.8809859154929569,0,0,0,1,1,0,0,0,0,1,1,0,0,0
0848-ZGQIJ,0,1,0,1,0,1,0,0,1,1,16,94.65,1461.15,1,3.328125,0,1,0,0,0,0,1,0,0,0,0,0,0,0
3621-CHYVB,0,1,0,1,1,0,1,1,0,1,57,49.9,2782.4,3,1.0859649122807014,0,0,0,1,1,0,0,0,0,0,0,0,0,0
8042-RNLKO,0,0,0,0,0,0,0,0,0,0,66,25.45,1699.15,0,0.2946969696969717,0,0,0,1,0,1,0,1,1,0,0,0,0,0
5372-FBKBN,0,0,1,0,0,0,0,0,0,0,21,20.75,452.2,0,0.7833333333333314,0,1,0,0,0,0,0,1,0,0,0,0,1,0
0420-TXVSG,0,1,0,1,1,1,1,0,0,0,66,66.1,4428.45,3,0.9977272727272748,0,0,0,1,0,1,0,0,0,1,1,0,0,0
6217-TOWGS,0,1,0,1,0,1,0,0,1,1,17,75.4,1322.55,1,2.397058823529406,0,1,0,0,0,1,0,0,0,0,0,0,0,0
1045-LTCYT,0,1,1,0,0,0,0,0,0,0,8,21.05,139.75,0,3.5812500000000007,1,0,0,0,0,0,0,1,0,0,1,0,0,0
1544-JJMYL,0,0,0,0,1,0,1,1,1,0,27,69.35,1927.3,3,2.0314814814814923,0,0,1,0,0,0,0,0,1,0,1,0,0,0
4636-JGAAI,0,1,0,0,0,1,0,0,0,1,34,88.85,3000.25,1,0.6073529411764582,0,0,1,0,0,1,1,0,0,0,0,0,1,0
6874-SGLHU,0,0,0,1,0,1,0,0,1,1,30,97.0,3021.3,1,3.710000000000008,0,0,1,0,0,0,1,0,1,0,0,0,0,0
5951-AOFIH,0,0,0,1,0,1,1,0,1,0,33,66.4,2245.4,2,1.6424242424242408,0,0,1,0,0,0,0,0,0,0,1,0,0,0
3059-NGMXB,0,1,1,0,1,1,0,0,0,1,14,69.2,944.65,2,1.7250000000000085,0,1,0,0,0,1,0,0,0,0,0,0,1,0
8652-YHIYU,0,0,1,1,0,0,0,1,0,0,16,79.5,1264.2,1,0.48749999999999716,0,1,0,0,0,1,1,0,1,0,1,0,0,0
5278-PNYOX,0,0,0,0,0,0,1,1,1,1,49,100.65,4917.75,2,0.2877551020408191,0,0,0,1,0,0,1,0,0,1,1,0,0,0
3486-HOOGQ,0,1,1,0,1,1,1,1,1,0,70,79.7,5743.3,4,2.347142857142856,0,0,0,1,0,1,0,0,0,1,0,0,0,0
5061-PBXFW,0,1,1,0,1,1,0,1,0,0,32,61.4,1864.65,3,3.1296874999999957,0,0,1,0,0,0,0,0,0,0,0,0,0,0
8630-FJLIB,0,0,0,1,0,0,0,0,0,0,18,69.8,1221.65,0,1.930555555555543,0,1,0,0,0,0,1,0,0,0,0,1,0,0
3891-NLXJB,0,0,0,1,1,1,0,1,0,0,37,40.55,1390.85,3,2.9594594594594597,0,0,1,0,1,0,0,0,0,1,0,0,1,0
4749-OJKQU,0,0,0,1,0,0,0,0,0,0,4,75.65,302.35,0,0.0625,0,0,0,0,0,1,1,0,0,0,0,1,0,0
0577-WHMEV,0,1,0,0,1,1,1,0,0,0,16,90.7,1374.9,3,4.768749999999997,0,1,0,0,0,1,1,0,0,0,0,1,0,0
5453-AXEPF,0,1,0,1,0,1,0,0,0,0,17,80.5,1336.9,1,1.8588235294117652,0,1,0,0,0,1,1,0,0,0,0,0,0,0
3639-XJHKQ,0,0,1,1,1,1,1,0,0,0,19,60.6,1297.8,3,7.705263157894727,0,1,0,0,0,0,0,0,0,0,0,1,0,0
3716-LRGXK,0,1,0,0,0,0,1,0,1,1,60,101.15,6067.4,1,0.026666666666685046,0,0,0,1,0,1,1,0,0,1,1,0,0,0
2263-SFSQZ,0,1,1,1,0,0,0,0,0,0,51,24.95,1222.25,0,0.9843137254901961,0,0,0,1,0,1,0,1,0,1,0,0,1,0
9950-MTGYX,0,1,1,1,0,0,0,0,0,0,28,20.3,487.95,0,2.873214285714287,0,0,1,0,0,0,0,1,0,1,1,0,0,0
3397-AVTKU,0,0,0,1,0,1,0,0,0,1,43,60.0,2548.55,1,0.7313953488372036,0,0,1,0,0,0,0,0,0,1,0,1,0,0
4825-FUREZ,0,1,0,0,0,0,0,0,0,0,42,20.25,835.5,0,0.35714285714285765,0,0,1,0,0,0,0,1,0,1,0,1,0,0
2672-OJQZP,0,0,0,0,0,0,0,0,0,0,1,44.75,44.75,0,0.0,0,0,0,0,0,0,0,0,0,0,0,0,1,0
3134-DSHVC,0,0,0,0,1,1,1,0,1,0,63,98.0,6218.45,3,0.7055555555555486,0,0,0,1,0,1,1,0,0,1,1,0,0,0
7821-DPRQE,0,1,0,1,1,1,0,1,1,1,68,107.7,7320.9,3,0.0397058823529477,0,0,0,1,0,1,1,0,0,0,0,1,0,0
2001-EWBQU,0,0,0,0,0,1,1,0,1,1,60,104.7,6333.8,2,0.8633333333333297,0,0,0,1,0,1,1,0,0,1,0,1,0,0
1608-GMEWB,1,0,0,1,0,0,0,0,1,1,45,93.9,4200.25,0,0.5611111111111171,0,0,1,0,0,1,1,0,0,0,0,0,0,0
6695-AMZUF,0,1,0,0,1,1,1,1,1,1,70,86.45,5950.2,4,1.4471428571428646,0,0,0,1,0,0,0,0,0,1,1,0,0,0
8410-BGQXN,0,0,0,0,0,0,0,0,0,0,4,19.4,93.4,0,3.950000000000003,0,0,0,0,0,0,0,1,0,0,0,0,1,0
1619-YWUBB,0,1,0,1,0,0,0,0,0,0,68,24.95,1614.9,0,1.201470588235292,0,0,0,1,0,1,0,1,0,1,1,0,0,0
7611-YKYTC,0,1,1,0,1,0,0,0,0,0,22,75.0,1573.95,1,3.4568181818181785,0,1,0,0,0,0,1,0,0,0,0,0,0,0
0365-GXEZS,0,1,0,0,0,0,1,1,0,0,18,78.2,1468.75,2,3.3972222222222257,0,1,0,0,0,0,1,0,0,0,0,1,0,0
0082-OQIQY,0,0,0,1,0,0,0,1,1,1,29,94.2,2607.6,1,4.282758620689663,0,0,1,0,0,0,1,0,0,0,0,1,0,0
3606-SBKRY,0,0,0,1,0,0,1,0,1,1,31,50.05,1523.4,1,0.9080645161290235,0,0,1,0,1,0,0,0,1,0,0,1,0,0
0667-NSRGI,0,1,0,1,0,0,1,1,0,1,48,69.55,3435.6,2,2.0250000000000057,0,0,1,0,0,1,0,0,1,0,0,0,1,0
6893-ODYYE,0,0,0,1,1,1,1,1,0,0,50,90.1,4549.45,4,0.8889999999999958,0,0,0,1,0,0,1,0,1,0,1,0,0,0
8242-JSVBO,0,0,0,1,0,0,0,0,0,0,7,44.65,322.5,0,1.4214285714285708,1,0,0,0,0,0,0,0,0,0,0,0,0,0
9541-ZPSEA,0,1,1,0,1,0,1,0,0,0,68,80.35,5375.15,2,1.303676470588229,0,0,0,1,0,0,1,0,0,1,1,0,0,0
2665-NPTGL,1,1,0,1,0,0,1,0,1,1,26,98.1,2510.7,1,1.5346153846153925,0,0,1,0,0,1,1,0,0,0,0,0,0,0
1139-WUOAH,0,0,0,0,0,0,1,1,1,1,57,53.35,3090.05,2,0.8614035087719287,0,0,0,1,1,0,0,0,0,1,1,0,0,0
4693-VWVBO,0,0,0,0,0,0,0,0,0,0,3,19.55,61.05,0,0.7999999999999972,0,0,0,0,0,0,0,1,0,0,0,1,0,0
6937-GCDGQ,0,1,1,1,1,0,0,0,0,0,19,48.95,955.6,1,1.344736842105263,0,1,0,0,0,0,0,0,1,0,0,0,0,0
0988-JRWWP,0,0,0,1,0,0,0,0,1,0,3,54.2,140.4,0,7.399999999999999,0,0,0,0,0,0,0,0,0,0,0,1,0,0
5075-JSDKI,0,0,0,0,0,0,0,0,0,0,59,24.45,1493.1,0,0.8567796610169474,0,0,0,1,0,1,0,1,0,1,0,1,0,0
8644-XYTSV,0,1,0,1,1,0,0,0,1,0,42,40.15,1626.05,1,1.4345238095238102,0,0,1,0,1,0,0,0,0,0,0,0,0,0
3873-WOSBC,0,1,0,0,0,0,0,0,0,0,67,25.6,1784.9,0,1.040298507462687,0,0,0,1,0,1,0,1,0,1,1,0,0,0
7465-ZZRVX,0,0,0,1,0,0,0,0,0,0,1,70.35,70.35,0,0.0,0,0,0,0,0,0,1,0,0,0,0,1,0,0
7975-JMZNT,0,1,0,0,1,1,1,1,1,1,66,91.7,6075.9,4,0.35909090909089514,0,0,0,1,0,1,0,0,0,1,0,0,0,0
7251-XFOIL,0,0,0,0,0,0,1,0,0,1,61,89.2,5500.6,1,0.973770491803279,0,0,0,1,0,1,1,0,0,0,0,0,1,0
4116-IQRFR,0,1,1,0,0,0,0,0,0,0,4,24.1,73.1,0,5.825000000000003,0,0,0,0,0,1,0,1,1,0,1,0,0,0
8259-DZLIZ,0,1,1,1,0,1,0,0,0,0,64,53.85,3399.85,1,0.7273437500000028,0,0,0,1,0,1,0,0,1,0,0,0,0,0
0442-ZXKVS,1,1,0,1,1,1,1,1,1,1,54,115.6,6431.05,4,3.4935185185185276,0,0,0,1,0,1,1,0,1,0,0,0,0,0
7853-WNZSY,0,0,0,1,0,0,0,0,0,0,1,19.75,19.75,0,0.0,0,0,0,0,0,0,0,1,0,0,1,0,0,0
3120-FAZKD,0,1,1,1,0,0,0,0,0,0,54,24.05,1230.9,0,1.2555555555555529,0,0,0,1,0,1,0,1,0,1,0,0,0,0
8606-OEGQZ,0,0,1,0,0,0,0,0,0,0,18,25.3,454.65,0,0.04166666666666785,0,1,0,0,0,1,0,1,0,1,1,0,0,0
0225-ZORZP,0,0,0,0,0,1,0,0,0,1,3,84.3,235.05,1,5.949999999999989,0,0,0,0,0,0,1,0,0,0,0,1,0,0
9489-JMTTN,0,1,1,0,1,1,1,1,1,1,72,89.75,6595.9,4,1.8597222222222172,0,0,0,1,0,1,0,0,0,1,1,0,0,0
0575-CUQOV,1,1,0,1,0,1,1,0,1,1,60,97.95,5867.0,2,0.1666666666666714,0,0,0,1,0,0,1,0,1,0,0,1,0,0
0967-BMLBD,0,1,1,1,0,0,0,0,0,0,11,20.0,196.35,0,2.150000000000002,1,0,0,0,0,0,0,1,1,0,0,0,1,0
2830-LEWOA,0,1,1,0,0,1,1,1,1,1,61,103.9,6449.15,3,1.8237704918032733,0,0,0,1,0,0,1,0,1,0,1,0,0,0
5006-MXVRN,0,0,0,0,0,0,0,0,0,0,39,20.7,762.45,0,1.1499999999999986,0,0,1,0,0,0,0,1,0,1,1,0,0,0
8327-WKMIE,0,0,0,0,0,0,0,0,0,0,37,20.15,785.75,0,1.0864864864864892,0,0,1,0,0,0,0,1,1,0,1,0,0,0
6917-FIJHC,0,1,0,1,0,0,0,0,0,0,72,26.0,1776.0,0,1.3333333333333321,0,0,0,1,0,1,0,1,0,1,0,0,1,0
5329-KRDTM,1,1,0,0,0,1,1,1,1,0,72,77.35,5396.25,3,2.402083333333323,0,0,0,1,0,1,0,0,0,1,1,0,0,0
7797-EJMDP,0,0,0,0,1,0,0,1,0,1,8,66.05,574.5,2,5.762500000000003,1,0,0,0,0,0,0,0,0,0,0,0,0,0
3530-VWVGU,0,1,1,0,0,0,0,0,0,0,22,19.9,400.3,0,1.7045454545454533,0,1,0,0,0,0,0,1,0,0,0,0,1,0
6368-NWMCE,0,0,0,0,0,1,0,1,0,1,38,68.15,2656.3,2,1.7526315789473728,0,0,1,0,0,1,0,0,0,0,1,0,0,0
3633-CDBUW,0,0,1,0,0,1,1,1,1,1,17,80.85,1445.95,3,4.205882352941188,0,1,0,0,0,0,0,0,1,0,0,1,0,0
0707-HOVVN,1,0,0,1,0,1,1,1,1,0,70,75.5,5212.65,3,1.0335714285714346,0,0,0,1,0,1,0,0,0,1,0,0,0,0
3956-MGXOG,0,0,0,1,0,0,0,0,0,1,28,80.6,2244.95,0,0.42321428571428044,0,0,1,0,0,0,1,0,0,0,0,1,0,0
9274-UARKJ,0,0,0,1,0,1,0,0,1,0,15,83.2,1130.0,1,7.866666666666674,0,1,0,0,0,0,1,0,0,0,0,0,0,0
4077-HWUYD,0,1,1,1,1,1,1,1,1,1,72,87.55,6463.15,4,2.21597222222222,0,0,0,1,0,1,0,0,0,1,0,0,0,0
0103-CSITQ,0,1,0,1,0,1,1,1,1,1,57,109.4,6252.7,3,0.2964912280701668,0,0,0,1,0,1,1,0,1,0,0,0,0,0
8671-KKKOS,0,1,0,0,1,1,0,0,1,0,46,45.55,2062.15,2,0.720652173913038,0,0,1,0,1,0,0,0,0,0,0,1,0,0
7305-ZWMAJ,0,1,0,0,0,0,0,0,0,0,30,20.7,587.1,0,1.129999999999999,0,0,1,0,0,0,0,1,1,0,1,0,0,0
9518-XXBXE,1,1,0,0,1,0,0,0,0,0,10,75.3,720.45,1,3.2549999999999955,1,0,0,0,0,0,1,0,0,0,0,1,0,0
6578-KRMAW,0,0,0,1,1,1,1,0,0,1,32,93.4,2979.3,3,0.296875,0,0,1,0,0,0,1,0,0,0,1,0,0,0
4860-IJUDE,0,0,0,1,1,0,0,0,0,0,13,73.75,956.65,1,0.16153846153846985,0,1,0,0,0,0,1,0,0,0,1,0,0,0
9688-YGXVR,0,0,0,1,0,1,1,0,1,0,44,88.15,3973.2,2,2.1499999999999915,0,0,1,0,0,0,1,0,0,0,1,0,0,0
0423-UDIJQ,1,0,0,0,0,0,0,1,0,0,9,49.2,447.9,1,0.5666666666666629,1,0,0,0,0,0,0,0,0,0,0,0,1,0
1945-XISKS,0,1,0,0,0,0,0,0,0,0,67,19.65,1335.2,0,0.27835820895522545,0,0,0,1,0,0,0,1,0,1,0,0,1,0
5360-LJCNJ,0,1,0,1,0,1,1,0,1,1,71,105.15,7555.0,2,1.2584507042253534,0,0,0,1,0,1,1,0,0,1,0,0,0,0
2607-FBDFF,0,0,0,0,0,0,0,1,0,0,1,49.0,49.0,1,0.0,0,0,0,0,0,0,0,0,0,0,1,0,0,0
1100-DDVRV,0,1,0,1,0,1,0,0,1,1,17,49.8,836.35,1,0.602941176470587,0,1,0,0,1,0,0,0,0,0,0,0,1,0
6728-WYQBC,0,0,0,0,0,0,0,0,0,0,1,20.95,20.95,0,0.0,0,0,0,0,0,0,0,1,0,0,0,0,0,0
9029-FEGVJ,1,1,0,0,0,0,1,0,0,0,32,79.3,2570.0,1,1.0125000000000028,0,0,1,0,0,1,1,0,0,0,0,0,1,0
7216-KAOID,0,1,1,0,0,0,0,0,0,0,41,19.5,798.2,0,0.031707317073170316,0,0,1,0,0,0,0,1,1,0,0,0,0,0
6145-NNPNO,0,0,0,0,0,0,0,0,0,0,1,44.15,44.15,0,0.0,0,0,0,0,0,0,0,0,0,0,0,0,0,0
5339-TJFEK,0,1,1,1,1,1,0,0,1,1,62,105.5,6487.2,2,0.8677419354838776,0,0,0,1,0,1,1,0,0,0,0,1,0,0
2074-GUHPQ,0,0,1,1,0,1,1,1,0,0,17,92.7,1556.85,3,1.1205882352941217,0,1,0,0,0,1,1,0,0,0,1,0,0,0
4625-XMOYM,0,1,1,1,0,0,0,0,0,0,72,26.25,1988.05,0,1.3618055555555557,0,0,0,1,0,1,0,1,0,1,0,0,0,0
5827-MWCZK,0,1,1,1,0,1,0,1,1,0,56,96.95,5432.2,2,0.05357142857141639,0,0,0,1,0,1,1,0,0,0,1,0,0,0
1385-TQOZW,0,0,0,1,0,0,0,0,0,0,9,20.45,147.55,0,4.055555555555554,1,0,0,0,0,0,0,1,0,0,1,0,0,0
5914-XRFQB,0,1,0,1,1,1,1,1,1,1,72,115.8,8424.9,4,1.2124999999999915,0,0,0,1,0,1,1,0,0,1,0,0,0,0
4329-YPDDQ,0,0,0,1,1,1,1,1,1,1,20,108.2,2203.7,4,1.9849999999999852,0,1,0,0,0,0,1,0,0,0,0,0,0,0
4804-NCPET,0,1,1,0,0,0,0,0,0,0,19,20.2,387.4,0,0.18947368421052602,0,1,0,0,0,0,0,1,0,1,0,0,1,0
5944-UGLLK,0,0,0,0,0,0,1,1,1,1,53,54.9,3045.75,2,2.566981132075476,0,0,0,1,1,0,0,0,1,0,1,0,0,0
7787-BNTZM,0,0,0,0,0,0,0,0,0,0,6,20.15,130.5,0,1.6000000000000014,0,0,0,0,0,0,0,1,0,0,0,0,0,0
2252-ISRNH,0,1,1,1,0,0,1,0,1,0,9,90.35,767.9,1,5.0277777777777715,1,0,0,0,0,1,1,0,1,0,0,1,0,0
9415-TPKRV,0,1,1,0,0,1,0,0,0,0,8,55.75,446.8,1,0.10000000000000142,1,0,0,0,0,1,0,0,0,0,0,1,0,0
5322-TEUJK,0,1,1,0,1,1,1,1,1,1,71,114.6,8100.25,4,0.5119718309859138,0,0,0,1,0,1,1,0,0,1,0,0,0,0
1866-DIOQZ,0,1,0,0,1,1,1,1,1,1,71,66.8,4689.15,4,0.7556338028169023,0,0,0,1,1,0,0,0,1,0,0,0,0,0
8375-KVTHK,0,1,0,1,0,1,0,1,1,1,68,100.3,6754.35,2,0.9713235294117624,0,0,0,1,0,0,1,0,1,0,0,1,0,0
2697-NQBPF,0,0,0,1,0,1,0,1,1,1,34,105.35,3540.65,2,1.2132352941176379,0,0,1,0,0,1,1,0,0,0,0,1,0,0
3709-OIJEA,0,0,0,1,0,1,1,1,0,0,26,85.2,2184.6,3,1.1769230769230887,0,0,1,0,0,0,1,0,1,0,0,1,0,0
1386-ZIKUV,0,0,0,1,0,0,0,0,0,0,7,18.95,130.55,0,0.29999999999999716,1,0,0,0,0,0,0,1,0,0,0,0,1,0
0599-XNYDO,0,1,0,1,0,0,0,0,0,0,20,69.8,1540.35,0,7.217500000000001,0,1,0,0,0,0,1,0,0,0,0,0,0,0
6377-WHAOX,0,1,0,1,0,1,1,0,1,1,60,106.15,6411.25,2,0.7041666666666657,0,0,0,1,0,1,1,0,0,0,0,1,0,0
6855-VLGOS,0,1,1,0,0,0,0,0,0,0,72,20.55,1432.55,0,0.6534722222222236,0,0,0,1,0,0,0,1,0,1,0,1,0,0
8999-XXGNS,1,1,0,1,0,1,1,0,1,1,72,105.75,7629.85,2,0.2201388888888971,0,0,0,1,0,1,1,0,1,0,1,0,0,0
8746-OQQRW,0,0,0,0,0,0,0,0,0,0,4,25.25,101.9,0,0.22500000000000142,0,0,0,0,0,1,0,1,0,0,0,0,1,0
3181-MIZBN,0,1,1,0,0,0,0,0,0,0,16,19.75,313.4,0,0.16250000000000142,0,1,0,0,0,0,0,1,0,0,0,1,0,0
0471-ARVMX,1,1,0,1,1,0,1,0,1,1,62,104.85,6312.9,2,3.029032258064518,0,0,0,1,0,1,1,0,1,0,0,1,0,0
7766-CLTIC,0,0,0,1,0,0,0,1,0,1,10,60.95,629.55,1,2.0049999999999955,1,0,0,0,0,0,0,0,0,0,0,0,1,0
5650-YLIBA,0,0,0,1,0,1,0,0,0,0,31,81.15,2640.55,1,4.029032258064518,0,0,1,0,0,1,1,0,0,0,0,1,0,0
0825-CPPQH,0,1,0,0,0,0,0,0,0,0,71,19.1,1372.45,0,0.23028169014084554,0,0,0,1,0,0,0,1,0,1,1,0,0,0
9084-OAYKL,0,0,0,0,0,0,0,0,0,0,58,20.8,1212.25,0,0.1008620689655153,0,0,0,1,0,0,0,1,0,1,0,0,1,0
6122-LJADA,0,1,1,1,1,1,1,1,1,1,70,90.15,6237.05,4,1.0492857142857162,0,0,0,1,0,1,0,0,0,1,1,0,0,0
2400-XIWIO,0,1,0,0,1,1,1,1,1,1,71,90.1,6310.9,4,1.2140845070422586,0,0,0,1,0,1,0,0,0,1,0,1,0,0
7524-VRLPL,1,0,0,0,1,0,1,1,0,1,69,74.1,5031.0,3,1.1869565217391198,0,0,0,1,0,1,0,0,0,1,1,0,0,0
7569-NMZYQ,0,1,1,1,1,1,1,1,1,1,72,118.75,8672.45,4,1.7006944444444514,0,0,0,1,0,1,1,0,0,1,0,0,0,0
5201-USSQZ,0,1,0,0,0,0,0,1,0,1,26,85.9,2196.45,1,1.4211538461538566,0,0,1,0,0,0,1,0,0,0,1,0,0,0
2105-PHWON,0,1,0,1,0,0,1,1,0,1,33,95.0,3008.15,2,3.8439393939393938,0,0,1,0,0,1,1,0,0,0,1,0,0,0
1494-EJZDW,0,1,1,0,0,0,0,0,0,0,10,20.15,220.8,0,1.9300000000000033,1,0,0,0,0,0,0,1,0,1,0,0,1,0
4884-TVUQF,1,0,0,0,1,0,1,1,0,1,57,101.3,5779.6,3,0.09649122807017818,0,0,0,1,0,1,1,0,0,1,1,0,0,0
8003-EWNDZ,0,0,0,1,0,0,0,0,0,0,10,21.2,222.65,0,1.0650000000000013,1,0,0,0,0,0,0,1,0,0,0,1,0,0
1897-RCFUM,0,1,1,1,0,0,0,0,0,0,39,24.2,914.6,0,0.7487179487179461,0,0,1,0,0,1,0,1,1,0,0,0,1,0
9256-JTBNZ,0,0,0,0,0,0,0,0,0,0,11,20.3,246.3,0,2.09090909090909,1,0,0,0,0,0,0,1,0,0,0,0,0,0
2211-RMNHO,0,1,1,0,0,1,1,1,1,1,68,85.3,5560.0,3,3.535294117647055,0,0,0,1,0,1,0,0,0,1,0,0,0,0
2432-TFSMK,0,0,0,1,0,0,1,0,1,0,18,89.6,1633.0,1,1.1222222222222342,0,1,0,0,0,1,1,0,1,0,1,0,0,0
4929-ROART,0,0,0,0,1,0,0,0,0,0,18,56.25,969.85,1,2.36944444444444,0,1,0,0,0,1,0,0,0,0,0,0,1,0
1834-ABKHQ,0,1,1,1,0,0,1,0,0,0,52,50.95,2610.65,1,0.7451923076923066,0,0,0,1,0,0,0,0,1,0,0,0,0,0
1741-WTPON,0,1,1,0,1,1,1,1,1,1,56,115.85,6567.9,4,1.4339285714285666,0,0,0,1,0,1,1,0,0,1,0,0,1,0
3932-IJWDZ,0,0,0,1,0,0,1,1,1,1,45,103.65,4747.85,2,1.857777777777784,0,0,1,0,0,1,1,0,0,0,0,0,0,0
1240-HCBOH,0,0,0,1,0,0,0,0,0,0,67,26.1,1759.55,0,0.16194029850746006,0,0,0,1,0,1,0,1,0,1,0,0,1,0
3594-KADLU,0,1,0,0,1,0,0,1,0,0,3,35.1,101.1,2,1.4000000000000057,0,0,0,0,1,0,0,0,0,0,0,0,1,0
8065-BVEPF,1,0,0,1,0,1,1,0,1,1,65,99.1,6496.15,2,0.8407692307692258,0,0,0,1,0,0,1,0,0,0,0,0,0,0
3796-ENZGF,0,1,0,0,0,1,0,1,0,1,63,67.25,4234.15,2,0.04126984126985178,0,0,0,1,0,1,0,0,0,1,0,0,1,0
1734-ZMNTZ,0,1,1,0,0,0,0,0,0,0,11,25.0,300.7,0,2.336363636363636,1,0,0,0,0,1,0,1,0,1,0,0,1,0
2853-CWQFQ,0,0,1,1,0,0,0,1,0,1,1,59.55,59.55,1,0.0,0,0,0,0,0,0,0,0,0,0,0,0,1,0
0813-TAXXS,0,0,0,1,0,0,1,0,1,1,55,77.8,4323.35,1,0.806363636363642,0,0,0,1,0,1,0,0,0,1,0,0,0,0
2519-TWKFS,0,1,1,1,0,0,0,1,0,0,25,55.1,1466.1,1,3.543999999999997,0,0,1,0,0,1,0,0,1,0,0,0,1,0
0626-QXNGV,0,1,0,1,0,0,0,0,0,0,72,24.15,1776.45,0,0.5229166666666671,0,0,0,1,0,1,0,1,0,1,1,0,0,0
6723-CEGQI,0,0,1,0,0,1,0,1,1,0,65,45.25,2933.95,2,0.1123076923076951,0,0,0,1,1,0,0,0,0,1,0,0,1,0
4732-RRJZC,0,1,1,0,0,0,0,0,0,0,7,20.25,144.35,0,0.3714285714285701,1,0,0,0,0,0,0,1,0,0,0,0,1,0
9499-XPZXM,0,1,0,0,1,1,0,1,0,0,72,64.75,4804.75,3,1.9826388888888857,0,0,0,1,0,1,0,0,0,1,0,0,0,0
4338-EYCER,0,1,0,0,0,0,0,0,1,0,21,54.6,1125.2,0,1.019047619047619,0,1,0,0,0,0,0,0,0,0,0,0,0,0
3007-FDPEA,0,0,0,1,0,0,0,0,0,0,2,20.7,39.85,0,0.7749999999999986,0,0,0,0,0,0,0,1,0,0,0,0,0,0
6350-XFYGW,1,0,0,1,0,0,1,0,1,1,4,94.75,422.4,1,10.849999999999994,0,0,0,0,0,0,1,0,0,0,0,1,0,0
8513-OLYGY,0,1,0,0,1,1,1,1,1,1,72,115.8,8332.15,4,0.07569444444445139,0,0,0,1,0,1,1,0,0,1,1,0,0,0
0311-QYWSS,0,0,0,1,1,0,0,0,0,0,6,49.45,314.6,1,2.9833333333333343,0,0,0,0,0,0,0,0,0,0,0,1,0,0
8705-DWKTI,0,0,0,1,0,0,1,0,0,1,52,83.8,4331.4,1,0.5038461538461547,0,0,0,1,0,0,1,0,0,0,1,0,0,0
8755-IWJHN,1,1,0,1,0,1,1,0,0,1,69,95.35,6382.0,2,2.857246376811588,0,0,0,1,0,1,1,0,0,0,0,0,0,0
4480-QQRHC,1,0,0,1,0,0,1,0,0,0,8,74.05,600.15,1,0.96875,1,0,0,0,0,0,1,0,0,0,0,0,0,0
0929-PECLO,1,0,0,1,0,0,1,0,0,1,63,89.6,5538.8,1,1.6825396825396695,0,0,0,1,0,1,1,0,0,0,0,0,0,0
3680-CTHUH,0,0,0,1,1,1,1,1,1,1,60,116.6,7049.5,4,0.8916666666666657,0,0,0,1,0,1,1,0,1,0,1,0,0,0
1202-KKGFU,0,1,0,0,1,0,0,1,0,0,12,54.2,690.5,2,3.3416666666666615,1,0,0,0,0,0,0,0,0,0,0,0,0,0
6112-KTHFQ,0,0,0,1,0,0,0,0,0,0,13,19.3,279.3,0,2.184615384615384,0,1,0,0,0,0,0,1,0,0,0,0,1,0
1852-XEMDW,0,0,0,0,1,1,1,0,0,0,22,65.05,1427.55,3,0.1613636363636317,0,1,0,0,0,1,0,0,0,0,0,0,1,0
1820-DJFPH,0,1,1,1,0,0,0,0,0,0,72,24.05,1709.15,0,0.311805555555555,0,0,0,1,0,1,0,1,0,1,0,0,0,0
9426-SXNHE,0,0,0,0,0,0,0,0,0,0,2,18.75,53.15,0,7.824999999999999,0,0,0,0,0,0,0,1,0,0,0,0,0,0
9068-FHQHD,0,1,1,0,0,0,0,0,0,0,40,20.15,777.35,0,0.7162499999999987,0,0,1,0,0,0,0,1,0,1,0,0,0,0
1269-FOYWN,0,1,1,0,0,0,0,0,0,0,44,20.0,860.85,0,0.43522727272727124,0,0,1,0,0,0,0,1,1,0,0,0,0,0
9470-YFUYI,1,1,0,1,1,1,0,1,1,0,71,71.0,5012.1,3,0.40704225352112644,0,0,0,1,0,0,0,0,1,0,0,0,0,0
7402-EYFXX,1,0,0,1,0,0,0,0,1,1,26,93.6,2404.1,0,1.1346153846153868,0,0,1,0,0,1,1,0,0,0,0,1,0,0
9895-VFOXH,0,0,0,0,0,0,0,0,0,0,1,24.4,24.4,0,0.0,0,0,0,0,1,0,0,0,0,0,0,0,1,0
1230-QAJDW,0,0,0,1,0,0,0,1,1,0,3,65.25,209.9,1,4.716666666666669,0,0,0,0,0,1,0,0,0,0,0,0,1,0
5701-ZIKJE,0,0,0,1,0,0,0,1,0,0,13,50.55,610.75,1,3.5692307692307637,0,1,0,0,0,0,0,0,0,0,0,0,1,0
5032-MIYKT,0,0,0,1,0,0,0,0,0,0,1,70.7,70.7,0,0.0,0,0,0,0,0,0,1,0,0,0,0,0,1,0
7396-VJUZB,0,1,1,0,0,0,0,0,0,0,4,45.25,155.35,0,6.412500000000001,0,0,0,0,0,0,0,0,0,0,0,0,1,0
9717-QEBGU,0,0,0,1,0,0,0,0,0,0,2,70.3,144.0,0,1.7000000000000028,0,0,0,0,0,0,1,0,0,0,0,1,0,0
5172-RKOCB,0,1,0,1,1,1,0,1,1,1,72,108.95,7875.0,3,0.42499999999999716,0,0,0,1,0,1,1,0,0,1,1,0,0,0
6509-TSGWN,0,1,1,0,0,0,0,0,0,0,37,26.45,911.6,0,1.81216216216216,0,0,1,0,0,1,0,1,0,0,0,0,1,0
3178-CIFOT,0,0,0,1,0,0,0,0,0,0,23,19.65,478.1,0,1.1369565217391333,0,1,0,0,0,0,0,1,1,0,1,0,0,0
4530-NDRKU,0,1,1,1,0,0,0,0,0,0,42,19.05,761.85,0,0.9107142857142847,0,0,1,0,0,0,0,1,1,0,0,1,0,0
5985-TBABQ,0,0,0,0,1,0,0,0,1,1,32,74.75,2282.95,1,3.4078125000000057,0,0,1,0,0,1,0,0,1,0,0,0,1,0
9800-ONTFE,0,1,1,1,0,0,0,0,0,0,22,75.8,1615.1,0,2.3863636363636402,0,1,0,0,0,1,1,0,0,0,0,0,0,0
6743-HHQPF,0,1,0,1,0,0,0,0,0,0,42,25.1,1097.15,0,1.0226190476190489,0,0,1,0,1,0,0,0,0,0,1,0,0,0
8455-HIRAQ,0,0,0,0,0,0,0,0,0,0,8,44.45,369.3,0,1.7124999999999986,1,0,0,0,0,0,0,0,0,0,0,0,1,0
6616-AALSR,0,1,1,1,1,0,1,0,1,1,65,104.3,6725.3,2,0.833846153846153,0,0,0,1,0,1,1,0,0,1,1,0,0,0
9415-ZNBSX,0,1,1,1,1,1,1,1,1,1,70,89.0,6293.2,4,0.9028571428571439,0,0,0,1,0,1,0,0,0,1,0,0,0,0
4018-KJYUY,0,0,1,0,0,0,0,0,0,0,22,20.15,432.5,0,0.4909090909090885,0,1,0,0,0,0,0,1,0,0,1,0,0,0
3884-UEBXB,0,1,1,0,1,1,0,0,0,0,67,36.15,2434.45,2,0.18507462686567067,0,0,0,1,1,0,0,0,0,1,0,0,0,0
8780-RSYYU,0,0,0,1,0,0,0,0,0,0,25,19.2,532.1,0,2.084000000000003,0,0,1,0,0,0,0,1,0,0,1,0,0,0
5537-UXXVS,0,1,0,0,0,0,0,0,0,0,20,19.25,375.25,0,0.4875000000000007,0,1,0,0,0,0,0,1,0,0,0,0,0,0
1791-PQHBB,0,0,1,1,1,0,0,0,0,1,2,61.2,125.95,1,1.7749999999999986,0,0,0,0,0,0,0,0,0,0,1,0,0,0
8701-DGLVH,0,0,0,0,0,0,0,0,0,0,51,20.45,1042.65,0,0.005882352941174673,0,0,0,1,0,0,0,1,0,1,0,0,1,0
8741-LQOBK,0,1,1,0,1,1,0,0,0,0,46,35.05,1620.25,2,0.17282608695652613,0,0,1,0,1,0,0,0,0,0,0,0,0,0
8082-GHXOP,0,0,1,0,0,0,0,0,0,0,13,44.0,659.35,0,6.719230769230769,0,1,0,0,0,0,0,0,0,0,0,0,1,0
0980-FEXWF,0,1,1,0,0,0,1,0,0,0,26,50.35,1285.8,1,0.896153846153851,0,0,1,0,0,0,0,0,1,0,0,0,1,0
3011-WQKSZ,0,0,1,1,0,0,0,0,0,0,19,20.0,377.55,0,0.12894736842105203,0,1,0,0,0,0,0,1,0,0,0,1,0,0
8218-FFJDS,0,1,0,1,1,1,0,1,1,1,72,86.4,6058.95,3,2.2479166666666686,0,0,0,1,0,1,0,0,0,1,0,0,0,0
1986-PHGZF,1,0,0,1,1,1,0,0,0,0,18,58.4,964.9,2,4.794444444444444,0,1,0,0,0,1,0,0,0,0,1,0,0,0
9360-OMDZZ,0,0,0,1,0,0,0,0,1,1,24,94.1,2322.85,0,2.6854166666666686,0,1,0,0,0,1,1,0,0,0,0,1,0,0
0345-XMMUG,0,1,0,1,0,1,1,1,1,1,46,108.9,4854.3,3,3.37173913043479,0,0,1,0,0,1,1,0,0,1,1,0,0,0
8024-XNAFQ,1,0,0,1,1,1,1,1,0,1,72,107.4,7748.75,4,0.22152777777776578,0,0,0,1,0,1,1,0,0,1,0,0,0,0
2988-GBIVW,1,1,0,1,1,0,0,0,0,1,70,90.85,6470.1,1,1.5800000000000125,0,0,0,1,0,1,1,0,0,0,0,1,0,0
2832-SCUCO,0,0,0,0,0,0,0,0,0,0,2,19.9,57.4,0,8.8,0,0,0,0,0,0,0,1,0,0,0,1,0,0
7036-ZZKBD,0,1,0,1,0,0,1,1,0,1,31,66.4,2019.8,2,1.245161290322585,0,0,1,0,0,0,0,0,0,0,1,0,0,0
0265-PSUAE,0,1,1,0,1,0,1,0,1,1,16,100.7,1522.7,2,5.53125,0,1,0,0,0,0,1,0,0,0,0,0,0,0
0463-TXOAK,0,0,1,0,0,0,0,0,0,0,52,25.6,1334.5,0,0.06346153846153868,0,0,0,1,0,1,0,1,0,1,1,0,0,0
0594-UFTUL,0,1,1,1,0,0,0,0,0,0,13,19.85,252.0,0,0.46538461538461817,0,1,0,0,0,0,0,1,0,0,0,0,1,0
9509-MPYOD,0,0,0,0,0,0,0,0,0,0,35,20.75,700.45,0,0.7371428571428567,0,0,1,0,0,0,0,1,1,0,0,0,1,0
9128-CPXKI,0,0,0,0,0,0,1,0,1,1,59,95.8,5655.45,1,0.05508474576271283,0,0,0,1,0,0,1,0,0,1,0,1,0,0
0129-KPTWJ,0,1,0,1,0,0,1,0,1,1,72,94.65,6747.35,1,0.9368055555555515,0,0,0,1,0,0,1,0,0,0,0,1,0,0
5855-EIBDE,0,1,0,0,1,1,1,1,0,1,49,106.65,5174.35,4,1.051020408163268,0,0,0,1,0,1,1,0,0,1,1,0,0,0
5365-LLFYV,0,0,0,1,0,0,0,0,0,0,2,45.85,105.6,0,6.949999999999996,0,0,0,0,0,0,0,0,0,0,0,0,1,0
5956-YHHRX,1,0,0,1,0,1,1,0,1,1,21,104.35,2271.85,2,3.8333333333333286,0,1,0,0,0,1,1,0,0,0,0,1,0,0
6008-NAIXK,1,0,0,1,0,1,1,0,1,1,54,55.45,2966.95,2,0.5064814814814866,0,0,0,1,1,0,0,0,1,0,0,1,0,0
1928-BXYIV,0,0,0,0,1,1,0,0,0,0,1,61.15,61.15,2,0.0,0,0,0,0,0,1,0,0,0,0,0,1,0,0
5760-FXFVO,0,0,0,1,1,1,0,0,0,0,6,78.95,494.95,2,3.541666666666657,0,0,0,0,0,0,1,0,0,0,0,1,0,0
0961-ZWLVI,0,0,1,1,1,1,1,0,1,1,49,109.2,5290.45,3,1.2316326530612258,0,0,0,1,0,1,1,0,1,0,1,0,0,0
5181-OABFK,0,1,1,1,1,1,1,0,0,0,56,61.3,3346.8,3,1.5357142857142776,0,0,0,1,0,0,0,0,0,1,1,0,0,0
4007-NHVHI,1,0,0,1,1,1,0,0,0,1,56,96.85,5219.65,2,3.6419642857142804,0,0,0,1,0,1,1,0,0,0,0,1,0,0
7816-VGHTO,0,1,1,0,0,1,1,1,0,0,6,40.55,217.5,3,4.299999999999997,0,0,0,0,1,0,0,0,0,1,0,0,1,0
5871-DGTXZ,0,0,0,0,0,0,0,0,0,0,32,19.8,607.7,0,0.8093749999999993,0,0,1,0,0,0,0,1,1,0,0,0,1,0
7550-WIQVA,0,1,1,1,1,1,1,0,1,1,50,108.25,5431.4,3,0.3779999999999859,0,0,0,1,0,1,1,0,1,0,0,1,0,0
7544-ZVIKX,0,1,1,1,0,0,1,1,1,1,58,105.05,6004.85,2,1.518103448275852,0,0,0,1,0,1,1,0,1,0,0,0,0,0
0016-QLJIS,0,1,1,1,1,1,1,1,1,1,65,90.45,5957.9,4,1.2099999999999937,0,0,0,1,0,1,0,0,0,1,0,0,1,0
7508-DQAKK,0,0,0,1,1,1,1,1,1,1,64,86.4,5442.05,4,1.3679687500000028,0,0,0,1,0,1,0,0,0,1,1,0,0,0
5176-OLSKT,0,1,0,0,1,1,1,0,0,0,66,66.9,4370.25,3,0.6840909090909122,0,0,0,1,0,1,0,0,0,1,0,0,0,0
9356-AXGMP,0,1,0,1,1,0,1,1,1,1,38,110.7,4428.6,3,5.8421052631579045,0,0,1,0,0,1,1,0,1,0,0,1,0,0
3556-BVQGL,0,1,0,1,0,0,0,0,0,0,20,20.0,416.45,0,0.822499999999998,0,1,0,0,0,0,0,1,1,0,0,0,1,0
8979-CAMGB,1,0,0,0,0,0,1,1,1,1,64,102.1,6688.1,2,2.4015625000000114,0,0,0,1,0,1,1,0,1,0,0,1,0,0
7581-EBBOU,0,0,0,1,0,1,1,1,1,0,60,70.15,4224.7,3,0.26166666666665606,0,0,0,1,0,0,0,0,1,0,1,0,0,0
5073-RZGBK,0,1,1,1,1,1,1,1,0,1,50,80.05,4042.2,4,0.7939999999999969,0,0,0,1,0,1,0,0,1,0,0,0,0,0
2192-CKRLV,0,1,0,1,1,1,1,0,0,1,72,49.2,3580.95,3,0.5354166666666629,0,0,0,1,1,0,0,0,0,1,0,1,0,0
3154-HMWUU,0,1,0,1,0,0,0,0,0,0,60,20.5,1198.8,0,0.5199999999999996,0,0,0,1,0,0,0,1,0,1,0,0,0,0
6119-SPUDB,0,0,0,0,1,0,1,1,0,0,46,38.25,1755.35,3,0.0902173913043498,0,0,1,0,1,0,0,0,0,1,0,0,1,0
6522-OIQSX,0,1,1,1,0,1,1,0,1,1,69,54.95,3772.5,2,0.27608695652174475,0,0,0,1,1,0,0,0,0,1,1,0,0,0
7813-ZGGAW,1,0,0,1,0,0,1,1,1,0,31,96.6,2877.95,2,3.762903225806454,0,0,1,0,0,1,1,0,0,0,0,0,0,0
8748-HFWBO,0,1,1,0,0,0,0,0,0,0,19,19.9,357.7,0,1.0736842105263165,0,1,0,0,0,0,0,1,1,0,0,0,1,0
1052-QJIBV,0,1,1,0,0,0,0,0,0,0,71,19.9,1397.3,0,0.21971830985915375,0,0,0,1,0,0,0,1,0,1,1,0,0,0
1319-YLZJG,0,1,0,1,1,1,1,0,0,0,12,84.6,959.9,3,4.608333333333334,1,0,0,0,0,0,1,0,0,0,0,1,0,0
0723-FDLAY,0,0,0,1,0,1,1,1,1,1,44,85.25,3704.15,3,1.0647727272727252,0,0,1,0,0,1,0,0,1,0,0,0,0,0
3050-RLLXC,0,1,1,0,1,1,1,1,1,0,56,81.25,4620.4,4,1.2571428571428527,0,0,0,1,0,1,0,0,0,1,1,0,0,0
9298-WGMRW,0,1,0,1,1,1,1,1,1,1,72,115.5,8312.75,4,0.04513888888888573,0,0,0,1,0,1,1,0,0,1,0,0,0,0
3088-LHEFH,0,0,0,1,1,0,0,0,0,0,11,79.0,929.3,1,5.481818181818184,1,0,0,0,0,1,1,0,0,0,0,0,0,0
6583-KQJLK,1,1,0,1,0,1,0,0,1,1,15,94.65,1285.05,1,8.980000000000004,0,1,0,0,0,0,1,0,0,0,0,1,0,0
8544-JNBOX,0,0,0,1,0,0,0,0,0,0,72,20.8,1521.2,0,0.3277777777777793,0,0,0,1,0,0,0,1,0,1,0,0,1,0
6681-ZSEXG,0,1,0,0,0,1,1,0,0,0,56,59.5,3389.25,2,1.0223214285714306,0,0,0,1,0,1,0,0,0,1,1,0,0,0
6139-ZZRBQ,1,0,0,1,0,0,0,0,0,0,64,20.05,1198.05,0,1.3304687500000014,0,0,0,1,0,0,0,1,0,1,0,0,0,0
6116-RFVHN,0,1,0,1,0,0,1,0,1,1,34,100.45,3414.65,1,0.019117647058820353,0,0,1,0,0,1,1,0,0,0,0,1,0,0
8884-FEEWR,0,0,0,0,0,0,0,0,0,0,35,20.6,754.0,0,0.9428571428571431,0,0,1,0,0,0,0,1,1,0,0,0,0,0
3125-RAHBV,0,0,0,0,0,0,0,0,0,0,22,20.3,467.15,0,0.9340909090909086,0,1,0,0,0,0,0,1,1,0,1,0,0,0
0373-AIVNJ,0,0,0,0,1,1,1,0,0,0,9,39.55,373.0,3,1.8944444444444457,1,0,0,0,1,0,0,0,1,0,0,0,1,0
1682-VCOIO,0,0,0,0,0,0,0,0,0,0,23,20.45,481.1,0,0.46739130434782794,0,1,0,0,0,0,0,1,1,0,0,0,1,0
2072-ZVJJX,0,1,0,0,0,0,0,0,0,0,68,25.25,1728.2,0,0.1647058823529406,0,0,0,1,0,1,0,1,0,1,0,0,0,0
8849-AYPTR,0,1,0,0,0,0,0,0,1,1,33,91.25,2964.05,0,1.4303030303030226,0,0,1,0,0,0,1,0,0,0,0,1,0,0
9518-IMLHK,0,0,0,1,1,1,1,1,1,0,31,72.45,2156.25,4,2.8935483870967715,0,0,1,0,0,0,0,0,0,0,0,0,0,0
3646-ITDGM,0,0,0,0,0,0,0,0,0,0,56,19.7,1051.9,0,0.9160714285714278,0,0,0,1,0,0,0,1,0,1,0,0,0,0
3569-VLDHH,0,1,1,1,1,1,1,1,1,0,66,75.1,5013.0,4,0.8545454545454589,0,0,0,1,0,0,0,0,1,0,0,1,0,0
8224-KDLKN,0,1,1,0,0,0,0,0,0,0,72,25.0,1738.9,0,0.8486111111111114,0,0,0,1,0,1,0,1,0,1,0,0,0,0
7594-LZNWR,1,0,0,0,0,0,0,0,0,0,34,69.15,2275.1,0,2.235294117647072,0,0,1,0,0,0,1,0,0,0,1,0,0,0
4001-TSBTV,0,1,1,1,0,1,1,0,1,0,58,91.55,5511.65,2,3.478448275862064,0,0,0,1,0,0,1,0,0,0,0,1,0,0
8727-XDPUD,0,0,0,0,0,0,0,0,1,0,37,35.8,1316.9,0,0.20810810810809954,0,0,1,0,1,0,0,0,0,1,1,0,0,0
1043-UXOVO,0,0,0,1,1,1,1,1,1,1,71,113.15,7993.3,4,0.5683098591549367,0,0,0,1,0,1,1,0,0,1,1,0,0,0
1064-FBXNK,0,1,1,0,0,0,0,0,0,0,1,19.85,19.85,0,0.0,0,0,0,0,0,0,0,1,1,0,1,0,0,0
3996-ZNWYK,1,1,1,0,0,0,0,0,0,0,71,19.8,1388.45,0,0.2443661971830977,0,0,0,1,0,0,0,1,0,1,1,0,0,0
2878-DHMIN,0,1,1,0,0,0,0,0,0,0,35,19.9,666.0,0,0.8714285714285701,0,0,1,0,0,0,0,1,1,0,0,1,0,0
7762-ONLJY,0,1,1,0,0,0,0,0,0,0,6,19.7,94.45,0,3.958333333333332,0,0,0,0,0,0,0,1,1,0,0,0,1,0
5795-BKOYE,0,1,1,0,0,1,1,1,0,0,69,59.1,4134.7,3,0.8231884057970973,0,0,0,1,0,0,0,0,1,0,0,0,0,0
7402-PWYJJ,0,1,0,1,0,0,0,1,0,1,53,91.15,4862.5,1,0.5952830188679172,0,0,0,1,0,1,1,0,1,0,0,1,0,0
0018-NYROU,0,1,0,1,0,0,0,0,0,0,5,68.95,351.5,0,1.3499999999999943,0,0,0,0,0,0,1,0,0,0,0,1,0,0
7501-VTYLJ,0,0,1,0,0,1,0,0,0,0,2,51.55,106.2,1,1.5500000000000043,0,0,0,0,0,0,0,0,0,0,0,0,1,0
7608-RGIRO,0,0,1,1,0,0,0,0,0,0,62,24.4,1413.0,0,1.6096774193548384,0,0,0,1,0,1,0,1,0,1,0,0,1,0
0480-BIXDE,0,1,0,1,0,0,1,0,1,1,19,96.8,1743.05,1,5.060526315789474,0,1,0,0,0,0,1,0,0,0,0,1,0,0
5895-QSXOD,0,0,0,0,0,0,0,0,0,0,9,70.05,657.5,0,3.00555555555556,1,0,0,0,0,0,1,0,0,0,0,0,1,0
9814-AOUDH,0,0,0,0,0,0,0,0,0,0,53,19.5,1050.5,0,0.32075471698113134,0,0,0,1,0,0,0,1,0,1,1,0,0,0
6175-IRFIT,0,0,0,0,0,0,0,0,0,1,5,78.75,426.35,0,6.52000000000001,0,0,0,0,0,0,1,0,0,0,0,0,1,0
8760-ZRHKE,1,1,1,0,1,1,0,0,1,0,71,69.2,4982.5,2,0.9760563380281724,0,0,0,1,0,1,0,0,1,0,0,1,0,0
1622-HSHSF,0,0,0,1,0,0,0,0,0,0,1,19.55,19.55,0,0.0,0,0,0,0,0,0,0,1,0,0,0,0,1,0
6749-UTDVX,0,0,0,1,0,1,1,0,1,1,72,103.65,7634.8,2,2.3888888888888857,0,0,0,1,0,1,1,0,0,1,0,1,0,0
5542-DHSXL,0,1,0,0,1,1,0,0,0,0,4,54.7,235.05,2,4.0625,0,0,0,0,0,0,0,0,0,0,0,0,1,0
9102-OXKFY,0,0,0,0,0,0,1,0,0,0,59,54.15,3116.15,1,1.3338983050847446,0,0,0,1,0,1,0,0,0,1,1,0,0,0
5216-WASFJ,1,1,0,1,0,0,0,0,0,1,31,84.85,2633.4,0,0.09838709677420354,0,0,1,0,0,1,1,0,0,0,0,1,0,0
7808-DVWEP,0,1,0,0,0,0,0,0,0,0,3,20.0,49.65,0,3.4499999999999993,0,0,0,0,0,0,0,1,0,0,0,0,0,0
2284-VFLKH,0,1,0,1,0,0,1,1,1,1,49,99.25,4920.8,2,1.174489795918376,0,0,0,1,0,0,1,0,1,0,1,0,0,0
0366-NQSHS,0,0,0,0,0,0,0,0,0,0,2,19.35,46.35,0,3.8249999999999993,0,0,0,0,0,0,0,1,0,0,0,0,1,0
3807-BPOMJ,0,1,0,1,1,0,0,0,1,1,55,94.75,5276.1,1,1.1790909090909167,0,0,0,1,0,0,1,0,1,0,0,1,0,0
3892-NXAZG,0,1,1,1,1,1,1,1,1,1,72,114.05,8289.2,4,1.077777777777797,0,0,0,1,0,1,1,0,0,1,1,0,0,0
4948-WBBKL,1,0,0,1,0,0,0,0,0,0,36,74.9,2659.45,0,1.0263888888889028,0,0,1,0,0,1,1,0,0,0,0,0,0,0
4182-BGSIQ,0,1,1,1,0,0,0,0,0,0,10,19.8,196.75,0,0.125,1,0,0,0,0,0,0,1,0,0,0,0,0,0
0988-AADSA,0,1,1,0,1,1,1,1,0,1,72,80.85,5824.75,4,0.04930555555556282,0,0,0,1,0,1,0,0,0,1,0,0,0,0
9972-NKTFD,0,0,0,0,0,1,0,1,0,0,28,54.65,1517.5,2,0.4535714285714292,0,0,1,0,0,0,0,0,0,0,0,0,0,0
3717-LNXKW,0,1,0,0,1,0,0,0,1,0,38,91.7,3479.05,1,0.14605263157893944,0,0,1,0,0,1,1,0,0,0,0,0,0,0
5734-EJKXG,0,0,0,1,1,1,1,1,1,1,61,118.6,7365.7,4,2.149180327868862,0,0,0,1,0,1,1,0,1,0,0,1,0,0
2207-RYYRL,0,1,1,0,0,0,0,0,0,0,52,24.55,1331.05,0,1.0471153846153847,0,0,0,1,0,1,0,1,0,1,0,0,1,0
6729-FZWSY,0,0,0,1,0,0,0,0,0,0,67,19.45,1195.95,0,1.5999999999999979,0,0,0,1,0,0,0,1,1,0,0,0,1,0
9695-IDRZR,0,0,1,1,1,1,1,1,1,1,34,116.15,3946.9,4,0.06470588235293917,0,0,1,0,0,1,1,0,0,1,1,0,0,0
8144-DGHXP,0,0,0,0,1,0,1,1,1,1,54,80.6,4299.95,3,0.9712962962962877,0,0,0,1,0,0,0,0,0,1,0,1,0,0
7814-LEEVE,0,1,0,1,0,0,0,0,0,0,1,20.3,20.3,0,0.0,0,0,0,0,0,0,0,1,0,0,0,0,0,0
8631-WUXGY,0,0,1,1,0,1,1,0,1,1,46,99.8,4391.25,2,4.338043478260872,0,0,1,0,0,0,1,0,0,0,0,1,0,0
5906-DVAPM,0,1,1,1,1,1,0,1,1,0,55,75.0,4213.9,3,1.61636363636363,0,0,0,1,0,1,0,0,1,0,1,0,0,0
6654-QGBZZ,0,0,0,0,0,0,0,0,0,0,1,19.9,19.9,0,0.0,0,0,0,0,0,0,0,1,0,0,0,0,1,0
8348-JLBUG,1,1,0,0,1,0,1,0,0,0,64,80.3,5017.7,2,1.8984375,0,0,0,1,0,0,1,0,1,0,1,0,0,0
5641-DMBFJ,0,1,0,1,1,0,1,1,1,1,58,84.3,4916.4,3,0.4655172413793025,0,0,0,1,0,1,0,0,0,1,0,1,0,0
9200-NLNPD,0,1,0,1,0,0,1,1,1,1,56,54.05,2959.8,2,1.1964285714285623,0,0,0,1,1,0,0,0,1,0,0,0,0,0
2664-XJZNO,0,1,1,1,1,0,1,1,1,1,72,104.9,7559.55,3,0.09375,0,0,0,1,0,0,1,0,0,1,1,0,0,0
3339-EAQNV,1,1,0,1,0,1,0,0,1,1,72,97.25,7133.1,1,1.82083333333334,0,0,0,1,0,1,1,0,1,0,1,0,0,0
0921-OHLVP,0,0,0,0,0,0,0,0,0,1,22,83.05,1799.3,0,1.2636363636363654,0,1,0,0,0,1,1,0,0,0,0,1,0,0
8350-NYMVI,0,0,0,0,0,1,1,1,0,0,39,41.1,1597.05,3,0.15000000000000568,0,0,1,0,1,0,0,0,0,0,0,0,0,0
1600-DILPE,0,0,0,1,0,0,0,0,0,0,12,45.0,524.35,0,1.3041666666666671,1,0,0,0,0,0,0,0,0,0,0,0,0,0
0536-ESJEP,0,1,0,1,1,1,0,0,1,1,54,74.55,4191.45,2,3.069444444444443,0,0,0,1,0,0,0,0,0,1,0,0,0,0
4654-GGUII,0,0,0,1,1,1,0,1,0,0,18,40.2,711.95,3,0.6472222222222257,0,1,0,0,1,0,0,0,1,0,0,0,1,0
6478-HRRCZ,0,1,0,0,1,1,0,1,0,1,32,70.5,2201.75,3,1.6953125,0,0,1,0,0,0,0,0,1,0,0,0,1,0
8510-BBWMU,0,0,0,1,0,0,0,0,0,0,41,19.75,806.95,0,0.06829268292682755,0,0,1,0,0,0,0,1,1,0,0,0,1,0
6857-TKDJV,0,1,1,0,0,0,0,0,0,0,67,24.65,1620.45,0,0.46417910447760846,0,0,0,1,0,1,0,1,0,1,0,0,0,0
2360-RDGRO,0,1,0,1,1,0,1,0,1,1,65,104.25,6812.95,2,0.5646153846153794,0,0,0,1,0,1,1,0,0,0,0,1,0,0
0584-BJQGZ,0,0,0,1,1,1,1,1,1,0,25,78.35,1837.9,4,4.833999999999989,0,0,1,0,0,1,0,0,0,0,0,0,0,0
1360-XFJMR,0,1,0,1,0,1,1,1,1,1,67,109.7,7344.45,3,0.08134328358210041,0,0,0,1,0,1,1,0,1,0,1,0,0,0
5730-RIITO,1,0,0,1,1,1,0,0,0,0,43,33.45,1500.25,2,1.439534883720924,0,0,1,0,1,0,0,0,0,0,1,0,0,0
9058-MJLZC,0,0,0,1,1,0,0,0,1,1,24,94.6,2283.15,1,0.5312500000000142,0,1,0,0,0,0,1,0,0,0,0,1,0,0
0902-XKXPN,0,1,1,0,0,0,0,0,0,0,69,20.2,1376.5,0,0.2507246376811594,0,0,0,1,0,0,0,1,0,1,0,0,0,0
5177-RVZNU,0,0,1,0,0,0,0,0,0,0,37,20.3,755.4,0,0.11621621621621614,0,0,1,0,0,0,0,1,1,0,0,0,0,0
0056-EPFBG,0,1,1,1,1,0,1,1,0,0,20,39.4,825.4,3,1.8699999999999974,0,1,0,0,1,0,0,0,0,1,1,0,0,0
8993-IZEUX,0,0,0,0,0,0,0,0,0,0,7,69.15,488.65,0,0.6571428571428442,1,0,0,0,0,0,1,0,0,0,0,0,0,0
8190-ZTQFB,0,0,0,1,0,0,1,0,1,1,41,51.35,2075.1,1,0.7378048780487845,0,0,1,0,1,0,0,0,1,0,0,1,0,0
0931-MHTEM,0,0,0,1,1,1,0,0,1,1,54,100.05,5299.65,2,1.9083333333333314,0,0,0,1,0,0,1,0,1,0,1,0,0,0
7515-LODFU,1,0,0,0,0,0,0,0,0,0,69,20.3,1356.3,0,0.6434782608695677,0,0,0,1,0,0,0,1,0,1,1,0,0,0
0440-UEDAI,0,0,0,1,0,1,1,1,0,1,53,94.45,5042.75,3,0.6962264150943298,0,0,0,1,0,0,1,0,1,0,1,0,0,0
1337-BOZWO,0,1,1,0,0,1,1,0,1,0,18,46.4,812.4,2,1.2666666666666657,0,1,0,0,1,0,0,0,1,0,1,0,0,0
0868-VJRDR,0,1,0,1,1,1,0,1,1,1,64,104.05,6605.55,3,0.8382812499999943,0,0,0,1,0,0,1,0,0,1,1,0,0,0
6344-SFJVH,0,0,0,0,0,0,0,0,0,0,20,24.9,505.95,0,0.39750000000000085,0,1,0,0,1,0,0,0,0,0,1,0,0,0
3950-VPYJB,0,1,1,0,1,1,0,1,0,0,57,59.6,3509.4,3,1.9684210526315766,0,0,0,1,0,0,0,0,1,0,0,0,1,0
8041-TMEID,1,1,0,0,1,1,1,0,1,1,63,108.5,6991.9,3,2.482539682539681,0,0,0,1,0,1,1,0,0,1,1,0,0,0
7321-ZNSLA,0,1,1,0,1,1,0,1,0,0,13,40.55,590.35,3,4.861538461538466,0,1,0,0,1,0,0,0,0,1,0,0,1,0
6941-KXRRV,1,1,0,1,0,1,0,0,0,1,48,58.95,2789.7,1,0.8312500000000043,0,0,1,0,0,0,0,0,1,0,0,0,0,0
8727-JQFHV,0,1,1,0,0,0,0,0,0,0,57,20.75,1123.15,0,1.0456140350877163,0,0,0,1,0,0,0,1,0,1,0,0,1,0
9475-NNDGC,0,1,0,1,0,1,1,1,1,1,71,113.15,7953.25,3,1.1323943661971896,0,0,0,1,0,1,1,0,1,0,0,0,0,0
1355-KUSBG,0,1,1,0,0,0,0,0,0,0,7,48.8,349.8,0,1.171428571428578,1,0,0,0,0,1,0,0,0,0,0,1,0,0
3688-FTHLT,0,0,0,1,0,0,0,0,0,1,16,63.05,1067.05,0,3.640625,0,1,0,0,0,1,0,0,0,0,0,0,0,0
0899-LIIBW,0,1,0,0,0,0,1,0,1,1,34,100.85,3527.3,1,2.8941176470588346,0,0,1,0,0,1,1,0,0,0,0,1,0,0
1384-RCUXW,0,0,0,1,0,1,0,0,0,0,16,80.55,1248.9,1,2.4937499999999915,0,1,0,0,0,1,1,0,0,0,0,0,1,0
5825-XJOCM,0,0,1,1,1,1,1,0,0,0,48,64.4,3035.35,3,1.1635416666666742,0,0,1,0,0,1,0,0,1,0,0,0,0,0
6848-YLDFR,0,1,1,1,0,1,0,1,1,1,58,75.2,4300.8,2,1.0482758620689623,0,0,0,1,0,0,0,0,1,0,1,0,0,0
8125-QPFJD,0,1,0,1,1,0,1,1,1,1,72,84.9,6065.3,3,0.6597222222222285,0,0,0,1,0,1,0,0,0,1,0,0,0,0
2320-YKQBO,0,0,0,0,0,0,0,0,0,0,7,19.3,144.95,0,1.4071428571428548,1,0,0,0,0,0,0,1,0,0,0,0,1,0
4973-RLZVI,0,0,0,0,1,1,1,1,1,0,30,74.65,2308.6,4,2.3033333333333275,0,0,1,0,0,0,0,0,1,0,1,0,0,0
7869-ZYDST,0,1,0,1,0,0,0,0,1,0,31,59.05,1882.8,0,1.6854838709677438,0,0,1,0,0,1,0,0,0,0,1,0,0,0
4501-UYKBC,1,0,0,1,0,0,1,1,0,1,46,69.1,3255.35,2,1.6684782608695627,0,0,1,0,0,1,0,0,1,0,1,0,0,0
1215-EXRMO,0,1,0,0,0,0,0,0,0,0,50,20.55,1067.65,0,0.8030000000000008,0,0,0,1,0,0,0,1,0,1,0,0,1,0
2305-MRGLV,0,1,0,0,0,0,0,1,0,0,28,76.55,2065.4,1,2.7857142857142776,0,0,1,0,0,0,1,0,0,0,0,0,0,0
8404-VIOMB,0,0,0,1,1,1,1,1,1,1,66,62.5,4136.4,4,0.17272727272726485,0,0,0,1,1,0,0,0,0,1,0,0,0,0
2359-KLTEK,0,1,1,1,0,0,1,0,1,1,41,94.9,3848.0,1,1.0463414634146346,0,0,1,0,0,0,1,0,0,0,0,0,0,0
5304-EFJLP,1,1,0,1,0,1,1,1,1,1,72,111.65,8022.85,3,0.22152777777778,0,0,0,1,0,1,1,0,0,1,0,0,0,0
2673-ZALNP,0,0,0,0,0,0,0,0,0,0,7,19.9,173.15,0,4.835714285714289,1,0,0,0,0,0,0,1,1,0,0,0,1,0
9184-GALIL,0,1,1,0,0,0,0,0,0,0,38,20.45,781.25,0,0.10921052631579187,0,0,1,0,0,0,0,1,0,0,0,0,1,0
4393-RYCRE,0,0,0,1,1,1,1,0,1,1,44,106.05,4510.8,3,3.5318181818181813,0,0,1,0,0,0,1,0,1,0,0,1,0,0
9746-MDMBK,0,1,1,1,1,1,1,1,1,1,47,113.45,5317.8,4,0.30531914893616374,0,0,1,0,0,1,1,0,1,0,0,0,0,0
3162-ZJZFU,0,1,1,1,0,1,0,1,1,0,53,92.55,4779.45,2,2.371698113207543,0,0,0,1,0,0,1,0,0,0,0,1,0,0
8404-GFGCZ,0,1,0,0,0,0,1,0,1,0,4,65.6,250.1,1,3.0749999999999957,0,0,0,0,0,1,0,0,0,0,0,1,0,0
8875-AKBYH,1,0,0,1,0,0,0,0,1,0,20,84.35,1745.2,0,2.910000000000011,0,1,0,0,0,1,1,0,0,0,0,1,0,0
0533-UCAAU,1,1,0,1,0,1,1,0,1,0,57,71.1,4140.1,2,1.5333333333333456,0,0,0,1,0,1,0,0,1,0,1,0,0,0
1394-SUIUH,1,1,0,1,1,1,0,1,0,0,44,85.15,3670.5,3,1.729545454545459,0,0,1,0,0,0,1,0,0,0,0,1,0,0
3521-MNKLV,0,0,0,1,0,0,1,0,0,0,24,49.7,1167.8,1,1.0416666666666714,0,1,0,0,0,0,0,0,0,0,0,0,1,0
2533-TIBIX,0,1,1,1,1,0,0,0,0,0,15,30.2,469.65,1,1.1099999999999994,0,1,0,0,1,0,0,0,0,0,0,0,0,0
5092-STPKP,0,0,0,0,1,0,0,1,0,0,24,56.35,1381.2,2,1.2000000000000028,0,1,0,0,0,0,0,0,0,0,1,0,0,0
0114-PEGZZ,0,0,0,0,0,1,1,0,1,1,33,107.55,3645.5,2,2.9196969696969717,0,0,1,0,0,1,1,0,0,0,0,1,0,0
3359-DSRKA,0,1,1,1,0,0,0,0,0,0,58,19.85,1158.85,0,0.13017241379310107,0,0,0,1,0,0,0,1,0,1,0,0,1,0
8639-NHQEI,0,1,1,1,1,1,0,0,1,0,72,95.9,6954.15,2,0.6854166666666544,0,0,0,1,0,1,1,0,0,1,0,0,0,0
7161-DFHUF,0,1,0,0,0,0,0,0,0,0,71,23.85,1672.1,0,0.2992957746478915,0,0,0,1,0,1,0,1,0,1,0,0,1,0
3720-DBRWL,0,1,0,1,1,1,1,1,1,1,51,83.85,4307.1,4,0.6029411764705941,0,0,0,1,0,0,0,0,0,1,1,0,0,0
8565-WUXZU,1,1,0,1,1,1,0,1,0,0,72,84.8,6141.65,3,0.5006944444444485,0,0,0,1,0,0,1,0,0,1,1,0,0,0
4994-OBRSZ,0,0,1,0,1,1,1,1,0,1,14,76.1,1054.8,4,0.7571428571428527,0,1,0,0,0,0,0,0,0,1,0,0,0,0
0562-FGDCR,0,1,1,0,1,1,0,1,1,0,72,74.55,5430.65,3,0.8756944444444485,0,0,0,1,0,1,0,0,0,1,0,0,1,0
2436-QBZFP,0,1,1,0,0,1,0,0,1,0,22,39.2,849.9,1,0.5681818181818201,0,1,0,0,1,0,0,0,0,0,0,1,0,0
3420-YJLQT,0,0,0,0,0,1,0,0,0,0,2,79.55,151.75,1,3.674999999999997,0,0,0,0,0,1,1,0,0,0,0,1,0,0
6040-CGACY,0,0,0,0,0,0,0,0,0,0,15,19.6,299.4,0,0.3599999999999959,0,1,0,0,0,0,0,1,0,0,0,0,1,0
6582-PLFUU,0,1,1,0,0,0,0,0,0,0,51,19.55,1086.75,0,1.7588235294117638,0,0,0,1,0,0,0,1,0,1,1,0,0,0
8242-PDSGJ,0,1,0,1,1,0,1,1,0,0,70,39.15,2692.75,3,0.6821428571428569,0,0,0,1,1,0,0,0,0,1,1,0,0,0
0264-CNITK,0,1,1,0,0,0,0,0,0,0,71,20.1,1389.6,0,0.5281690140845114,0,0,0,1,0,0,0,1,0,1,0,0,0,0
0089-IIQKO,0,1,1,1,0,0,0,1,1,1,39,99.95,3767.4,1,3.3499999999999943,0,0,1,0,0,1,1,0,0,0,1,0,0,0
7839-NUIAA,0,1,1,0,1,1,0,0,0,0,61,59.8,3641.5,2,0.10327868852458977,0,0,0,1,0,1,0,0,0,0,0,1,0,0
6075-QMNRR,0,0,0,1,1,0,0,0,0,0,52,49.75,2535.55,1,0.9894230769230745,0,0,0,1,0,0,0,0,0,0,0,0,0,0
5966-EMAZU,0,1,0,1,1,0,1,1,1,1,64,108.5,6880.85,3,0.9867187499999943,0,0,0,1,0,1,1,0,1,0,0,0,1,0
0440-EKDCF,0,1,0,1,0,1,1,1,0,0,62,60.15,3753.2,3,0.3854838709677395,0,0,0,1,0,0,0,0,0,1,1,0,0,0
4774-HHGGS,0,1,0,0,0,0,0,0,0,0,30,19.05,637.55,0,2.2016666666666644,0,0,1,0,0,0,0,1,0,1,0,0,1,0
2055-BFOCC,1,1,0,1,1,1,1,1,1,1,63,84.0,5329.55,4,0.5960317460317555,0,0,0,1,0,0,0,0,1,0,0,0,0,0
8180-AKMJV,0,0,0,1,0,0,0,0,0,0,1,44.55,44.55,0,0.0,0,0,0,0,0,0,0,0,0,0,1,0,0,0
4298-OYIFC,0,1,0,1,0,0,1,1,1,1,15,103.45,1539.8,2,0.7966666666666669,0,1,0,0,0,1,1,0,0,0,0,1,0,0
5566-SOEZD,0,1,1,1,1,1,0,0,0,0,27,80.65,2209.75,2,1.1925925925925895,0,0,1,0,0,0,1,0,1,0,1,0,0,0
9842-EFSYY,0,0,1,1,1,1,1,0,1,1,4,57.2,223.75,3,1.2625000000000028,0,0,0,0,1,0,0,0,0,0,0,0,1,0
2272-WUSPA,0,1,0,1,1,1,1,0,1,1,72,110.75,7751.7,3,3.0875000000000057,0,0,0,1,0,1,1,0,0,1,0,1,0,0
4584-LBNMK,1,1,0,0,0,0,0,0,0,0,45,24.7,1174.35,0,1.3966666666666647,0,0,1,0,0,1,0,1,1,0,1,0,0,0
3898-GUYTS,1,0,0,1,1,1,0,1,1,0,45,97.05,4385.05,3,0.39555555555556055,0,0,1,0,0,1,1,0,0,0,0,1,0,0
0930-EHUZA,0,0,0,1,1,1,1,1,1,0,36,76.35,2606.35,4,3.9513888888888857,0,0,1,0,0,0,0,0,1,0,0,0,1,0
9975-SKRNR,0,0,0,0,0,0,0,0,0,0,1,18.9,18.9,0,0.0,0,0,0,0,0,0,0,1,0,0,0,0,1,0
3703-KBKZP,1,0,0,1,0,0,0,0,0,0,16,74.45,1261.35,0,4.3843749999999915,0,1,0,0,0,1,1,0,0,0,0,0,0,0
4973-MGTON,0,1,0,1,1,1,1,1,1,1,71,84.4,5969.3,4,0.32535211267605746,0,0,0,1,0,0,0,0,0,1,1,0,0,0
3682-YEUWS,0,1,1,1,0,0,0,0,0,0,10,24.4,253.9,0,0.990000000000002,1,0,0,0,0,1,0,1,0,0,0,0,1,0
1223-UNPKS,0,1,1,0,0,0,0,0,0,0,20,20.05,400.0,0,0.05000000000000071,0,1,0,0,0,0,0,1,0,1,0,0,1,0
3446-QDSZF,0,0,0,0,0,0,0,0,1,0,4,55.5,227.35,0,1.3374999999999986,0,0,0,0,0,0,0,0,0,0,1,0,0,0
5117-IFGPS,1,1,0,1,0,0,0,0,0,1,29,84.3,2357.75,0,2.998275862068965,0,0,1,0,0,1,1,0,0,0,0,1,0,0
7379-FNIUJ,0,0,0,0,1,1,0,0,1,1,2,100.2,198.5,2,0.9500000000000028,0,0,0,0,0,0,1,0,0,0,0,1,0,0
1627-AFWVJ,0,0,0,0,0,0,0,0,0,0,29,19.4,554.25,0,0.2879310344827566,0,0,1,0,0,0,0,1,0,1,0,0,1,0
4486-EFAEB,0,0,0,1,0,0,0,0,0,0,13,20.4,251.65,0,1.0423076923076913,0,1,0,0,0,0,0,1,0,0,0,1,0,0
0060-FUALY,0,1,0,1,1,1,0,0,1,0,59,94.75,5597.65,2,0.12542372881355845,0,0,0,1,0,1,1,0,0,0,0,1,0,0
6954-OOYZZ,0,1,0,1,0,0,0,0,0,0,18,44.35,768.05,0,1.6805555555555571,0,1,0,0,0,0,0,0,0,0,0,0,0,0
7088-FBAWU,0,1,1,0,1,1,0,0,1,1,17,74.55,1215.8,2,3.0323529411764696,0,1,0,0,0,0,0,0,0,0,0,0,1,0
8313-AFGBW,0,1,0,0,0,1,1,0,1,1,47,73.6,3522.65,2,1.3500000000000085,0,0,1,0,0,0,0,0,0,1,0,1,0,0
3097-IDVPU,0,1,1,0,0,0,0,0,0,0,19,50.1,910.45,0,2.181578947368422,0,1,0,0,0,1,0,0,0,0,1,0,0,0
2197-OMWGI,1,1,1,1,0,1,1,0,1,1,68,53.0,3656.25,2,0.768382352941174,0,0,0,1,1,0,0,0,0,1,0,1,0,0
2303-PJYHN,0,1,0,0,0,0,0,0,0,0,2,19.85,52.0,0,6.149999999999999,0,0,0,0,0,0,0,1,0,0,0,0,0,0
9795-VOWON,0,0,0,1,0,0,0,0,0,0,7,24.35,150.85,0,2.8000000000000007,1,0,0,0,1,0,0,0,1,0,1,0,0,0
1237-WIYYZ,0,0,0,1,0,0,0,0,0,0,18,19.55,389.25,0,2.0749999999999993,0,1,0,0,0,0,0,1,0,0,0,0,1,0
1987-AUELQ,0,1,0,0,0,0,0,0,0,0,71,25.05,1873.7,0,1.3401408450704224,0,0,0,1,0,1,0,1,0,1,1,0,0,0
7852-LECYP,1,1,0,0,1,1,0,0,0,1,13,93.8,1261.0,2,3.200000000000003,0,1,0,0,0,1,1,0,0,0,1,0,0,0
4822-LPTYJ,0,1,0,1,0,1,1,0,1,1,72,103.75,7346.2,2,1.7194444444444485,0,0,0,1,0,1,1,0,0,1,0,0,0,0
8165-CBKXO,0,1,1,1,0,1,1,0,1,1,66,56.75,3708.4,2,0.5621212121212125,0,0,0,1,1,0,0,0,0,1,1,0,0,0
6527-PZFPV,0,1,1,1,0,0,0,0,0,0,24,20.8,469.65,0,1.2312500000000028,0,1,0,0,0,0,0,1,1,0,1,0,0,0
9593-CVZKR,0,1,1,1,0,0,0,0,0,0,56,24.45,1385.85,0,0.2973214285714292,0,0,0,1,0,1,0,1,0,1,0,0,1,0
8595-SIZNC,1,1,0,0,0,0,0,0,0,0,22,25.6,548.8,0,0.6545454545454596,0,1,0,0,0,1,0,1,1,0,0,0,0,0
5236-XMZJY,0,0,0,0,1,1,1,0,0,0,42,59.65,2536.55,3,0.7440476190476275,0,0,1,0,0,0,0,0,0,0,0,0,0,0
4827-DPADN,0,1,1,1,1,0,1,1,1,1,72,83.3,6042.7,3,0.6263888888888829,0,0,0,1,0,1,0,0,0,1,0,0,0,0
2694-CIUMO,0,0,0,1,0,0,0,1,0,0,12,79.55,958.25,1,0.30416666666667425,1,0,0,0,0,1,1,0,0,0,1,0,0,0
5846-ABOBJ,0,1,0,0,0,0,0,0,0,0,71,24.45,1730.65,0,0.07464788732394112,0,0,0,1,0,1,0,1,0,1,0,0,0,0
1439-LCGVL,0,1,0,0,0,0,0,0,0,0,26,19.2,459.6,0,1.5230769230769212,0,0,1,0,0,0,0,1,1,0,0,0,1,0
0909-SDHNU,0,0,1,0,1,0,0,0,0,0,7,29.8,201.95,1,0.9500000000000028,1,0,0,0,1,0,0,0,0,0,0,0,1,0
4647-XXZAM,0,1,1,0,0,0,0,0,0,0,6,45.5,285.2,0,2.0333333333333314,0,0,0,0,0,0,0,0,0,0,0,0,1,0
7740-KKCXF,0,1,0,1,0,1,0,0,0,0,51,30.05,1529.45,1,0.060784313725491756,0,0,0,1,1,0,0,0,0,0,1,0,0,0
5360-XGYAZ,0,1,1,1,1,1,1,1,1,1,72,65.65,4664.5,4,0.8652777777777771,0,0,0,1,1,0,0,0,0,1,0,0,0,0
3557-HTYWR,0,0,0,0,1,1,0,1,0,1,47,74.05,3496.3,3,0.33936170212766115,0,0,1,0,0,1,0,0,0,1,0,0,1,0
8920-NAVAY,1,0,0,1,0,1,1,1,1,1,62,110.75,7053.35,3,3.0137096774193566,0,0,0,1,0,1,1,0,1,0,0,0,0,0
1699-TLDLZ,0,1,1,0,0,0,0,0,0,0,16,19.7,301.55,0,0.8531249999999986,0,1,0,0,0,0,0,1,0,1,0,0,1,0
5600-PDUJF,0,0,0,1,0,0,0,1,0,0,6,49.5,312.7,1,2.616666666666667,0,0,0,0,0,0,0,0,0,0,1,0,0,0
0567-XRHCU,0,1,1,1,1,0,1,0,0,1,69,43.95,2960.1,2,1.0500000000000043,0,0,0,1,1,0,0,0,0,1,1,0,0,0
2067-QYTCF,0,1,0,1,0,1,1,1,1,1,64,111.15,6953.4,3,2.5031250000000114,0,0,0,1,0,1,1,0,0,0,0,1,0,0
7407-SUJIZ,0,0,0,0,0,0,0,0,0,0,25,20.6,541.5,0,1.0599999999999987,0,0,1,0,0,0,0,1,0,0,0,0,1,0
9150-KPBJQ,0,0,0,0,0,0,0,0,0,0,6,19.65,116.85,0,0.1750000000000007,0,0,0,0,0,0,0,1,0,1,1,0,0,0
0052-DCKON,0,1,0,0,1,1,1,1,1,1,66,115.8,7942.15,4,4.535606060606057,0,0,0,1,0,1,1,0,1,0,0,0,0,0
3654-ARMGP,0,0,0,0,0,1,1,1,1,1,61,88.65,5321.25,3,1.4163934426229616,0,0,0,1,0,1,0,0,0,1,1,0,0,0
9699-UBQFS,1,1,0,1,1,1,0,0,1,0,43,94.5,4156.8,2,2.169767441860472,0,0,1,0,0,1,1,0,0,0,0,1,0,0
9367-TCUYN,0,0,0,0,0,0,0,0,0,0,12,20.1,223.6,0,1.4666666666666686,1,0,0,0,0,0,0,1,0,0,0,0,1,0
1261-FWTTE,1,0,0,1,0,0,0,0,0,1,23,34.65,768.45,0,1.2391304347826022,0,1,0,0,1,0,0,0,0,0,0,0,0,0
3528-HFRIQ,1,1,0,1,0,1,1,0,1,1,71,52.3,3765.05,2,0.7288732394366235,0,0,0,1,1,0,0,0,0,0,0,0,0,0
0708-SJDIS,0,0,0,0,0,0,0,1,1,0,34,65.0,2157.5,1,1.544117647058826,0,0,1,0,0,1,0,0,0,0,0,0,1,0
2073-QBVBI,0,1,0,0,0,1,0,1,0,0,41,35.45,1391.65,2,1.5073170731707322,0,0,1,0,1,0,0,0,1,0,0,0,1,0
6928-ONTRW,0,1,1,0,0,0,0,0,0,0,72,19.7,1379.8,0,0.5361111111111114,0,0,0,1,0,0,0,1,0,1,1,0,0,0
3320-VEOYC,1,0,0,1,0,0,0,0,1,1,14,95.6,1273.3,0,4.6499999999999915,0,1,0,0,0,1,1,0,0,0,0,1,0,0
5231-FIQPA,0,0,0,1,0,0,0,0,0,0,41,19.85,810.45,0,0.08292682926829187,0,0,1,0,0,0,0,1,0,1,0,0,1,0
6617-WLBQC,0,1,1,0,1,0,0,0,0,0,23,81.85,1810.85,1,3.1173913043478194,0,1,0,0,0,1,1,0,1,0,1,0,0,0
2599-CIPQE,0,1,1,0,1,1,1,1,1,1,71,109.3,7782.85,4,0.31760563380282747,0,0,0,1,0,0,1,0,0,1,1,0,0,0
8774-GSBUN,0,1,0,0,0,0,0,0,0,0,72,25.4,1797.1,0,0.44027777777777644,0,0,0,1,0,1,0,1,0,1,0,0,1,0
7326-RIGQZ,0,1,1,1,0,0,0,0,0,0,6,69.8,377.85,0,6.824999999999996,0,0,0,0,0,0,1,0,0,0,0,1,0,0
1401-FTHFQ,0,1,1,1,0,0,0,0,0,0,23,20.0,445.3,0,0.6391304347826079,0,1,0,0,0,0,0,1,1,0,1,0,0,0
0254-FNMCI,0,0,0,1,1,1,1,1,1,1,72,109.9,7624.2,4,4.00833333333334,0,0,0,1,0,0,1,0,0,1,0,1,0,0
1848-LBZHY,0,1,0,1,1,0,0,0,0,0,7,50.3,355.1,1,0.4285714285714377,1,0,0,0,0,0,0,0,0,0,0,0,0,0
8118-TJAFG,0,1,1,1,0,1,0,1,1,1,9,101.5,906.85,2,0.73888888888888,1,0,0,0,0,0,1,0,0,0,0,1,0,0
5429-LWCMV,0,0,0,1,0,1,0,0,0,1,12,89.15,1057.55,1,1.0208333333333428,1,0,0,0,0,1,1,0,0,0,0,1,0,0
7298-IZWLY,0,0,0,1,0,0,0,0,0,0,1,19.4,19.4,0,0.0,0,0,0,0,0,0,0,1,0,0,0,0,1,0
9758-MFWGD,1,1,1,0,0,1,0,0,0,0,48,29.9,1388.75,1,0.9677083333333307,0,0,1,0,1,0,0,0,1,0,0,0,0,0
3955-JBZZM,0,0,0,0,0,0,0,0,1,0,20,78.8,1641.3,0,3.2650000000000006,0,1,0,0,0,0,1,0,0,0,0,1,0,0
4815-TUMEQ,0,0,0,1,0,0,0,0,0,0,10,19.3,185.2,0,0.7800000000000011,1,0,0,0,0,0,0,1,1,0,0,0,1,0
9909-IDLEK,0,1,1,0,0,1,0,1,1,0,20,96.8,1826.7,2,5.464999999999989,0,1,0,0,0,1,1,0,0,0,0,0,1,0
4092-OFQZS,0,1,0,0,0,0,0,0,0,0,20,20.65,417.5,0,0.22500000000000142,0,1,0,0,0,0,0,1,1,0,0,0,1,0
1561-BWHIN,0,1,1,0,0,0,0,0,0,0,19,19.8,344.5,0,1.6684210526315795,0,1,0,0,0,0,0,1,1,0,0,0,1,0
9927-DSWDF,0,1,0,1,1,1,0,1,1,1,22,104.6,2180.55,3,5.484090909090895,0,1,0,0,0,0,1,0,0,0,0,1,0,0
9500-LTVBP,0,0,0,0,0,0,0,1,0,0,35,80.05,2835.9,1,0.9757142857142895,0,0,1,0,0,1,1,0,0,0,1,0,0,0
7252-NTGSS,0,0,0,0,0,0,0,0,0,0,1,45.15,45.15,0,0.0,0,0,0,0,0,0,0,0,0,0,0,0,1,0
8149-AIQCG,0,0,0,1,0,0,0,0,0,0,39,73.15,2730.85,0,3.1282051282051384,0,0,1,0,0,1,1,0,0,0,1,0,0,0
1360-JYXKQ,1,1,0,1,0,0,1,1,1,1,54,99.1,5437.1,2,1.5870370370370495,0,0,0,1,0,0,1,0,1,0,0,1,0,0
0899-WZRSD,0,0,0,1,1,0,0,1,1,1,56,105.35,5794.45,2,1.877678571428575,0,0,0,1,0,1,1,0,0,0,0,0,1,0
3255-GRXMG,0,0,1,1,0,0,0,0,0,0,18,45.65,747.2,0,4.138888888888886,0,1,0,0,0,0,0,0,0,0,1,0,0,0
4828-FAZPK,0,1,1,1,0,1,0,0,0,0,16,79.95,1267.95,1,0.703125,0,1,0,0,0,1,1,0,0,0,1,0,0,0
6094-ZIVKX,0,0,0,1,1,0,1,0,0,0,68,54.45,3674.95,2,0.4066176470588303,0,0,0,1,0,0,0,0,1,0,1,0,0,0
6925-BAYGL,1,1,0,0,0,0,0,0,0,0,53,25.1,1275.6,0,1.0320754716981178,0,0,0,1,0,1,0,1,0,1,1,0,0,0
3262-EIDHV,0,1,1,0,1,0,1,1,1,1,72,84.7,5893.9,3,2.8402777777777857,0,0,0,1,0,1,0,0,0,1,1,0,0,0
7354-OIJLX,0,0,0,1,0,0,0,0,0,0,9,75.85,724.65,0,4.666666666666671,1,0,0,0,0,1,1,0,0,0,0,1,0,0
1376-HHBDV,0,0,0,1,1,0,0,0,0,0,30,48.8,1536.75,1,2.4250000000000043,0,0,1,0,0,0,0,0,0,0,0,0,1,0
6133-OZILE,0,0,0,1,0,0,1,1,0,0,18,35.2,607.3,2,1.4611111111111157,0,1,0,0,1,0,0,0,0,0,0,1,0,0
4135-FRWKJ,1,1,1,0,1,0,1,1,1,0,55,76.25,4154.55,3,0.712727272727264,0,0,0,1,0,1,0,0,1,0,0,1,0,0
6551-ZCOTS,1,0,0,1,0,0,0,0,0,0,33,24.9,847.8,0,0.7909090909090892,0,0,1,0,0,1,0,1,1,0,0,0,0,0
7191-ADRGF,0,1,0,0,0,1,1,0,1,1,44,54.3,2390.45,2,0.028409090909086387,0,0,1,0,1,0,0,0,0,1,0,0,0,0
5018-LXQQG,0,1,1,0,1,0,0,1,0,1,30,66.3,1923.5,2,2.183333333333337,0,0,1,0,0,0,0,0,0,0,0,0,0,0
6892-BOGQE,0,1,0,1,0,0,0,0,0,0,71,20.9,1493.2,0,0.13098591549296046,0,0,0,1,0,0,0,1,0,1,0,0,0,0
1746-TGTWV,0,1,0,0,0,0,1,0,0,0,1,75.35,75.35,1,0.0,0,0,0,0,0,0,1,0,0,0,1,0,0,0
5995-SNNEW,1,1,0,1,0,1,1,0,1,1,23,104.45,2184.85,2,9.456521739130437,0,1,0,0,0,1,1,0,0,0,0,1,0,0
8050-WYBND,0,0,1,1,0,0,1,0,1,1,22,49.45,1031.4,1,2.56818181818182,0,1,0,0,1,0,0,0,1,0,1,0,0,0
2821-WARNZ,0,0,1,0,0,0,0,0,0,0,49,19.45,921.3,0,0.6479591836734713,0,0,0,1,0,0,0,1,1,0,1,0,0,0
4879-GZLFH,0,1,1,1,0,0,1,0,1,1,42,92.15,3875.4,1,0.12142857142856656,0,0,1,0,0,0,1,0,0,0,0,1,0,0
8314-HTWVE,0,1,1,0,0,0,0,0,0,0,7,19.85,144.15,0,0.7428571428571438,1,0,0,0,0,0,0,1,0,1,0,0,1,0
9402-ROUMJ,0,1,1,1,1,0,1,1,0,1,67,100.25,6689.0,3,0.4141791044776113,0,0,0,1,0,1,1,0,1,0,0,0,0,0
2507-QZPQS,0,0,0,0,0,1,0,1,0,1,15,95.7,1451.1,2,1.039999999999992,0,1,0,0,0,1,1,0,0,0,0,1,0,0
7159-NOKYQ,0,1,0,1,0,1,1,0,0,1,67,93.15,6368.2,2,1.8977611940298402,0,0,0,1,0,1,1,0,0,1,0,1,0,0
5707-ZMDJP,0,1,1,1,1,1,0,1,1,0,53,69.7,3729.6,3,0.669811320754718,0,0,0,1,0,0,0,0,0,1,0,0,1,0
8779-YIQQA,0,1,1,0,0,0,0,0,0,0,21,19.8,350.1,0,3.12857142857143,0,1,0,0,0,0,0,1,1,0,0,0,1,0
7136-IHZJA,0,1,1,1,1,1,0,1,0,1,40,71.35,2847.2,3,0.1700000000000017,0,0,1,0,0,0,0,0,0,0,0,0,1,0
8966-OIQHG,0,1,1,0,0,0,0,0,0,0,22,20.75,452.35,0,0.1886363636363626,0,1,0,0,0,0,0,1,1,0,0,0,0,0
7074-STDCN,0,0,0,1,0,0,0,1,0,1,39,40.6,1494.5,1,2.279487179487184,0,0,1,0,1,0,0,0,0,0,0,1,0,0
8739-QOTTN,0,1,0,0,0,0,0,0,0,0,2,20.35,41.85,0,0.5749999999999993,0,0,0,0,0,0,0,1,0,0,0,0,1,0
1399-OUPJN,0,1,1,0,0,0,0,0,0,0,57,19.75,1272.05,0,2.5666666666666664,0,0,0,1,0,0,0,1,0,1,0,0,0,0
0277-BKSQP,0,1,1,1,0,0,0,0,1,0,8,54.4,475.1,0,4.987500000000004,1,0,0,0,0,0,0,0,0,0,0,1,0,0
5774-XZTQC,0,1,1,0,0,0,0,0,0,0,7,20.45,150.75,0,1.0857142857142854,1,0,0,0,0,0,0,1,0,0,0,0,1,0
2676-SSLTO,0,0,0,1,0,0,0,1,1,0,49,66.15,3199.0,1,0.8642857142857139,0,0,0,1,0,1,0,0,0,1,0,0,0,0
6266-QHOJZ,0,0,0,1,1,1,0,1,0,0,65,89.85,5844.65,3,0.06769230769231172,0,0,0,1,0,1,1,0,1,0,0,1,0,0
7269-JISCY,0,0,0,0,0,0,0,0,0,0,55,45.05,2462.6,0,0.2754545454545436,0,0,0,1,0,0,0,0,1,0,0,0,0,0
0363-SVHYR,0,1,1,0,1,1,1,1,1,1,71,86.85,6263.8,4,1.3725352112676177,0,0,0,1,0,1,0,0,0,1,0,0,0,0
8547-NSBBO,0,0,0,1,1,1,1,1,0,0,35,96.75,3403.4,4,0.4900000000000091,0,0,1,0,0,1,1,0,0,0,0,0,1,0
6591-QGOYB,0,0,0,1,1,1,1,1,1,0,17,106.65,1672.1,4,8.29117647058824,0,1,0,0,0,1,1,0,0,0,0,0,0,0
9070-BCKQP,0,1,0,1,1,0,1,1,1,1,72,110.15,7881.2,3,0.6888888888888971,0,0,0,1,0,1,1,0,0,1,1,0,0,0
6421-SZVEM,0,1,1,1,1,0,0,0,0,1,28,82.85,2320.8,1,0.035714285714291805,0,0,1,0,0,0,1,0,1,0,0,0,0,0
1328-EUZHC,0,1,0,0,0,0,0,0,0,0,18,20.1,370.5,0,0.48333333333333073,0,1,0,0,0,0,0,1,0,1,0,0,1,0
8878-RYUKI,0,0,0,1,0,0,1,0,0,1,52,59.45,3043.7,1,0.9173076923077019,0,0,0,1,0,0,0,0,0,0,0,1,0,0
9633-DENPU,0,1,0,1,0,1,0,0,1,0,47,58.6,2723.4,1,0.6553191489361723,0,0,1,0,0,0,0,0,0,0,0,0,0,0
7811-JIVPF,0,0,0,0,0,0,1,0,0,0,23,49.7,1081.25,1,2.689130434782612,0,1,0,0,0,0,0,0,0,0,1,0,0,0
7113-HIPFI,0,1,1,0,1,1,1,1,0,0,66,65.85,4097.05,4,3.7734848484848413,0,0,0,1,0,0,0,0,0,1,0,0,1,0
8541-QVFKM,0,0,0,1,0,0,0,0,0,0,8,73.5,632.2,0,5.525000000000006,1,0,0,0,0,1,1,0,0,0,0,1,0,0
9258-CNWAC,0,1,1,0,1,1,1,1,1,1,71,113.65,8166.8,4,1.3753521126760546,0,0,0,1,0,1,1,0,0,1,1,0,0,0
5371-VYLSX,1,0,0,1,1,1,0,0,0,0,50,83.4,4113.7,2,1.1260000000000048,0,0,0,1,0,1,1,0,0,0,0,1,0,0
6374-AFWOX,0,1,0,0,1,1,1,1,0,0,46,65.65,3047.15,4,0.5923913043478279,0,0,1,0,0,0,0,0,0,1,0,0,1,0
5317-FLPJF,0,0,0,1,1,0,1,1,1,1,66,61.35,4193.4,3,2.1863636363636303,0,0,0,1,1,0,0,0,0,1,0,0,0,0
7621-VPNET,0,1,0,1,0,0,1,1,0,0,42,85.9,3729.75,2,2.903571428571425,0,0,1,0,0,1,1,0,0,0,1,0,0,0
6034-YMTOB,0,0,0,1,0,0,0,1,0,0,5,75.65,399.45,1,4.239999999999995,0,0,0,0,0,0,1,0,0,0,0,0,1,0
4903-CNOZC,0,0,0,0,0,1,1,0,0,1,29,70.9,1964.6,2,3.1551724137931103,0,0,1,0,0,1,0,0,1,0,1,0,0,0
4353-HYOJD,0,1,1,0,0,1,0,0,0,0,27,49.85,1336.15,1,0.3629629629629605,0,0,1,0,0,0,0,0,0,0,0,0,1,0
7267-FRMJW,0,1,1,0,0,0,0,0,0,0,25,20.1,486.05,0,0.6580000000000013,0,0,1,0,0,0,0,1,0,1,0,0,1,0
4188-FRABG,0,1,0,1,1,1,1,1,1,0,57,103.05,5925.75,4,0.9105263157894825,0,0,0,1,0,1,1,0,0,0,0,1,0,0
4128-ETESU,1,1,0,0,0,0,1,0,1,1,47,99.7,4747.2,1,1.304255319148936,0,0,1,0,0,1,1,0,0,0,0,1,0,0
0620-DLSLK,0,0,0,1,0,0,0,0,1,0,13,81.9,1028.9,0,2.7538461538461547,0,1,0,0,0,0,1,0,0,0,0,0,1,0
3850-OKINF,0,1,1,1,1,0,0,0,1,0,71,66.2,4692.55,1,0.10774647887323852,0,0,0,1,0,1,0,0,1,0,0,1,0,0
1156-ZFYDO,0,0,0,0,0,0,0,0,0,0,1,19.75,19.75,0,0.0,0,0,0,0,0,0,0,1,0,0,0,1,0,0
3295-YVUSR,1,0,0,1,0,0,0,0,0,0,2,72.6,154.3,0,4.550000000000011,0,0,0,0,0,1,1,0,0,0,0,0,1,0
8016-NCFVO,1,0,0,1,1,1,1,1,1,1,55,116.5,6382.55,4,0.45363636363636317,0,0,0,1,0,1,1,0,0,0,0,1,0,0
4119-ZYPZY,1,0,0,1,0,1,0,1,1,1,71,106.8,7623.2,2,0.5690140845070459,0,0,0,1,0,1,1,0,0,1,0,1,0,0
5549-ZGHFB,0,1,1,0,0,0,0,0,0,0,50,24.95,1261.45,0,0.2789999999999999,0,0,0,1,0,1,0,1,0,1,0,0,1,0
7577-SWIFR,0,0,0,1,0,0,0,0,1,1,1,89.25,89.25,0,0.0,0,0,0,0,0,0,1,0,0,0,0,1,0,0
0303-WMMRN,0,0,0,1,0,0,0,0,0,0,5,19.25,86.05,0,2.039999999999999,0,0,0,0,0,0,0,1,0,0,0,0,1,0
6408-OTUBZ,0,0,0,1,1,1,1,1,1,0,66,104.55,6779.05,4,1.837121212121204,0,0,0,1,0,1,1,0,1,0,0,0,0,0
5204-HMGYF,0,1,1,1,1,1,1,1,1,1,49,87.2,4345.0,4,1.4734693877551024,0,0,0,1,0,0,0,0,1,0,0,0,1,0
1078-TDCRN,1,1,0,1,0,1,0,0,0,0,3,30.75,82.85,1,3.1333333333333364,0,0,0,0,1,0,0,0,0,0,0,1,0,0
3727-OVPRY,0,1,1,1,0,0,0,0,0,0,66,25.7,1714.55,0,0.2780303030303024,0,0,0,1,0,1,0,1,1,0,1,0,0,0
3797-FKOGQ,0,0,1,0,0,0,0,0,0,1,11,86.2,893.2,0,5.0,1,0,0,0,0,1,1,0,0,0,0,1,0,0
7622-NXQZR,0,0,0,1,0,0,0,1,0,0,28,30.1,810.85,1,1.1410714285714292,0,0,1,0,1,0,0,0,0,0,1,0,0,0
6196-HBOBZ,0,1,0,1,1,1,1,0,1,0,65,99.35,6347.55,3,1.6953846153846115,0,0,0,1,0,1,1,0,0,1,0,1,0,0
3970-XGJDU,0,0,0,1,0,0,0,0,0,0,62,19.2,1123.65,0,1.0766129032258043,0,0,0,1,0,0,0,1,0,1,1,0,0,0
7017-VFULY,0,1,0,0,0,0,0,0,0,0,2,20.1,43.15,0,1.4749999999999979,0,0,0,0,0,0,0,1,0,0,0,0,0,0
5562-YJQGT,0,0,0,0,0,0,0,0,0,0,2,20.35,35.1,0,2.8000000000000007,0,0,0,0,0,0,0,1,0,0,1,0,0,0
8807-OPMBM,0,1,1,1,0,0,0,0,0,0,55,25.65,1388.0,0,0.41363636363636047,0,0,0,1,0,1,0,1,0,1,1,0,0,0
5439-WIKXB,1,1,0,1,0,1,0,0,1,1,41,94.55,3851.45,1,0.612195121951217,0,0,1,0,0,0,1,0,0,0,0,1,0,0
8294-UIMBA,0,0,0,1,0,0,0,1,1,1,30,94.4,2638.1,1,6.463333333333338,0,0,1,0,0,0,1,0,1,0,0,0,0,0
8109-YUOHE,0,0,0,0,1,1,0,0,0,0,17,56.1,946.95,2,0.397058823529413,0,1,0,0,0,0,0,0,1,0,0,0,1,0
5840-NVDCG,0,1,1,0,1,1,0,1,0,1,16,68.25,1114.85,3,1.4281249999999943,0,1,0,0,0,0,0,0,0,1,0,0,0,0
8092-NLTGF,0,0,0,0,0,0,0,0,0,0,72,24.75,1777.6,0,0.06111111111111356,0,0,0,1,0,1,0,1,0,1,0,0,0,0
5928-QLDHB,0,0,0,1,0,0,0,0,0,0,9,76.25,684.85,0,0.15555555555555145,1,0,0,0,0,1,1,0,0,0,0,1,0,0
9840-EFJQB,0,0,0,0,0,1,0,0,0,0,1,74.35,74.35,1,0.0,0,0,0,0,0,0,1,0,0,0,0,1,0,0
0696-UKTOX,0,0,1,0,0,1,0,1,0,0,23,54.15,1312.45,2,2.9130434782608745,0,1,0,0,0,0,0,0,0,0,0,1,0,0
4801-KFYKL,0,0,1,0,0,0,0,0,0,0,8,19.45,159.2,0,0.4499999999999993,1,0,0,0,0,0,0,1,0,0,0,0,0,0
3472-OAOOR,0,1,1,1,1,1,0,0,0,0,19,34.95,610.2,2,2.8342105263157933,0,1,0,0,1,0,0,0,0,0,0,0,1,0
6135-OZQVA,0,0,0,1,1,0,0,0,0,0,7,53.65,404.35,1,4.114285714285721,1,0,0,0,0,1,0,0,0,0,0,1,0,0
2252-JHJGE,0,0,0,0,1,0,1,0,1,1,61,104.0,6363.45,2,0.3188524590163837,0,0,0,1,0,1,1,0,1,0,0,1,0,0
4188-PCPIG,0,1,0,1,1,1,0,1,1,0,57,70.35,4124.65,3,2.012280701754392,0,0,0,1,0,0,0,0,0,1,1,0,0,0
7105-BENQF,0,0,1,0,1,0,1,0,0,1,15,64.85,950.75,2,1.4666666666666615,0,1,0,0,0,0,0,0,1,0,0,0,1,0
7721-DVEKZ,0,0,0,0,0,0,0,0,0,0,1,19.65,19.65,0,0.0,0,0,0,0,0,0,0,1,0,0,0,0,1,0
3566-VVORZ,0,1,0,0,0,0,0,0,0,0,12,45.9,505.95,0,3.737499999999997,1,0,0,0,0,0,0,0,0,0,0,0,0,0
9507-HSMMZ,0,0,0,0,0,0,0,0,0,0,54,20.0,1149.65,0,1.289814814814818,0,0,0,1,0,0,0,1,0,1,0,0,1,0
2480-SQIOB,0,1,1,0,0,0,0,0,0,0,4,44.8,169.65,0,2.3874999999999957,0,0,0,0,0,0,0,0,0,0,0,1,0,0
7813-TKCVO,0,1,0,0,0,0,0,0,0,0,20,20.35,393.15,0,0.6925000000000026,0,1,0,0,0,0,0,1,1,0,0,0,1,0
0128-MKWSG,0,0,1,0,1,0,0,1,0,1,26,45.8,1147.0,2,1.684615384615384,0,0,1,0,1,0,0,0,0,0,0,0,1,0
4350-ZTLPI,0,1,0,1,0,1,1,1,1,1,53,108.95,5718.2,3,1.0594339622641513,0,0,0,1,0,1,1,0,1,0,0,0,0,0
0361-HJRDX,0,0,0,0,1,1,1,1,1,1,68,64.35,4539.6,4,2.4088235294117766,0,0,0,1,1,0,0,0,0,1,1,0,0,0
5727-MYATE,0,1,1,1,1,1,1,1,1,1,72,90.8,6397.6,4,1.9444444444444429,0,0,0,1,0,1,0,0,0,1,1,0,0,0
3823-KYNQY,0,0,0,0,0,0,0,0,0,0,12,24.95,280.4,0,1.5833333333333357,1,0,0,0,0,1,0,1,1,0,1,0,0,0
7570-WELNY,0,1,0,1,1,1,0,0,0,0,68,84.7,5711.05,2,0.7139705882352985,0,0,0,1,0,1,1,0,0,1,0,0,0,0
3021-VLNRJ,0,0,1,1,1,0,1,1,1,0,50,70.8,3478.15,3,1.2369999999999948,0,0,0,1,0,0,0,0,1,0,1,0,0,0
2080-CAZNM,1,0,0,1,0,1,1,0,1,1,41,104.4,4133.95,2,3.5719512195122007,0,0,1,0,0,1,1,0,0,0,0,1,0,0
1028-FFNJK,1,1,0,1,0,0,0,1,1,1,30,101.5,2917.65,1,4.24499999999999,0,0,1,0,0,1,1,0,0,0,0,1,0,0
6907-FLBER,0,0,0,0,0,1,0,0,0,0,1,54.3,54.3,1,0.0,0,0,0,0,0,1,0,0,0,0,0,1,0,0
3001-UNBTL,1,1,1,1,0,0,1,0,1,1,29,103.95,2964.8,1,1.7155172413793025,0,0,1,0,0,1,1,0,0,0,0,1,0,0
5982-PSMKW,0,1,1,1,1,1,1,1,1,1,23,91.1,2198.3,4,4.478260869565233,0,1,0,0,0,1,0,0,0,1,1,0,0,0
3507-GASNP,0,0,1,0,0,0,0,0,0,0,60,19.95,1189.9,0,0.11833333333333229,0,0,0,1,0,0,0,1,0,1,0,0,1,0
7096-ZNBZI,0,1,0,0,0,0,0,0,0,0,72,26.45,1914.5,0,0.14027777777777928,0,0,0,1,0,1,0,1,0,1,1,0,0,0
1676-MQAOA,0,0,0,1,1,1,1,1,1,0,72,75.1,5336.35,4,0.9840277777777686,0,0,0,1,0,0,0,0,0,1,0,0,0,0
0786-IVLAW,1,0,0,0,0,1,1,0,1,1,66,108.1,7238.6,2,1.5757575757575921,0,0,0,1,0,1,1,0,1,0,0,0,0,0
7566-DSRLQ,0,1,0,1,0,1,1,1,1,1,72,110.15,7998.8,3,0.9444444444444429,0,0,0,1,0,1,1,0,0,1,0,1,0,0
7245-JMTTQ,0,0,0,1,0,1,1,1,1,1,51,111.5,5703.25,3,0.32843137254901933,0,0,0,1,0,1,1,0,1,0,0,1,0,0
6050-IJRHS,0,1,1,1,0,1,1,0,1,1,70,106.5,7397.0,2,0.8285714285714221,0,0,0,1,0,1,1,0,1,0,0,1,0,0
6202-JVYEU,0,0,0,1,0,0,0,0,0,0,9,19.9,164.6,0,1.6111111111111107,1,0,0,0,0,0,0,1,1,0,0,1,0,0
8591-TKMZH,0,1,1,1,1,1,0,1,1,1,59,111.1,6555.2,3,0.00508474576271567,0,0,0,1,0,1,1,0,0,1,0,0,1,0
0734-OXWBT,0,0,1,0,0,0,0,1,1,1,3,70.7,225.65,1,4.516666666666666,0,0,0,0,0,0,0,0,0,0,0,0,1,0
4282-ACRXS,1,1,0,1,0,0,0,0,0,0,38,24.85,955.75,0,0.30131578947368354,0,0,1,0,1,0,0,0,0,0,0,1,0,0
0365-TRTPY,0,0,0,0,1,1,1,0,0,0,37,91.2,3382.3,3,0.21351351351351866,0,0,1,0,0,1,1,0,0,0,0,0,0,0
7349-ALMUX,0,0,0,0,1,1,1,1,0,0,37,65.6,2313.8,4,3.0648648648648518,0,0,1,0,0,0,0,0,0,1,0,0,0,0
6502-KUGLL,0,1,1,0,1,1,0,1,0,0,14,59.45,780.85,3,3.6750000000000043,0,1,0,0,0,0,0,0,0,0,0,0,0,0
1841-YSJGV,0,1,0,1,1,1,0,1,1,1,72,109.95,7852.4,3,0.8888888888888999,0,0,0,1,0,1,1,0,0,1,1,0,0,0
3511-BFTJW,0,1,1,0,1,1,1,0,0,0,72,38.5,2763.0,3,0.125,0,0,0,1,1,0,0,0,0,1,1,0,0,0
7668-XCFYV,1,1,0,1,0,0,0,0,1,1,17,92.55,1614.7,0,2.4323529411764753,0,1,0,0,0,1,1,0,0,0,0,1,0,0
5018-HEKFO,0,0,0,1,0,0,0,0,0,0,10,24.5,270.15,0,2.514999999999997,1,0,0,0,0,1,0,1,0,0,0,0,1,0
2923-ARZLG,0,1,1,1,0,0,0,0,0,0,0,19.7,0.0,0,0.0,0,0,0,0,0,0,0,1,1,0,0,0,1,0
3976-NLDEZ,0,0,0,0,0,0,0,0,0,0,1,20.6,20.6,0,0.0,0,0,0,0,0,0,0,1,0,0,0,0,1,0
2282-YGNOR,0,0,0,0,1,0,1,1,0,0,29,58.0,1734.5,3,1.8103448275862064,0,0,1,0,0,0,0,0,1,0,1,0,0,0
5336-UFNZP,1,1,1,1,0,1,1,0,1,1,65,107.45,7047.5,2,0.973076923076917,0,0,0,1,0,1,1,0,1,0,0,1,0,0
6854-EXGSF,0,0,0,1,1,1,1,0,0,0,8,65.5,573.15,3,6.143749999999997,1,0,0,0,0,1,0,0,0,0,0,0,0,0
1241-EZFMJ,0,1,0,0,0,0,0,0,0,0,61,25.45,1538.6,0,0.22704918032787091,0,0,0,1,0,1,0,1,0,1,0,0,0,0
9233-PSYHO,1,0,0,1,0,0,1,0,1,1,45,100.15,4459.8,1,1.0433333333333366,0,0,1,0,0,1,1,0,1,0,0,0,0,0
5376-PCKNB,0,1,1,1,0,1,1,0,1,1,72,104.45,7459.0,2,0.8527777777777743,0,0,0,1,0,1,1,0,1,0,1,0,0,0
8044-BGWPI,0,1,1,1,0,0,0,0,0,0,12,21.15,306.05,0,4.354166666666668,1,0,0,0,0,0,0,1,0,0,0,1,0,0
4060-LDNLU,0,0,0,0,0,0,0,0,1,1,7,96.2,639.7,0,4.814285714285717,1,0,0,0,0,1,1,0,0,0,0,1,0,0
3589-PPVKW,0,0,0,1,0,0,0,0,0,0,9,44.4,348.15,0,5.716666666666669,1,0,0,0,0,0,0,0,0,0,0,0,1,0
5887-IKKYO,0,1,1,0,0,0,1,1,0,1,58,94.35,5563.65,2,1.5750000000000028,0,0,0,1,0,1,1,0,0,1,0,0,0,0
1755-RMCXH,0,1,1,0,0,0,0,0,0,0,2,20.3,40.25,0,0.1750000000000007,0,0,0,0,0,0,0,1,0,0,0,0,1,0
3858-XHYJO,0,1,0,0,1,0,1,0,1,1,40,105.75,4228.55,2,0.03624999999999545,0,0,1,0,0,1,1,0,1,0,0,0,0,0
4299-SIMNS,0,0,0,1,1,0,0,0,0,0,9,81.15,784.45,1,6.011111111111106,1,0,0,0,0,1,1,0,0,0,0,1,0,0
7025-IWFHT,0,0,0,1,0,1,0,1,1,0,41,89.55,3729.75,2,1.4195121951219534,0,0,1,0,0,0,1,0,1,0,0,1,0,0
6261-LHRTG,0,0,0,1,0,1,1,0,0,0,26,54.75,1406.9,2,0.6384615384615344,0,0,1,0,0,0,0,0,0,0,1,0,0,0
7841-FCRQD,0,1,0,1,0,1,0,1,0,0,33,53.75,1857.3,2,2.5318181818181813,0,0,1,0,0,0,0,0,1,0,1,0,0,0
2056-EVGZL,0,1,1,0,0,1,1,1,1,1,68,105.75,7322.5,3,1.933823529411768,0,0,0,1,0,0,1,0,1,0,1,0,0,0
8777-MBMTS,1,1,0,1,0,1,1,1,1,1,65,105.85,6725.5,3,2.380769230769232,0,0,0,1,0,0,1,0,0,1,1,0,0,0
7753-USQYQ,0,0,0,1,0,1,0,1,0,1,55,64.2,3627.3,2,1.75090909090909,0,0,0,1,0,0,0,0,1,0,0,1,0,0
7661-CPURM,0,0,0,1,0,0,0,1,0,1,19,87.7,1725.95,1,3.139473684210529,0,1,0,0,0,0,1,0,1,0,1,0,0,0
6233-HXJMX,0,0,0,1,0,0,1,0,0,1,45,89.3,4192.15,1,3.8588888888888846,0,0,1,0,0,1,1,0,0,0,1,0,0,0
5902-WBLSE,0,1,1,1,0,0,0,0,0,0,70,20.15,1411.2,0,0.010000000000001563,0,0,0,1,0,0,0,1,0,1,1,0,0,0
3239-TPHPZ,0,1,0,1,0,0,0,0,0,0,12,20.05,264.55,0,1.9958333333333336,1,0,0,0,0,0,0,1,0,1,0,1,0,0
5115-GZDEL,0,0,1,0,1,1,1,1,1,1,72,67.2,4671.7,4,2.31527777777778,0,0,0,1,1,0,0,0,0,1,1,0,0,0
3338-CVVEH,0,0,0,0,0,0,0,0,1,1,12,94.55,1173.55,0,3.245833333333337,1,0,0,0,0,1,1,0,0,0,0,1,0,0
2615-YVMYX,1,1,0,1,1,1,1,0,1,1,71,107.5,7713.55,3,1.1415492957746523,0,0,0,1,0,1,1,0,0,0,0,1,0,0
2851-STERV,1,0,0,1,0,0,1,1,1,1,35,73.0,2471.25,2,2.392857142857139,0,0,1,0,0,0,0,0,1,0,0,1,0,0
4393-GEADV,0,1,1,0,1,1,1,1,1,1,70,114.75,7842.3,4,2.7171428571428606,0,0,0,1,0,1,1,0,0,1,1,0,0,0
8486-AYEQH,0,0,0,1,0,0,0,0,0,0,31,76.05,2227.8,0,4.18548387096773,0,0,1,0,0,1,1,0,0,0,0,1,0,0
5419-JKZNQ,1,1,0,0,0,0,0,0,0,0,30,77.9,2351.45,0,0.4816666666666549,0,0,1,0,0,1,1,0,0,0,0,0,1,0
2495-KZNFB,0,0,0,1,1,0,0,0,0,1,33,90.65,2989.6,1,0.05606060606061192,0,0,1,0,0,1,1,0,0,0,0,1,0,0
1409-PHXTF,1,1,0,1,0,1,1,1,1,1,54,110.45,6077.75,3,2.100925925925921,0,0,0,1,0,1,1,0,0,1,0,1,0,0
4560-WQAQW,0,0,0,0,1,0,0,1,0,1,59,68.7,4070.95,2,0.29915254237288025,0,0,0,1,0,1,0,0,1,0,0,0,0,0
9591-YVTEB,1,0,0,1,1,1,0,0,1,0,55,44.85,2479.05,2,0.2236363636363663,0,0,0,1,1,0,0,0,0,0,0,1,0,0
9309-BZGNT,1,1,0,1,0,0,1,0,0,0,69,29.8,2134.3,1,1.1318840579710177,0,0,0,1,1,0,0,0,1,0,1,0,0,0
4274-DRSQT,0,0,0,1,0,1,0,0,1,0,66,88.9,6000.1,1,2.010606060606065,0,0,0,1,0,1,1,0,1,0,0,0,0,0
2027-DNKIV,0,1,1,1,1,0,1,1,0,0,37,58.75,2203.1,3,0.7932432432432392,0,0,1,0,0,0,0,0,1,0,0,0,1,0
8075-GXIUB,1,1,0,0,0,0,0,0,0,0,9,19.85,183.15,0,0.5,1,0,0,0,0,0,0,1,1,0,1,0,0,0
2885-HIJDH,0,1,1,0,1,0,1,1,1,1,69,86.9,6194.1,3,2.8695652173912976,0,0,0,1,0,1,0,0,0,1,0,0,0,0
5424-RLQLC,0,0,0,1,0,1,0,0,1,0,10,59.65,638.95,1,4.2450000000000045,1,0,0,0,0,0,0,0,0,0,0,0,1,0
6507-DTJZV,0,0,1,0,0,0,0,0,1,1,13,66.4,831.75,0,2.419230769230772,0,1,0,0,0,0,0,0,0,0,1,0,0,0
7673-BQGKU,0,1,1,0,0,0,0,0,0,0,69,20.15,1337.5,0,0.7659420289855063,0,0,0,1,0,0,0,1,0,1,0,0,0,0
6723-WSNTY,1,1,0,1,0,1,1,1,1,1,66,108.1,7181.95,3,0.7174242424242436,0,0,0,1,0,1,1,0,1,0,1,0,0,0
2725-IWWBA,0,1,1,0,1,0,1,1,0,0,46,56.9,2560.1,3,1.2456521739130437,0,0,1,0,0,0,0,0,1,0,0,0,1,0
1061-PNTHC,0,1,1,1,1,0,1,1,1,1,56,109.6,5953.0,3,3.2964285714285637,0,0,0,1,0,1,1,0,0,0,0,0,1,0
0394-YONDK,0,1,1,0,0,0,0,0,0,0,70,25.15,1790.15,0,0.4235714285714316,0,0,0,1,0,1,0,1,0,1,1,0,0,0
6574-MCOEH,0,1,1,1,0,0,1,1,1,1,33,79.15,2531.4,2,2.440909090909088,0,0,1,0,0,1,0,0,1,0,0,1,0,0
7399-QHBJS,0,1,1,0,1,1,0,1,0,0,72,66.75,4760.3,3,0.6347222222222229,0,0,0,1,0,1,0,0,0,1,1,0,0,0
0997-YTLNY,0,0,1,0,0,0,0,1,0,0,19,48.8,953.65,1,1.3921052631578945,0,1,0,0,0,0,0,0,0,0,0,0,1,0
9479-HYNYL,0,1,0,1,0,1,1,1,1,1,71,80.7,5705.05,3,0.34718309859154317,0,0,0,1,0,0,0,0,0,1,1,0,0,0
9708-KFDBY,0,0,0,0,0,0,0,0,0,0,1,20.55,20.55,0,0.0,0,0,0,0,0,0,0,1,0,0,1,0,0,0
3642-GKTCT,0,0,0,1,1,1,1,1,1,1,61,115.1,6993.65,4,0.45000000000000284,0,0,0,1,0,1,1,0,1,0,0,0,1,0
0774-RMNUW,0,1,1,0,1,1,0,1,1,1,71,59.7,4122.65,3,1.6345070422535315,0,0,0,1,1,0,0,0,0,1,0,0,0,0
1334-PDUKM,0,1,0,0,0,1,1,0,0,0,68,86.45,5762.95,2,1.7007352941176492,0,0,0,1,0,1,1,0,1,0,1,0,0,0
0756-MPZRL,0,0,0,0,0,0,1,1,0,0,46,33.7,1537.85,2,0.2684782608695713,0,0,1,0,1,0,0,0,1,0,1,0,0,0
2242-MFOTG,0,0,0,0,1,0,0,0,0,0,33,80.1,2603.3,1,1.212121212121204,0,0,1,0,0,1,1,0,1,0,0,0,0,0
2927-CVULT,0,1,1,1,1,1,1,1,0,1,53,104.05,5566.4,4,0.9764150943396146,0,0,0,1,0,1,1,0,0,1,0,0,0,0
2144-BFDSO,1,1,0,0,1,1,1,0,1,1,50,108.75,5431.9,3,0.11200000000000898,0,0,0,1,0,1,1,0,0,0,0,0,0,0
8745-PVESG,0,0,0,1,1,0,1,1,0,0,57,41.1,2258.25,3,1.481578947368419,0,0,0,1,1,0,0,0,1,0,1,0,0,0
7647-GYYKX,0,1,1,1,0,0,0,0,0,0,54,20.35,1092.35,0,0.12129629629630045,0,0,0,1,0,0,0,1,0,1,0,0,0,0
5647-FXOTP,1,1,0,1,0,1,1,0,1,1,60,105.9,6401.25,2,0.7874999999999943,0,0,0,1,0,1,1,0,0,0,0,1,0,0
9700-ISPUP,0,1,1,1,0,1,0,1,0,1,10,65.5,616.9,2,3.8100000000000023,1,0,0,0,0,0,0,0,0,0,0,1,0,0
9839-ETQOE,0,0,1,1,1,1,1,0,0,0,43,40.45,1912.85,3,4.034883720930225,0,0,1,0,1,0,0,0,0,0,0,1,0,0
6078-VESFR,1,1,0,0,0,0,0,0,0,0,13,70.45,849.1,0,5.134615384615387,0,1,0,0,0,0,1,0,0,0,0,0,0,0
9027-TMATR,0,1,0,1,1,0,1,1,1,1,43,78.8,3460.3,3,1.672093023255826,0,0,1,0,0,0,0,0,0,1,0,1,0,0
1941-HOSAM,0,1,1,1,0,0,0,0,1,1,1,90.1,90.1,0,0.0,0,0,0,0,0,0,1,0,0,0,0,1,0,0
9110-HSGTV,0,0,0,1,1,0,1,1,1,1,69,82.45,5555.3,3,1.9384057971014528,0,0,0,1,0,0,0,0,0,1,1,0,0,0
0704-VCUMB,0,1,0,0,0,0,0,0,0,0,61,20.25,1278.8,0,0.7139344262295069,0,0,0,1,0,0,0,1,0,1,1,0,0,0
6171-ZTVYB,0,1,0,0,1,1,0,1,0,0,43,66.25,2907.35,3,1.3627906976744129,0,0,1,0,0,1,0,0,0,0,0,0,0,0
1935-IMVBB,0,1,0,0,0,0,0,0,1,1,56,89.7,4952.95,0,1.2544642857142918,0,0,0,1,0,0,1,0,0,0,0,0,1,0
2535-PBCGC,0,1,0,0,1,1,1,1,1,1,70,64.55,4504.9,4,0.19428571428571217,0,0,0,1,1,0,0,0,0,1,0,0,0,0
1470-PSXNM,0,1,1,1,0,1,1,0,1,0,49,93.65,4520.15,2,1.4020408163265472,0,0,0,1,0,1,1,0,1,0,0,1,0,0
2498-XLDZR,0,1,1,0,1,1,1,1,0,1,32,73.6,2316.85,4,1.1984374999999972,0,0,1,0,0,0,0,0,0,1,0,0,1,0
9866-OCCKE,1,1,0,1,1,0,1,1,1,1,72,109.75,8075.35,3,2.407638888888897,0,0,0,1,0,1,1,0,0,1,0,0,1,0
5338-YHWYT,0,0,1,0,1,1,0,1,0,0,37,61.45,2302.35,3,0.7756756756756715,0,0,1,0,0,0,0,0,0,1,1,0,0,0
7718-UPSKJ,0,1,0,1,1,1,0,1,1,1,69,106.4,7251.9,3,1.3000000000000114,0,0,0,1,0,0,1,0,1,0,1,0,0,0
8731-WBBMB,0,1,0,0,0,1,1,1,1,1,26,81.9,2078.55,3,1.955769230769235,0,0,1,0,0,0,0,0,0,0,0,0,0,0
1448-CYWKC,0,1,1,1,0,1,1,0,1,1,58,105.2,6225.4,2,2.1344827586206776,0,0,0,1,0,1,1,0,1,0,1,0,0,0
7901-IIDQV,0,0,0,0,0,0,0,1,0,0,24,54.6,1242.25,1,2.839583333333337,0,1,0,0,0,1,0,0,1,0,0,0,0,0
2690-DVRVK,0,1,1,0,0,0,0,0,0,0,5,20.55,99.45,0,0.6600000000000001,0,0,0,0,0,0,0,1,1,0,0,1,0,0
1270-XKUCC,0,1,1,0,0,0,0,0,0,0,30,19.7,599.25,0,0.27500000000000213,0,0,1,0,0,0,0,1,0,1,0,0,1,0
0334-ZFJSR,0,1,0,1,1,1,0,1,0,0,55,66.05,3462.1,3,3.1027272727272717,0,0,0,1,0,1,0,0,1,0,1,0,0,0
5583-EJXRD,0,1,1,1,1,1,1,1,0,1,44,54.05,2375.2,4,0.06818181818182012,0,0,1,0,1,0,0,0,0,1,1,0,0,0
4565-EVZMJ,0,0,0,1,1,1,0,1,0,0,47,58.9,2813.05,3,0.9521276595744723,0,0,1,0,0,0,0,0,1,0,0,0,1,0
3327-YBAKM,0,1,0,1,1,0,0,1,1,1,64,96.9,6314.35,2,1.76171875,0,0,0,1,0,0,1,0,1,0,0,0,1,0
9441-QHEVC,0,0,0,0,0,0,0,0,0,0,1,19.1,19.1,0,0.0,0,0,0,0,0,0,0,1,0,0,0,0,1,0
6705-LNMDD,0,0,0,0,0,0,0,1,0,0,20,50.0,1003.05,1,0.1524999999999963,0,1,0,0,0,0,0,0,0,0,0,0,1,0
2580-ASVVY,0,1,0,0,1,0,0,1,1,0,37,45.4,1593.1,2,2.3432432432432435,0,0,1,0,1,0,0,0,0,1,0,1,0,0
3370-GQEAL,0,1,1,0,0,0,0,0,1,0,30,85.45,2509.95,0,1.7850000000000108,0,0,1,0,0,1,1,0,0,0,0,1,0,0
5032-USPKF,0,0,0,0,1,1,1,0,1,1,38,84.1,3187.65,3,0.2144736842105175,0,0,1,0,0,1,0,0,1,0,0,0,0,0
4254-QPEDE,0,1,0,0,1,1,1,1,1,1,52,66.25,3330.1,4,2.2096153846153896,0,0,0,1,1,0,0,0,0,1,1,0,0,0
6283-GITPX,0,0,1,1,1,1,1,1,1,0,71,76.9,5522.7,4,0.8845070422535173,0,0,0,1,0,0,0,0,0,1,1,0,0,0
0771-CHWSK,0,0,0,1,1,1,1,0,0,1,66,74.6,4798.4,3,1.8969696969696912,0,0,0,1,0,1,0,0,0,1,1,0,0,0
9788-HNGUT,0,1,0,1,1,1,1,1,1,1,72,116.95,8594.4,4,2.416666666666657,0,0,0,1,0,1,1,0,0,1,1,0,0,0
9495-REDIY,0,0,1,1,1,0,0,0,1,0,25,40.65,970.55,1,1.828000000000003,0,0,1,0,1,0,0,0,1,0,1,0,0,0
5375-XLDOF,0,1,1,1,1,1,1,1,1,1,69,114.35,7665.8,4,3.2514492753623045,0,0,0,1,0,1,1,0,0,1,0,0,0,0
1172-VIYBP,0,1,1,0,1,1,0,0,0,1,53,69.7,3686.05,2,0.151886792452828,0,0,0,1,0,1,0,0,0,1,0,0,0,0
6559-PDZLR,0,0,0,1,0,0,1,1,1,1,26,98.65,2537.0,2,1.0730769230769255,0,0,1,0,0,0,1,0,0,0,0,1,0,0
8992-OBVDG,0,0,0,0,0,0,1,0,0,1,21,61.65,1393.6,1,4.711904761904755,0,1,0,0,0,0,0,0,0,0,0,0,1,0
4273-MBHYA,0,0,1,1,0,0,0,0,1,1,1,89.35,89.35,0,0.0,0,0,0,0,0,0,1,0,0,0,0,1,0,0
4724-WXVWF,0,0,0,1,1,0,0,1,0,1,48,95.4,4445.3,2,2.78958333333334,0,0,1,0,0,1,1,0,0,0,0,1,0,0
5701-GUXDC,0,1,0,0,1,0,1,0,0,0,26,35.4,978.6,2,2.238461538461543,0,0,1,0,1,0,0,0,1,0,1,0,0,0
1460-UZPRJ,0,1,0,0,0,0,0,0,0,0,60,19.95,1258.15,0,1.0191666666666706,0,0,0,1,0,0,0,1,0,1,0,0,1,0
6082-GLJIX,0,0,0,0,0,0,0,0,0,0,18,19.25,331.35,0,0.841666666666665,0,1,0,0,0,0,0,1,0,0,0,0,1,0
2495-TTHBQ,0,0,1,1,0,0,0,0,0,0,4,20.4,84.75,0,0.7875000000000014,0,0,0,0,0,0,0,1,1,0,0,0,1,0
0485-ZBSLN,0,1,1,0,0,0,0,0,0,0,65,24.75,1715.1,0,1.6361538461538458,0,0,0,1,0,1,0,1,0,1,1,0,0,0
3810-PJUHR,0,1,1,0,0,0,0,0,0,0,70,25.35,1715.15,0,0.8478571428571442,0,0,0,1,0,1,0,1,0,1,0,0,1,0
0847-HGRML,0,0,1,0,0,0,0,0,0,0,62,20.0,1250.1,0,0.16290322580644911,0,0,0,1,0,0,0,1,0,1,0,0,0,0
8232-CTLKO,0,1,1,1,1,0,0,0,1,0,66,59.75,3996.8,1,0.807575757575762,0,0,0,1,0,0,0,0,0,1,0,1,0,0
9227-YBAXE,0,1,1,1,1,1,0,1,1,1,65,82.5,5215.1,3,2.2676923076923003,0,0,0,1,0,1,0,0,0,1,0,0,0,0
9860-LISIZ,0,0,0,0,0,0,0,0,0,0,34,20.35,673.2,0,0.5500000000000007,0,0,1,0,0,0,0,1,0,0,0,0,1,0
0112-QAWRZ,0,1,1,1,0,0,1,0,1,0,16,90.8,1442.2,1,0.6624999999999943,0,1,0,0,0,1,1,0,0,0,0,0,0,0
2786-GCDPI,1,0,0,1,0,0,1,1,1,1,50,104.95,5222.35,2,0.5030000000000001,0,0,0,1,0,1,1,0,0,0,0,1,0,0
4043-MKDTV,0,1,0,1,0,1,1,1,1,1,71,105.25,7291.75,3,2.549295774647888,0,0,0,1,0,0,1,0,0,1,0,1,0,0
9229-RQABD,0,0,0,0,0,0,0,0,0,0,18,23.75,424.5,0,0.16666666666666785,0,1,0,0,0,1,0,1,1,0,0,0,1,0
8313-KTIHG,0,0,0,1,0,0,0,1,1,0,4,61.3,249.4,1,1.0500000000000043,0,0,0,0,0,0,0,0,0,0,0,1,0,0
5320-BRKGK,0,1,1,0,1,0,1,1,1,0,58,75.8,4415.75,3,0.3336206896551772,0,0,0,1,0,1,0,0,0,1,0,0,1,0
6284-KMNUF,0,1,0,1,1,0,0,0,1,1,56,98.0,5270.6,1,3.8821428571428527,0,0,0,1,0,1,1,0,1,0,0,1,0,0
6229-UOLQL,0,1,1,1,1,1,0,1,1,0,56,52.0,2884.9,3,0.4839285714285708,0,0,0,1,1,0,0,0,1,0,0,0,1,0
3137-LUPIX,0,0,0,1,0,0,0,1,1,0,4,64.4,253.0,1,1.1500000000000057,0,0,0,0,0,1,0,0,0,0,0,0,1,0
6143-JQKEA,0,0,0,1,0,0,0,0,0,0,10,45.8,436.2,0,2.1799999999999997,1,0,0,0,0,0,0,0,0,0,1,0,0,0
8676-OOQEJ,0,0,0,0,0,0,0,1,0,0,4,30.5,118.4,1,0.8999999999999986,0,0,0,0,1,0,0,0,0,0,0,1,0,0
9701-CDXHR,0,1,0,0,0,0,0,0,0,0,51,69.15,3649.6,0,2.410784313725486,0,0,0,1,0,0,1,0,0,0,0,0,1,0
8124-NZVGJ,0,0,0,1,0,0,0,1,1,1,6,49.25,255.6,1,6.649999999999999,0,0,0,0,1,0,0,0,1,0,0,0,1,0
2162-FRZAA,0,1,1,0,0,1,1,1,0,0,63,39.35,2395.05,3,1.3333333333333286,0,0,0,1,1,0,0,0,0,1,0,0,0,0
5118-MUEYH,0,1,0,1,0,1,0,1,1,1,48,105.1,5083.55,2,0.8072916666666714,0,0,1,0,0,1,1,0,0,0,1,0,0,0
5627-TVBPP,0,0,1,1,0,0,0,0,0,0,35,20.1,644.5,0,1.6857142857142868,0,0,1,0,0,0,0,1,1,0,1,0,0,0
3936-QQFLL,0,0,0,0,0,0,0,0,0,0,2,19.75,39.3,0,0.10000000000000142,0,0,0,0,0,0,0,1,0,0,0,0,1,0
2589-AYCRP,0,0,0,0,0,0,0,0,0,0,50,19.75,989.05,0,0.030999999999998806,0,0,0,1,0,0,0,1,1,0,0,0,0,0
4067-HLYQI,0,0,0,1,0,0,0,0,0,0,33,70.4,2406.1,0,2.512121212121201,0,0,1,0,0,0,1,0,0,0,0,0,0,0
5124-EOGYE,0,0,0,0,0,0,0,0,0,0,31,20.45,638.55,0,0.1483870967741936,0,0,1,0,0,0,0,1,0,1,0,0,1,0
5057-RKGLH,0,1,1,0,0,0,0,0,0,0,9,20.35,191.1,0,0.8833333333333329,1,0,0,0,0,0,0,1,0,1,0,0,1,0
0292-WEGCH,0,1,1,1,0,1,1,1,1,1,54,86.2,4524.05,3,2.4212962962962905,0,0,0,1,0,1,0,0,0,0,0,1,0,0
8910-ICHIU,0,0,0,1,1,1,1,0,1,0,46,95.65,4664.2,3,5.7456521739130295,0,0,1,0,0,0,1,0,1,0,1,0,0,0
4097-YODCF,0,0,1,1,1,1,0,0,1,1,34,103.8,3470.8,2,1.7176470588235162,0,0,1,0,0,1,1,0,1,0,0,1,0,0
9715-WZCLW,0,1,1,1,1,0,0,0,1,1,71,97.2,6910.3,1,0.12816901408450576,0,0,0,1,0,1,1,0,0,1,0,1,0,0
9786-YWNHU,0,1,1,0,1,1,1,1,0,0,63,63.55,4014.2,4,0.16746031746031775,0,0,0,1,0,0,0,0,0,1,0,0,1,0
6407-GSJNL,0,0,0,0,0,0,0,0,0,0,51,24.95,1288.0,0,0.30490196078431353,0,0,0,1,0,1,0,1,0,1,0,0,0,0
4049-ZPALD,0,1,0,1,1,0,1,0,1,1,64,99.0,6375.8,2,0.6218750000000028,0,0,0,1,0,0,1,0,0,1,0,0,0,0
3733-UOCWF,1,1,0,1,0,1,0,1,0,0,61,85.55,5251.75,2,0.544262295081964,0,0,0,1,0,1,1,0,1,0,0,0,0,0
6833-JMZYP,0,0,0,1,0,0,1,0,1,1,15,94.0,1505.45,1,6.36333333333333,0,1,0,0,0,0,1,0,0,0,1,0,0,0
1310-QRITU,0,0,0,1,0,0,0,0,0,0,18,50.3,913.3,0,0.43888888888889,0,1,0,0,0,1,0,0,0,0,0,1,0,0
8961-QDZZJ,0,1,1,1,0,1,0,0,1,1,57,95.0,5535.8,1,2.119298245614033,0,0,0,1,0,0,1,0,1,0,0,1,0,0
9715-SBVSU,0,1,1,1,1,1,0,0,0,1,14,61.4,815.55,2,3.1464285714285722,0,1,0,0,0,0,0,0,0,1,0,0,0,0
8490-BXHEO,1,0,0,1,0,1,0,0,0,0,18,80.55,1411.65,1,2.124999999999986,0,1,0,0,0,1,1,0,0,0,1,0,0,0
7173-TETGO,1,1,0,0,1,0,0,0,0,0,72,78.5,5602.25,1,0.6909722222222285,0,0,0,1,0,1,1,0,0,1,0,0,0,0
7929-SKFGK,0,1,0,0,1,1,1,1,1,1,70,114.3,8244.3,4,3.4757142857142753,0,0,0,1,0,1,1,0,0,1,1,0,0,0
2300-RQGOI,0,0,0,0,0,0,0,0,0,0,38,20.05,741.5,0,0.5368421052631582,0,0,1,0,0,0,0,1,0,1,0,0,1,0
3563-SVYLG,0,1,1,0,1,1,1,1,0,0,68,62.65,4375.8,4,1.70000000000001,0,0,0,1,0,0,0,0,0,1,1,0,0,0
6435-VWCCY,1,1,0,1,1,1,0,0,1,0,65,92.7,5968.4,2,0.8784615384615506,0,0,0,1,0,1,1,0,0,1,1,0,0,0
4998-IKFSE,0,0,0,0,0,0,1,0,1,1,30,100.45,3096.9,1,2.780000000000001,0,0,1,0,0,1,1,0,0,0,0,1,0,0
8630-QSGXK,0,1,0,1,0,0,0,1,1,1,51,75.2,3901.25,1,1.295098039215688,0,0,0,1,0,1,0,0,0,1,0,0,0,0
2455-USLMV,0,0,0,1,1,0,1,0,0,0,31,84.75,2613.4,2,0.44677419354837866,0,0,1,0,0,1,1,0,0,0,1,0,0,0
9488-FVZCC,0,1,1,1,1,1,1,1,0,1,72,79.5,5661.7,4,0.8652777777777771,0,0,0,1,0,1,0,0,0,1,0,0,0,0
5995-WWKKG,0,0,0,1,0,0,0,0,0,0,37,19.8,695.05,0,1.0148648648648653,0,0,1,0,0,0,0,1,1,0,0,1,0,0
7879-CGSFV,0,0,0,1,1,1,0,0,1,1,55,100.9,5552.05,2,0.04636363636363683,0,0,0,1,0,0,1,0,1,0,0,0,1,0
9921-EZKBY,0,0,1,1,1,0,1,0,0,1,33,95.3,3275.15,2,3.9469696969697026,0,0,1,0,0,1,1,0,0,0,0,0,0,0
7432-FFVAR,0,1,1,0,0,0,1,1,0,1,46,90.95,4236.6,2,1.1500000000000057,0,0,1,0,0,0,1,0,1,0,0,0,0,0
7246-ZGQDF,0,0,1,0,1,0,0,1,0,0,1,54.5,54.5,2,0.0,0,0,0,0,0,0,0,0,0,0,0,1,0,0
4456-RHSNB,0,1,1,1,0,0,1,0,0,0,19,49.6,962.9,1,1.0789473684210478,0,1,0,0,0,0,0,0,0,0,0,0,0,0
2481-SBOYW,0,0,1,1,0,0,0,0,0,0,61,25.0,1498.35,0,0.43688524590164235,0,0,0,1,0,1,0,1,0,1,1,0,0,0
7109-MFBYV,0,0,0,0,0,0,0,0,0,0,26,45.45,1233.15,0,1.9788461538461561,0,0,1,0,0,0,0,0,0,0,0,1,0,0
1833-TCXKK,0,1,0,1,0,1,1,0,1,1,45,107.75,4882.8,2,0.7566666666666748,0,0,1,0,0,1,1,0,0,0,0,0,0,0
1832-PEUTS,0,1,1,1,0,0,1,0,1,0,62,89.1,5411.65,1,1.8153225806451587,0,0,0,1,0,1,1,0,0,1,1,0,0,0
8660-BUETV,0,0,0,0,0,0,0,0,0,0,3,44.75,148.05,0,4.600000000000001,0,0,0,0,0,0,0,0,0,0,0,0,1,0
0580-PIQHM,0,1,1,1,1,1,1,0,0,1,41,101.6,3930.55,3,5.73292682926828,0,0,1,0,0,1,1,0,1,0,0,0,0,0
5696-CEIQJ,0,1,1,0,0,1,1,1,1,1,67,103.15,6895.5,3,0.23208955223881844,0,0,0,1,0,0,1,0,0,1,0,0,0,0
1696-HXOWK,0,1,0,0,1,1,0,0,1,0,71,95.65,6856.95,2,0.9267605633802702,0,0,0,1,0,1,1,0,1,0,0,0,1,0
3026-ATZYV,0,1,1,0,1,1,0,0,1,1,37,75.1,2658.8,2,3.240540540540536,0,0,1,0,0,0,0,0,1,0,0,0,0,0
4012-YCFAI,0,1,0,1,1,1,0,1,0,0,60,61.35,3766.2,3,1.4199999999999946,0,0,0,1,0,0,0,0,0,1,0,0,1,0
9970-QBCDA,0,0,0,0,0,0,0,0,0,0,6,19.7,129.55,0,1.8916666666666693,0,0,0,0,0,0,0,1,0,0,1,0,0,0
9496-IVVRP,0,1,1,0,1,0,0,0,0,0,11,51.0,581.7,1,1.8818181818181827,1,0,0,0,0,0,0,0,0,0,0,0,0,0
2657-VPXTA,0,1,1,1,0,0,0,0,1,1,10,88.85,929.45,0,4.095000000000013,1,0,0,0,0,0,1,0,0,0,0,1,0,0
6551-VLJMV,0,1,0,0,0,0,0,0,0,0,34,20.05,679.0,0,0.07941176470588474,0,0,1,0,0,0,0,1,0,1,1,0,0,0
1221-GHZEP,0,0,0,1,1,0,0,1,0,1,62,65.1,3846.75,2,3.0556451612903146,0,0,0,1,0,0,0,0,0,1,0,0,1,0
9289-LBQVU,0,1,0,1,0,1,0,1,0,1,64,70.15,4480.7,2,0.13906250000000853,0,0,0,1,0,1,0,0,1,0,0,0,1,0
3458-IDMFK,0,0,0,1,0,0,0,0,0,0,25,20.75,499.4,0,0.7740000000000009,0,0,1,0,0,0,0,1,0,1,0,0,1,0
6933-FHBZC,0,0,0,1,0,1,1,0,0,0,26,56.05,1553.2,2,3.688461538461546,0,0,1,0,0,0,0,0,1,0,0,0,1,0
0221-NAUXK,0,0,1,1,0,0,0,0,0,0,10,19.95,219.5,0,2.0,1,0,0,0,0,0,0,1,1,0,0,0,0,0
9770-KXGQU,0,0,0,0,1,1,1,0,1,0,53,98.6,5311.85,3,1.623584905660394,0,0,0,1,0,1,1,0,1,0,0,0,1,0
6538-POCHL,0,0,0,1,0,1,1,0,0,0,33,79.0,2576.8,2,0.9151515151515071,0,0,1,0,0,0,1,0,0,0,1,0,0,0
6726-NNFWD,1,1,0,0,0,1,1,0,0,1,71,89.45,6435.25,2,1.1873239436619656,0,0,0,1,0,0,1,0,0,1,1,0,0,0
3002-WQZWT,0,0,0,1,0,0,0,0,0,0,29,74.2,1993.25,0,5.467241379310352,0,0,1,0,0,1,1,0,0,0,0,1,0,0
4277-UDIEF,0,1,1,0,1,0,0,1,1,1,24,81.0,1923.85,2,0.8395833333333371,0,1,0,0,0,1,0,0,0,0,0,0,0,0
1208-NBVFH,0,1,1,1,0,0,1,0,0,0,20,49.6,939.8,1,2.6100000000000065,0,1,0,0,0,0,0,0,0,0,0,1,0,0
4912-PIGUY,0,0,0,1,0,0,0,0,1,0,1,84.6,84.6,0,0.0,0,0,0,0,0,1,1,0,0,0,0,1,0,0
2725-TTRIQ,0,1,1,1,1,0,1,1,1,1,72,84.2,5986.55,3,1.0534722222222257,0,0,0,1,0,1,0,0,0,1,0,0,0,0
3374-TTZTK,0,1,0,1,1,1,1,1,1,1,52,106.3,5487.0,4,0.7807692307692236,0,0,0,1,0,0,1,0,0,1,0,1,0,0
8990-ZXLSU,0,0,0,0,0,0,0,0,0,0,9,69.05,651.5,0,3.3388888888888886,1,0,0,0,0,0,1,0,0,0,0,1,0,0
2275-RBYQS,0,0,0,1,0,0,0,0,0,0,1,45.4,45.4,0,0.0,0,0,0,0,0,0,0,0,0,0,0,0,1,0
4419-UJMUS,0,1,1,1,0,0,0,1,1,1,69,99.35,6856.45,1,0.018840579710143857,0,0,0,1,0,1,1,0,0,1,0,1,0,0
7794-JASDG,0,0,0,1,1,0,0,0,0,0,1,50.75,50.75,1,0.0,0,0,0,0,0,0,0,0,0,0,0,0,1,0
7609-YBPXG,0,0,0,0,1,0,1,1,1,1,54,87.1,4735.2,3,0.5888888888888886,0,0,0,1,0,1,0,0,0,1,0,0,0,0
5519-TEEUH,0,0,1,1,0,0,0,0,0,0,33,20.15,682.15,0,0.5212121212121232,0,0,1,0,0,0,0,1,1,0,0,0,1,0
7856-GANIL,1,1,0,1,0,1,1,1,1,0,45,98.7,4525.8,3,1.8733333333333348,0,0,1,0,0,1,1,0,1,0,0,0,0,0
0804-XBFBV,0,0,1,0,0,0,0,0,0,0,11,25.2,321.05,0,3.986363636363638,1,0,0,0,1,0,0,0,0,0,0,1,0,0
2676-OXPPQ,0,0,0,1,1,1,0,0,0,0,6,55.7,335.65,2,0.24166666666666003,0,0,0,0,0,0,0,0,0,0,0,0,0,0
3703-TTEPD,0,0,0,0,1,0,1,0,1,0,21,65.35,1424.4,2,2.478571428571442,0,1,0,0,0,0,0,0,0,0,0,0,0,0
2799-TSLAG,0,1,1,1,0,0,0,0,0,0,65,25.3,1748.55,0,1.600769230769231,0,0,0,1,0,1,0,1,0,1,0,0,0,0
2208-NKVVH,0,1,1,0,0,0,0,0,0,0,43,24.25,1077.95,0,0.81860465116279,0,0,1,0,0,1,0,1,0,1,0,0,1,0
7139-JZFVG,0,1,1,0,1,1,1,0,0,0,60,60.5,3694.45,3,1.0741666666666632,0,0,0,1,0,0,0,0,0,1,0,0,0,0
4987-GQWPO,0,0,0,0,0,0,0,0,0,0,17,25.1,382.8,0,2.5823529411764703,0,1,0,0,1,0,0,0,0,0,1,0,0,0
1757-TCATG,0,1,1,0,0,0,0,0,0,0,35,20.05,746.75,0,1.2857142857142847,0,0,1,0,0,0,0,1,1,0,0,0,0,0
4776-XSKYQ,0,1,1,0,0,0,0,1,0,0,12,30.25,368.85,1,0.4875000000000007,1,0,0,0,1,0,0,0,1,0,1,0,0,0
8048-DSDFQ,0,0,0,0,0,0,0,0,0,0,1,20.2,20.2,0,0.0,0,0,0,0,0,0,0,1,0,0,0,0,1,0
5753-QQWPW,0,0,0,1,1,1,0,1,0,0,28,59.9,1654.7,3,0.8035714285714235,0,0,1,0,0,0,0,0,1,0,0,1,0,0
6010-DDPPW,0,1,0,0,0,0,0,0,0,0,70,25.15,1940.85,0,2.576428571428572,0,0,0,1,0,1,0,1,0,1,0,0,0,0
6693-FRIRW,0,0,0,0,0,1,1,0,1,1,18,101.3,1794.65,2,1.5972222222222143,0,1,0,0,0,0,1,0,0,0,1,0,0,0
6586-MYGKD,0,1,0,1,1,0,0,1,1,1,70,76.95,5289.8,2,1.3814285714285717,0,0,0,1,0,1,0,0,0,1,1,0,0,0
3173-NVMPX,0,1,1,1,0,1,0,0,0,0,9,55.3,501.2,1,0.38888888888889284,1,0,0,0,0,1,0,0,0,0,0,0,1,0
0248-PGHBZ,1,0,0,1,1,1,0,1,1,0,67,92.45,6140.85,3,0.7955223880596947,0,0,0,1,0,0,1,0,0,1,0,0,0,0
0623-GDISB,0,0,0,1,1,0,0,0,0,0,1,48.45,48.45,1,0.0,0,0,0,0,0,0,0,0,0,0,0,0,0,0
2892-GESUL,0,1,1,0,0,0,0,0,0,0,18,19.35,309.25,0,2.1694444444444443,0,1,0,0,0,0,0,1,0,1,0,0,1,0
7472-EQOAV,1,1,1,1,1,1,1,0,0,0,71,86.7,6179.35,3,0.33309859154930166,0,0,0,1,0,0,1,0,1,0,0,0,0,0
2043-WVTQJ,0,1,0,0,1,0,1,0,0,0,1,55.7,55.7,2,0.0,0,0,0,0,0,0,0,0,0,0,0,0,1,0
8034-RYTVV,0,0,0,1,1,0,1,0,0,0,55,84.25,4589.85,2,0.798181818181817,0,0,0,1,0,1,1,0,1,0,1,0,0,0
3863-QSTYI,0,0,0,1,0,0,1,1,1,0,59,64.65,3735.45,2,1.3372881355932265,0,0,0,1,0,0,0,0,0,0,0,1,0,0
5044-LRQAQ,0,1,0,1,0,0,0,0,0,0,7,69.2,477.55,0,0.9785714285714278,1,0,0,0,0,0,1,0,0,0,0,0,0,0
1716-LSAMB,0,1,1,0,1,0,0,1,0,0,45,54.65,2553.7,2,2.0988888888888866,0,0,1,0,0,0,0,0,0,1,0,0,0,0
1333-PBMXB,0,1,1,1,0,0,0,0,0,0,54,24.75,1342.15,0,0.10462962962963118,0,0,0,1,0,1,0,1,1,0,0,0,0,0
6546-OPBBH,0,1,1,1,0,0,0,0,0,0,51,23.95,1216.35,0,0.10000000000000142,0,0,0,1,0,1,0,1,1,0,0,0,1,0
5985-BEHZK,1,1,0,0,0,1,1,0,1,1,72,105.0,7578.05,2,0.25069444444444855,0,0,0,1,0,1,1,0,1,0,1,0,0,0
9127-QRZMH,0,1,0,1,1,1,0,1,0,0,44,59.85,2603.95,3,0.6693181818181841,0,0,1,0,0,0,0,0,1,0,0,0,0,0
5919-VCZYM,0,0,0,0,0,0,0,0,0,0,2,20.05,42.7,0,1.3000000000000007,0,0,0,0,0,0,0,1,0,0,0,0,1,0
9644-KVCNC,0,0,0,1,0,0,1,0,1,0,66,92.15,6056.9,1,0.37878787878788955,0,0,0,1,0,1,1,0,1,0,0,0,0,0
2137-DQMEV,0,1,1,0,1,1,0,0,1,0,68,44.8,2983.65,2,0.922794117647058,0,0,0,1,1,0,0,0,1,0,0,0,1,0
8174-LNWMW,0,0,0,0,0,0,0,0,0,0,31,20.9,689.35,0,1.3370967741935509,0,0,1,0,0,0,0,1,0,1,1,0,0,0
9279-CJEOJ,1,0,0,1,0,0,0,0,1,1,21,95.4,2025.1,0,1.0333333333333172,0,1,0,0,0,1,1,0,0,0,0,0,0,0
7964-VEXDG,0,0,1,0,1,0,0,0,0,0,21,80.35,1747.2,1,2.8500000000000085,0,1,0,0,0,1,1,0,0,0,0,1,0,0
2404-JIBFC,0,1,1,1,1,0,1,1,1,1,55,85.1,4657.95,3,0.4099999999999966,0,0,0,1,0,1,0,0,0,1,0,0,0,0
8029-XYPWT,1,1,0,1,1,1,1,1,1,1,71,115.05,8016.6,4,2.1401408450704196,0,0,0,1,0,1,1,0,0,1,0,0,0,0
4632-PAOYU,0,1,1,0,0,0,0,0,0,0,22,19.95,433.5,0,0.24545454545454604,0,1,0,0,0,0,0,1,1,0,0,0,1,0
2990-OGYTD,0,1,0,0,0,1,1,1,1,1,67,86.15,5883.85,3,1.6686567164179138,0,0,0,1,0,1,0,0,0,1,0,0,0,0
6646-JPPHA,1,0,0,0,1,1,0,0,0,0,14,78.85,1043.8,2,4.2928571428571445,0,1,0,0,0,0,1,0,0,0,0,1,0,0
7658-UYUQS,1,1,0,0,0,0,1,0,1,0,21,86.55,1857.25,1,1.8904761904761926,0,1,0,0,0,0,1,0,0,0,0,0,0,0
7880-XSOJX,0,0,0,0,1,1,0,1,0,0,4,42.4,146.4,3,5.799999999999997,0,0,0,0,1,0,0,0,0,0,0,0,1,0
4589-IUAJB,0,1,0,0,0,0,0,0,0,0,70,24.25,1724.15,0,0.3807142857142871,0,0,0,1,0,1,0,1,0,1,0,0,0,0
8746-BFOAJ,1,0,0,0,0,0,0,0,0,0,21,20.5,429.55,0,0.04523809523809419,0,1,0,0,0,0,0,1,1,0,0,0,0,0
8457-XIGKN,0,0,0,1,0,0,0,0,0,0,20,19.6,356.15,0,1.792500000000004,0,1,0,0,0,0,0,1,0,0,1,0,0,0
6072-NUQCB,0,1,1,0,0,0,0,0,0,0,22,20.25,488.25,0,1.9431818181818166,0,1,0,0,0,0,0,1,1,0,0,0,0,0
8838-GPHZP,0,0,0,1,0,0,0,0,0,0,63,20.6,1298.7,0,0.014285714285712459,0,0,0,1,0,0,0,1,0,1,0,0,1,0
8750-QWZAJ,0,1,1,0,0,0,0,0,0,0,70,19.8,1378.75,0,0.10357142857142776,0,0,0,1,0,0,0,1,0,1,0,0,0,0
6918-UMQCG,0,0,0,0,0,0,0,0,1,0,5,80.2,384.25,0,3.3500000000000085,0,0,0,0,0,0,1,0,0,0,0,1,0,0
0675-NCDYU,0,1,1,1,1,1,1,1,1,1,72,116.4,8543.25,4,2.2562499999999943,0,0,0,1,0,1,1,0,0,1,1,0,0,0
6339-DKLMK,0,0,0,1,0,1,0,0,0,0,13,31.65,389.95,1,1.6538461538461533,0,1,0,0,1,0,0,0,0,0,0,1,0,0
1346-PJWTK,0,1,0,0,0,1,1,1,0,1,61,94.15,5731.85,3,0.18524590163934818,0,0,0,1,0,0,1,0,0,0,1,0,0,0
5088-QZLRL,0,0,0,0,0,0,0,0,0,0,1,20.65,20.65,0,0.0,0,0,0,0,0,0,0,1,0,0,0,1,0,0
8023-QHAIO,1,1,0,1,0,0,0,1,0,0,56,76.85,4275.75,1,0.4973214285714249,0,0,0,1,0,1,1,0,0,0,0,0,0,0
4397-FRLTA,0,0,0,0,0,0,0,0,0,0,4,20.15,84.5,0,0.9750000000000014,0,0,0,0,0,0,0,1,0,0,0,0,1,0
3057-VJJQE,0,0,0,0,1,0,0,0,0,0,35,55.25,1924.1,1,0.2757142857142867,0,0,1,0,0,1,0,0,0,1,0,0,1,0
2302-OUZXB,0,1,0,0,0,1,1,0,1,1,72,82.15,5784.3,2,1.8125,0,0,0,1,0,1,0,0,0,1,0,0,0,0
8133-ANHHJ,1,0,0,0,1,1,1,1,0,1,49,103.0,5166.2,4,2.432653061224485,0,0,0,1,0,1,1,0,1,0,0,0,0,0
2270-CHBFN,0,1,0,1,1,1,1,1,0,0,44,95.1,4060.55,4,2.814772727272711,0,0,1,0,0,1,1,0,0,0,1,0,0,0
5982-FPVQN,0,1,1,1,0,1,1,0,0,1,37,95.15,3532.85,2,0.3324324324324266,0,0,1,0,0,1,1,0,0,0,0,1,0,0
9107-UKCKY,0,1,0,1,0,1,1,0,1,1,61,79.8,4914.8,2,0.7704918032786878,0,0,0,1,0,1,0,0,1,0,0,1,0,0
4654-ULTTN,0,1,0,1,1,0,1,1,0,1,70,74.8,5315.8,3,1.1400000000000006,0,0,0,1,0,1,0,0,0,1,1,0,0,0
5546-BYZSM,0,0,0,0,0,0,0,0,0,0,41,20.45,775.6,0,1.5329268292682912,0,0,1,0,0,0,0,1,0,0,0,1,0,0
1492-KGETH,0,1,1,0,1,1,1,1,0,1,70,78.35,5445.95,4,0.5507142857142782,0,0,0,1,0,1,0,0,1,0,0,0,0,0
4163-HFTUK,0,0,0,0,0,0,0,0,0,0,51,19.1,1007.8,0,0.6607843137254896,0,0,0,1,0,0,0,1,1,0,0,1,0,0
8215-NGSPE,0,1,1,0,0,0,0,0,0,0,42,20.0,833.55,0,0.15357142857142847,0,0,1,0,0,0,0,1,0,1,0,0,1,0
8859-YSTWS,0,0,0,0,0,0,0,0,0,0,48,19.95,1004.5,0,0.9770833333333329,0,0,1,0,0,0,0,1,1,0,0,0,0,0
7601-DHFWZ,0,0,0,0,0,0,0,0,0,0,48,24.0,1183.05,0,0.6468749999999979,0,0,1,0,0,1,0,1,0,1,1,0,0,0
1998-VHJHK,0,0,0,0,0,0,0,0,0,0,27,19.15,501.35,0,0.5814814814814788,0,0,1,0,0,0,0,1,1,0,0,0,1,0
1707-HABPF,1,0,0,1,0,1,1,0,1,0,46,91.3,4126.35,2,1.59673913043477,0,0,1,0,0,0,1,0,1,0,0,0,0,0
0487-VVUVK,0,1,1,1,0,0,0,0,0,0,25,19.15,477.6,0,0.045999999999999375,0,0,1,0,0,0,0,1,0,0,0,0,1,0
5063-IUOKK,0,0,0,0,0,0,0,0,0,0,13,19.75,265.75,0,0.6923076923076934,0,1,0,0,0,0,0,1,0,1,0,0,1,0
4508-OEBEY,0,1,0,1,1,1,1,1,0,1,31,75.5,2424.45,4,2.7080645161290278,0,0,1,0,0,0,0,0,1,0,1,0,0,0
0027-KWYKW,0,1,1,1,0,0,0,0,1,0,23,83.75,1849.95,0,3.3173913043478223,0,1,0,0,0,1,1,0,0,0,0,1,0,0
2308-STERM,0,0,0,0,0,0,0,0,0,0,2,19.4,61.05,0,11.125,0,0,0,0,0,0,0,1,0,0,0,0,1,0
5982-XMDEX,0,0,0,0,0,0,0,0,0,0,65,26.5,1698.55,0,0.3684615384615384,0,0,0,1,0,1,0,1,0,1,0,0,0,0
6051-PTVNS,0,1,1,0,0,0,0,0,0,0,55,19.15,998.1,0,1.0027272727272702,0,0,0,1,0,0,0,1,1,0,1,0,0,0
2877-VDUER,0,1,1,0,0,0,0,1,1,0,35,40.9,1383.6,1,1.3685714285714283,0,0,1,0,1,0,0,0,1,0,0,0,1,0
9152-AMKAK,0,0,0,1,1,0,1,1,1,1,6,80.25,493.4,3,1.9833333333333343,0,0,0,0,0,0,0,0,0,1,0,0,1,0
9432-VOFYX,0,0,0,1,0,0,0,0,0,0,17,70.8,1207.0,0,0.20000000000000284,0,1,0,0,0,0,1,0,0,0,0,1,0,0
8049-WJCLQ,0,1,1,0,0,0,1,0,1,0,10,60.2,563.5,1,3.8500000000000014,1,0,0,0,0,0,0,0,0,0,0,0,1,0
6586-PSJOX,0,0,1,0,0,0,1,1,0,0,15,55.2,864.55,2,2.4366666666666603,0,1,0,0,0,0,0,0,1,0,1,0,0,0
9705-ZJBCG,0,1,1,0,1,0,0,1,0,0,13,54.15,701.05,2,0.22307692307692406,0,1,0,0,0,0,0,0,1,0,0,0,0,0
6847-KJLTS,1,1,0,1,0,0,0,1,1,1,58,100.4,5749.8,1,1.2655172413793139,0,0,0,1,0,1,1,0,0,0,0,0,0,0
9670-BPNXF,0,0,0,1,1,1,0,1,0,0,45,62.55,2796.45,3,0.4066666666666663,0,0,1,0,0,0,0,0,1,0,1,0,0,0
3913-FCUUW,0,1,1,1,1,1,1,1,0,0,72,70.45,5165.7,4,1.2958333333333343,0,0,0,1,0,1,0,0,0,1,0,0,0,0
3301-VKTGC,0,1,1,1,1,1,0,0,0,0,68,85.5,5696.6,2,1.726470588235287,0,0,0,1,0,1,1,0,1,0,0,0,0,0
9555-SAHUZ,0,1,1,0,1,1,0,0,0,0,38,54.5,2076.05,2,0.13289473684211117,0,0,1,0,0,0,0,0,0,0,0,1,0,0
0816-TSPHQ,0,0,0,0,0,0,0,0,0,0,2,20.75,44.2,0,1.3500000000000014,0,0,0,0,0,0,0,1,0,0,0,0,1,0
9932-WBWIK,0,0,0,0,0,0,0,0,0,0,11,20.35,215.25,0,0.7818181818181849,1,0,0,0,0,0,0,1,0,0,0,0,1,0
4619-EVPHY,1,1,0,1,0,0,0,0,1,1,20,91.0,1859.5,0,1.9749999999999943,0,1,0,0,0,0,1,0,1,0,0,0,0,0
5286-YHCVC,0,1,0,1,0,1,1,0,1,1,72,104.8,7470.1,2,1.0486111111111,0,0,0,1,0,1,1,0,0,1,0,0,0,0
9115-YQHGA,0,0,0,1,0,0,0,1,0,0,40,51.1,2092.9,1,1.2225000000000037,0,0,1,0,0,0,0,0,0,0,0,1,0,0
4462-CYWMH,1,1,0,1,0,1,0,0,0,1,62,89.8,5629.55,1,0.9991935483870975,0,0,0,1,0,1,1,0,0,0,0,0,0,0
8963-MQVYN,0,0,1,1,0,0,0,0,0,0,22,20.55,469.85,0,0.8068181818181834,0,1,0,0,0,0,0,1,0,0,0,1,0,0
2458-EOMRE,0,0,0,0,1,0,1,0,0,1,11,64.05,733.95,2,2.672727272727286,1,0,0,0,0,0,0,0,0,0,0,0,0,0
9334-GWGOW,1,1,0,1,0,0,0,0,0,0,7,74.85,485.25,0,5.528571428571425,1,0,0,0,0,1,1,0,0,0,0,1,0,0
6542-LWGXJ,0,1,0,0,0,0,0,0,0,0,3,25.0,78.25,0,1.0833333333333321,0,0,0,0,1,0,0,0,0,0,0,0,1,0
5567-GZKQY,0,0,0,0,0,0,0,0,0,0,58,20.3,1131.5,0,0.7913793103448299,0,0,0,1,0,0,0,1,0,1,1,0,0,0
1222-LRYKO,0,0,1,0,0,0,0,0,0,0,6,26.35,184.05,0,4.324999999999999,0,0,0,0,0,1,0,1,0,0,0,0,1,0
2087-QAREY,0,1,0,1,0,1,1,0,0,0,22,54.7,1178.75,2,1.1204545454545496,0,1,0,0,0,0,0,0,0,0,0,0,1,0
4423-JWZJN,0,1,1,0,0,0,1,0,0,1,64,90.25,5629.15,1,2.2945312500000057,0,0,0,1,0,1,1,0,1,0,1,0,0,0
6490-FGZAT,0,0,0,0,0,0,0,0,0,0,6,20.65,109.3,0,2.4333333333333336,0,0,0,0,0,0,0,1,0,0,0,0,1,0
7452-FOLON,0,0,1,0,0,0,0,0,0,0,39,25.45,958.45,0,0.874358974358973,0,0,1,0,0,1,0,1,1,0,0,0,0,0
2320-TZRRH,0,0,0,0,0,0,0,0,0,0,20,19.5,403.15,0,0.6574999999999989,0,1,0,0,0,0,0,1,1,0,0,0,1,0
4942-VZZOM,0,1,0,1,1,0,0,0,1,0,64,66.15,4392.5,1,2.4828124999999943,0,0,0,1,0,1,0,0,1,0,1,0,0,0
7502-BNYGS,0,1,0,1,0,1,0,0,1,1,46,69.1,3168.0,1,0.23043478260869676,0,0,1,0,0,0,0,0,0,0,1,0,0,0
4291-HYEBC,1,1,1,1,0,1,0,0,0,1,28,39.1,1096.6,1,0.06428571428570962,0,0,1,0,1,0,0,0,1,0,0,1,0,0
6147-CBCRA,0,1,0,0,0,0,0,0,0,0,33,20.05,669.45,0,0.2363636363636381,0,0,1,0,0,0,0,1,0,0,0,0,1,0
6047-SUHPR,0,1,1,0,1,1,1,0,0,0,39,59.8,2343.85,3,0.2987179487179503,0,0,1,0,0,0,0,0,1,0,0,1,0,0
9752-ZNQUT,0,0,0,1,0,1,0,0,0,0,1,48.6,48.6,1,0.0,0,0,0,0,0,0,0,0,0,0,0,1,0,0
1576-PFZIW,1,1,0,0,1,1,1,0,1,1,70,105.35,7511.9,3,1.9628571428571462,0,0,0,1,0,0,1,0,0,1,1,0,0,0
5666-MBJPT,0,0,0,1,0,0,0,0,0,0,65,25.1,1725.0,0,1.4384615384615387,0,0,0,1,0,1,0,1,0,1,0,0,0,0
7312-XSBAT,0,0,0,0,1,0,0,0,0,0,1,49.75,49.75,1,0.0,0,0,0,0,0,0,0,0,0,0,0,1,0,0
3096-GKWEB,0,1,0,1,0,0,0,0,1,1,18,94.75,1691.9,0,0.7555555555555458,0,1,0,0,0,1,1,0,0,0,0,1,0,0
2371-JQHZZ,0,1,0,1,0,0,0,0,1,1,24,93.0,2248.05,0,0.6687500000000028,0,1,0,0,0,1,1,0,0,0,0,1,0,0
0674-GCDXG,0,0,0,1,1,0,1,1,0,1,63,71.9,4479.2,3,0.8015873015873041,0,0,0,1,0,1,0,0,0,1,0,0,0,0
1121-QSIVB,0,0,1,1,0,1,0,0,1,1,44,77.55,3471.1,1,1.3386363636363683,0,0,1,0,0,1,0,0,1,0,0,0,1,0
4396-KLSEH,0,0,0,1,0,0,0,0,0,0,4,19.85,63.0,0,4.100000000000001,0,0,0,0,0,0,0,1,0,0,0,1,0,0
2824-MYYBN,0,1,1,1,0,0,0,0,1,1,37,95.25,3314.15,0,5.678378378378369,0,0,1,0,0,1,1,0,0,0,0,1,0,0
6345-HOVES,0,0,0,1,0,0,0,0,0,0,34,25.05,852.7,0,0.029411764705884025,0,0,1,0,1,0,0,0,0,0,0,0,0,0
8318-LCNBW,0,1,0,0,1,0,1,0,1,1,35,53.15,1930.9,2,2.018571428571434,0,0,1,0,1,0,0,0,1,0,1,0,0,0
6469-QJKZW,0,1,0,0,0,0,0,0,0,0,4,20.15,91.4,0,2.700000000000003,0,0,0,0,0,0,0,1,0,0,0,1,0,0
0147-ESWWR,1,1,0,1,0,0,0,1,1,1,39,101.25,3949.15,1,0.010256410256417325,0,0,1,0,0,1,1,0,0,0,0,1,0,0
1217-VASWC,1,1,0,1,0,1,1,0,1,1,43,100.55,4304.0,2,0.4569767441860506,0,0,1,0,0,0,1,0,1,0,0,0,0,0
6370-ZVHDV,0,1,0,0,0,0,0,0,0,0,61,25.3,1554.9,0,0.1901639344262307,0,0,0,1,0,1,0,1,0,1,0,0,0,0
5915-DGNVC,0,1,0,0,1,1,1,0,0,1,49,71.8,3472.05,3,0.9418367346938652,0,0,0,1,0,1,0,0,1,0,0,1,0,0
6260-XLACS,0,0,0,0,0,0,0,0,0,0,4,19.7,117.8,0,9.75,0,0,0,0,0,0,0,1,1,0,0,0,1,0
3566-CAAYU,0,1,1,0,0,1,1,1,0,1,64,49.85,3210.35,3,0.31171874999999716,0,0,0,1,1,0,0,0,0,1,0,1,0,0
4983-CCWMC,0,0,0,1,0,0,0,0,0,0,3,69.6,207.4,0,0.46666666666665435,0,0,0,0,0,0,1,0,0,0,0,0,1,0
9103-CXVOK,0,1,1,0,0,0,0,0,0,0,1,19.75,19.75,0,0.0,0,0,0,0,0,0,0,1,0,0,0,1,0,0
2896-TBNBE,0,1,0,0,0,1,1,0,0,0,40,80.8,3132.75,2,2.481250000000003,0,0,1,0,0,0,1,0,1,0,0,1,0,0
2522-WLNSF,1,1,0,0,0,0,1,1,1,0,34,64.2,2106.3,2,2.25,0,0,1,0,0,0,0,0,1,0,0,0,0,0
3841-CONLJ,0,1,0,0,0,0,0,0,0,1,1,35.0,35.0,0,0.0,0,0,0,0,1,0,0,0,0,0,0,1,0,0
4475-NVTLU,0,1,1,0,0,0,0,0,0,0,45,19.2,903.7,0,0.8822222222222251,0,0,1,0,0,0,0,1,0,1,0,1,0,0
9386-LDCZR,0,0,0,1,1,1,1,1,0,0,43,90.65,3882.3,4,0.36395348837208985,0,0,1,0,0,0,1,0,1,0,1,0,0,0
9585-KKMFD,0,1,1,1,0,0,0,0,0,0,41,20.0,879.8,0,1.4585365853658523,0,0,1,0,0,0,0,1,0,1,0,0,1,0
5399-ZIMKF,0,0,0,1,0,1,0,0,0,0,5,74.65,383.65,1,2.079999999999984,0,0,0,0,0,0,1,0,0,0,0,1,0,0
0336-KXKFK,0,0,0,1,1,0,1,1,1,1,72,61.2,4390.25,3,0.22430555555555998,0,0,0,1,1,0,0,0,0,1,1,0,0,0
5619-XZZKR,0,0,0,0,0,0,0,0,0,0,4,19.95,68.2,0,2.8999999999999986,0,0,0,0,0,0,0,1,1,0,0,0,1,0
3948-FVVRP,0,1,1,0,0,1,0,1,0,0,9,54.8,452.8,2,4.488888888888887,1,0,0,0,0,0,0,0,0,0,0,0,1,0
5327-XOKKY,1,1,0,1,0,0,1,0,1,1,72,73.45,5329.0,1,0.5638888888888829,0,0,0,1,0,1,0,0,0,1,1,0,0,0
0983-TATYJ,0,1,0,1,0,0,0,1,0,0,33,51.45,1758.9,1,1.8500000000000014,0,0,1,0,0,0,0,0,1,0,0,0,1,0
1813-JYWTO,0,1,0,0,1,0,0,0,0,0,72,80.45,5737.6,1,0.7611111111111057,0,0,0,1,0,1,1,0,0,1,0,0,0,0
6719-OXYBR,0,0,0,0,0,0,1,0,1,0,15,85.3,1219.85,1,3.9766666666666737,0,1,0,0,0,0,1,0,0,0,0,1,0,0
3312-ZWLGF,1,1,0,1,0,0,0,1,0,0,29,79.3,2414.55,1,3.960344827586212,0,0,1,0,0,1,1,0,0,0,0,1,0,0
6476-YHMGA,0,1,1,0,0,1,1,1,1,1,15,76.5,1155.6,3,0.539999999999992,0,1,0,0,0,0,0,0,0,0,0,0,0,0
0795-XCCTE,1,0,0,0,0,0,0,0,0,0,72,25.4,1809.35,0,0.27013888888888715,0,0,0,1,0,1,0,1,0,1,0,0,0,0
0168-XZKBB,0,1,0,1,0,0,0,0,1,0,19,86.85,1564.4,0,4.513157894736835,0,1,0,0,0,1,1,0,0,0,0,1,0,0
3785-NRHYR,0,0,0,0,0,0,0,0,0,0,1,19.65,19.65,0,0.0,0,0,0,0,0,0,0,1,0,0,0,0,1,0
4537-DKTAL,0,0,0,0,0,0,0,0,0,0,2,45.55,84.4,0,3.3499999999999943,0,0,0,0,0,0,0,0,0,0,0,1,0,0
7072-MBHEV,1,1,1,1,0,0,1,0,0,0,11,78.1,864.85,1,0.5227272727272805,1,0,0,0,0,1,1,0,0,0,1,0,0,0
5602-BVFMK,0,0,0,0,0,0,0,0,0,0,12,19.3,228.75,0,0.2375000000000007,1,0,0,0,0,0,0,1,1,0,0,0,1,0
6297-NOOPG,0,1,0,1,0,1,1,1,1,1,70,110.5,7752.05,3,0.24357142857142833,0,0,0,1,0,1,1,0,0,1,0,1,0,0
8204-TIFGJ,0,0,0,1,0,0,0,0,0,0,23,20.3,470.6,0,0.16086956521739282,0,1,0,0,0,0,0,1,0,0,0,0,0,0
8050-DVOJX,1,0,0,0,1,1,1,1,0,1,49,81.35,4060.9,4,1.525510204081641,0,0,0,1,0,1,0,0,0,1,1,0,0,0
8903-XEBGX,0,0,1,1,0,0,0,0,0,1,2,55.3,108.65,0,0.9749999999999943,0,0,0,0,0,0,0,0,0,0,0,1,0,0
8169-SAEJD,1,1,0,0,1,1,0,0,1,1,69,56.55,3952.65,2,0.734782608695653,0,0,0,1,1,0,0,0,0,1,1,0,0,0
1089-XZWHH,0,1,1,1,0,0,0,0,0,0,24,19.7,494.05,0,0.8854166666666679,0,1,0,0,0,0,0,1,0,1,0,0,1,0
2325-WINES,0,0,0,1,0,1,1,0,1,1,32,104.05,3416.85,2,2.7265625,0,0,1,0,0,1,1,0,1,0,1,0,0,0
6064-ZATLR,0,0,0,0,1,1,0,0,0,0,27,52.85,1498.65,2,2.6555555555555586,0,0,1,0,0,0,0,0,0,1,0,0,0,0
7824-PANSQ,0,0,0,0,0,0,0,1,0,0,58,80.65,4807.35,1,2.2353448275862036,0,0,0,1,0,1,1,0,0,0,0,0,0,0
9648-BCHKM,0,1,1,1,0,0,0,0,0,0,18,24.65,471.35,0,1.536111111111115,0,1,0,0,0,1,0,1,0,1,1,0,0,0
2888-ADFAO,0,1,1,1,0,0,0,0,0,0,47,21.3,1041.8,0,0.8659574468085083,0,0,1,0,0,0,0,1,0,1,0,0,0,0
8707-HOEDG,0,1,1,1,0,1,1,1,1,1,70,110.2,7689.8,3,0.34571428571427987,0,0,0,1,0,1,1,0,0,1,0,1,0,0
4072-IPYLT,0,1,1,0,1,0,0,0,0,0,36,51.05,1815.0,1,0.6333333333333329,0,0,1,0,0,0,0,0,0,0,1,0,0,0
7167-PCEYD,0,0,0,1,0,0,0,0,0,0,67,19.8,1311.3,0,0.22835820895522474,0,0,0,1,0,0,0,1,0,1,0,0,1,0
4936-YPJNK,0,0,0,1,0,0,0,0,0,0,10,19.9,199.45,0,0.045000000000001705,1,0,0,0,0,0,0,1,0,0,0,0,1,0
1580-BMCMR,1,0,0,1,1,0,0,0,0,1,19,87.3,1637.3,1,1.1263157894736793,0,1,0,0,0,0,1,0,0,0,0,1,0,0
4817-KEQSP,0,1,1,0,0,0,0,0,0,0,71,19.85,1326.35,0,1.1690140845070438,0,0,0,1,0,0,0,1,0,1,0,0,0,0
6408-WHTEF,0,1,1,1,1,1,1,1,1,1,72,89.4,6376.55,4,0.8368055555555571,0,0,0,1,0,1,0,0,0,1,0,0,1,0
9251-AWQGT,0,1,1,0,0,0,0,0,0,0,48,20.0,935.9,0,0.502083333333335,0,0,1,0,0,0,0,1,0,1,0,0,1,0
8749-CLJXC,0,0,0,0,0,0,0,0,0,0,1,20.05,20.05,0,0.0,0,0,0,0,0,0,0,1,0,0,0,0,1,0
7989-VCQOH,0,1,1,0,1,0,1,1,1,1,18,83.25,1611.15,3,6.25833333333334,0,1,0,0,0,0,0,0,0,0,0,1,0,0
4199-QHJNM,1,1,0,0,0,1,0,1,1,1,67,102.9,6989.7,2,1.4238805970149144,0,0,0,1,0,1,1,0,0,1,0,0,0,0
8882-TLVRW,0,1,1,0,1,0,1,1,0,0,69,39.1,2779.5,3,1.1826086956521706,0,0,0,1,1,0,0,0,0,1,0,0,1,0
5135-GRQJV,1,1,0,1,1,1,1,1,1,1,72,114.5,8331.95,4,1.2215277777777942,0,0,0,1,0,1,1,0,0,1,0,0,1,0
2384-OVPSA,1,0,0,0,0,0,0,0,0,0,38,20.2,735.9,0,0.8342105263157897,0,0,1,0,0,0,0,1,0,1,0,0,1,0
1371-WEPDS,1,1,0,0,0,0,0,0,0,1,40,55.8,2283.3,0,1.282500000000006,0,0,1,0,0,0,0,0,1,0,0,1,0,0
3580-GICBM,0,1,1,1,0,0,0,0,0,0,61,24.2,1445.2,0,0.5081967213114744,0,0,0,1,0,1,0,1,0,1,0,0,1,0
9730-DRTMJ,0,1,0,1,1,0,0,1,1,0,32,72.8,2333.05,2,0.10781250000000853,0,0,1,0,0,1,0,0,1,0,1,0,0,0
4686-UXDML,0,0,0,1,0,1,0,0,1,1,21,99.85,1992.55,1,4.966666666666669,0,1,0,0,0,1,1,0,0,0,1,0,0,0
3349-ANQNH,1,0,0,1,0,0,1,0,1,1,59,99.5,5890.0,1,0.33050847457627697,0,0,0,1,0,1,1,0,1,0,0,1,0,0
0932-YIXYU,0,0,0,0,0,0,0,0,0,0,47,20.25,1029.8,0,1.6606382978723389,0,0,1,0,0,0,0,1,0,1,1,0,0,0
7480-SPLEF,0,1,1,1,0,0,0,0,0,0,69,26.0,1796.55,0,0.036956521739128334,0,0,0,1,0,1,0,1,0,1,0,0,0,0
7636-XUHWW,0,0,0,1,0,0,0,0,0,0,2,19.9,33.7,0,3.049999999999997,0,0,0,0,0,0,0,1,0,0,1,0,0,0
1431-CYWMH,0,1,1,0,0,0,0,0,0,0,22,19.05,454.05,0,1.5886363636363647,0,1,0,0,0,0,0,1,0,0,0,0,0,0
5937-EORGB,1,1,0,1,1,0,1,0,1,0,15,96.5,1392.25,2,3.683333333333337,0,1,0,0,0,1,1,0,0,0,0,1,0,0
6349-JDHQP,0,0,0,0,0,0,0,0,0,0,53,19.85,1049.6,0,0.04622641509434189,0,0,0,1,0,0,0,1,0,1,1,0,0,0
5539-HIVAK,1,1,0,0,0,0,0,0,0,0,28,25.7,734.6,0,0.5357142857142883,0,0,1,0,0,1,0,1,0,0,0,0,1,0
5847-MXBEO,0,0,0,0,0,0,0,0,0,0,22,20.3,475.1,0,1.2954545454545467,0,1,0,0,0,0,0,1,1,0,0,0,1,0
4583-PARNH,1,1,0,1,0,0,1,1,0,1,16,91.55,1540.05,2,4.703125,0,1,0,0,0,0,1,0,0,0,0,1,0,0
1116-FRYVH,0,1,1,0,1,1,0,1,0,0,48,39.4,1978.65,3,1.8218750000000057,0,0,1,0,1,0,0,0,0,1,0,0,1,0
1421-HCERK,1,1,0,1,1,1,1,1,1,0,30,105.7,3181.8,4,0.35999999999999943,0,0,1,0,0,1,1,0,0,0,0,0,0,0
9633-XQABV,0,0,0,1,0,0,0,0,0,0,3,70.25,229.7,0,6.316666666666663,0,0,0,0,0,0,1,0,0,0,0,1,0,0
0716-BQNDX,1,0,0,0,1,0,0,1,0,1,57,93.75,5625.55,2,4.943859649122814,0,0,0,1,0,1,1,0,0,1,0,1,0,0
1183-CANVH,0,1,0,0,0,0,0,1,1,0,23,60.0,1347.15,1,1.4282608695652144,0,1,0,0,0,0,0,0,1,0,0,0,0,0
1972-XMUWV,0,1,0,1,0,0,0,1,1,0,65,59.8,3808.2,1,1.2123076923076894,0,0,0,1,0,0,0,0,0,1,1,0,0,0
8679-LZBMD,0,1,0,1,0,0,0,0,1,1,44,90.65,3974.15,0,0.32840909090909065,0,0,1,0,0,0,1,0,1,0,0,0,0,0
3407-JMJQQ,0,1,1,1,1,1,1,0,1,1,71,109.0,7661.8,3,1.0873239436619713,0,0,0,1,0,1,1,0,0,1,0,0,0,0
6252-DFGTK,0,1,0,0,1,0,1,1,0,0,37,68.1,2479.25,3,1.0932432432432364,0,0,1,0,0,1,0,0,1,0,1,0,0,0
1539-LNKHM,0,0,0,0,0,0,0,0,0,0,12,20.4,266.6,0,1.81666666666667,1,0,0,0,0,0,0,1,0,0,0,0,1,0
8645-KOMJQ,0,1,1,1,0,1,1,1,1,1,69,81.95,5601.4,3,0.7702898550724768,0,0,0,1,0,1,0,0,0,1,0,0,0,0
0289-IVARM,0,0,0,0,1,1,1,0,0,0,35,60.55,1982.6,3,3.904285714285713,0,0,1,0,0,0,0,0,0,0,0,1,0,0
9761-XUJWD,0,0,0,1,0,1,0,1,0,1,5,65.6,339.9,2,2.3799999999999955,0,0,0,0,0,0,0,0,0,0,0,0,0,0
4057-FKCZK,0,1,1,0,0,0,0,0,1,0,58,82.5,4828.05,0,0.7422413793103431,0,0,0,1,0,1,1,0,0,1,0,0,0,0
4291-TPNFG,0,1,0,1,1,1,1,1,0,1,72,82.3,5980.55,4,0.7631944444444514,0,0,0,1,0,1,0,0,0,1,0,0,0,0
6087-YPWHO,0,1,0,0,1,1,1,1,0,0,72,68.15,4808.7,4,1.3625000000000114,0,0,0,1,0,1,0,0,0,1,0,0,1,0
3090-QFUVD,0,0,0,0,0,0,0,0,0,0,1,20.3,20.3,0,0.0,0,0,0,0,0,0,0,1,0,0,1,0,0,0
1722-LDZJS,0,1,1,0,0,0,0,0,0,0,53,20.2,1068.15,0,0.046226415094338336,0,0,0,1,0,0,0,1,1,0,1,0,0,0
1818-ESQMW,0,0,0,1,0,0,1,1,0,1,27,89.2,2383.6,2,0.9185185185185247,0,0,1,0,0,0,1,0,0,0,0,1,0,0
7401-RUBNK,0,1,0,0,1,0,0,0,0,0,18,74.8,1438.05,1,5.091666666666669,0,1,0,0,0,0,1,0,0,0,0,1,0,0
0506-YLVKJ,0,1,1,1,0,0,0,0,0,0,46,20.2,917.45,0,0.25543478260869534,0,0,1,0,0,0,0,1,0,1,0,0,1,0
8661-BOYNW,0,1,0,1,1,0,1,1,1,1,72,84.4,6096.45,3,0.27291666666666003,0,0,0,1,0,1,0,0,0,1,1,0,0,0
4815-GBTCD,0,1,0,1,0,0,0,0,0,0,4,25.15,99.95,0,0.16249999999999787,0,0,0,0,1,0,0,0,0,0,0,1,0,0
2805-AUFQN,0,0,0,0,0,0,0,0,0,0,25,19.8,475.2,0,0.7920000000000016,0,0,1,0,0,0,0,1,0,1,1,0,0,0
0980-PVMRC,0,1,1,1,0,1,0,0,1,1,40,50.85,2036.55,1,0.06374999999999886,0,0,1,0,1,0,0,0,0,0,0,1,0,0
7233-DRTRF,0,1,0,1,0,1,1,0,1,1,63,102.4,6444.05,2,0.11349206349206042,0,0,0,1,0,1,1,0,0,0,0,1,0,0
3873-NFTGI,0,0,0,1,0,1,0,0,0,0,14,55.5,767.55,1,0.6750000000000043,0,1,0,0,0,1,0,0,0,0,1,0,0,0
1162-ECVII,1,1,0,1,0,1,1,1,1,1,72,109.75,7932.5,3,0.42361111111111427,0,0,0,1,0,1,1,0,0,1,0,0,0,0
7048-GXDAY,0,0,0,1,1,1,0,0,1,1,39,106.4,4040.65,2,2.7935897435897488,0,0,1,0,0,1,1,0,0,0,0,1,0,0
8571-ZCMCX,0,1,1,1,1,1,1,0,1,1,47,60.0,2768.65,3,1.0925531914893583,0,0,1,0,1,0,0,0,0,1,1,0,0,0
1169-WCVAK,0,1,0,1,1,1,0,1,0,0,19,88.8,1672.35,3,0.7815789473684163,0,1,0,0,0,1,1,0,0,0,1,0,0,0
7129-CAKJW,0,0,0,0,0,0,1,0,0,0,17,80.05,1345.65,1,0.8941176470588204,0,1,0,0,0,1,1,0,0,0,0,0,0,0
8695-ARGXZ,1,1,0,1,0,0,0,0,0,0,34,75.55,2425.4,0,4.214705882352931,0,0,1,0,0,1,1,0,0,0,0,1,0,0
3570-YUEKJ,0,0,0,1,0,1,0,0,0,0,42,49.55,2077.95,1,0.07500000000000284,0,0,1,0,0,0,0,0,0,0,0,1,0,0
1555-HAPSU,0,1,1,0,0,0,0,0,0,0,71,23.9,1663.5,0,0.47042253521126653,0,0,0,1,0,1,0,1,0,1,1,0,0,0
1697-NVVGY,1,1,0,0,1,0,1,0,1,0,19,66.4,1286.05,2,1.2868421052631476,0,1,0,0,0,0,0,0,0,0,0,0,0,0
8464-EETCQ,0,0,0,0,0,0,0,0,0,0,57,18.8,1094.35,0,0.399122807017541,0,0,0,1,0,0,0,1,0,1,1,0,0,0
2419-FSORS,0,1,0,1,0,1,1,1,1,1,72,108.4,7719.5,3,1.1847222222222342,0,0,0,1,0,1,1,0,0,1,0,1,0,0
8132-YPVBX,0,0,0,1,0,1,0,0,0,1,6,85.95,514.6,1,0.18333333333333712,0,0,0,0,0,0,1,0,0,0,0,0,1,0
6754-LZUKA,0,1,0,0,0,1,1,0,1,1,61,80.9,4932.5,2,0.03934426229508858,0,0,0,1,0,1,0,0,0,1,0,0,0,0
8099-MZPUJ,0,1,1,0,1,1,1,1,1,1,48,111.8,5443.65,4,1.609375,0,0,1,0,0,1,1,0,0,1,1,0,0,0
0787-LHDYT,0,0,0,1,0,0,0,0,0,0,16,20.6,330.25,0,0.04062499999999858,0,1,0,0,0,0,0,1,0,0,1,0,0,0
0374-IOEGQ,0,0,0,0,0,0,0,0,0,0,3,44.6,122.7,0,3.700000000000003,0,0,0,0,0,0,0,0,0,0,0,1,0,0
3197-NNYNB,0,0,0,0,0,1,1,0,1,1,65,105.1,6631.85,2,3.0715384615384522,0,0,0,1,0,1,1,0,0,1,1,0,0,0
3396-DKDEL,0,1,1,1,1,1,1,1,1,1,70,115.15,8250.0,4,2.7071428571428555,0,0,0,1,0,1,1,0,0,1,1,0,0,0
1752-OZXFY,0,1,0,1,1,0,0,0,1,0,60,59.8,3561.15,1,0.447499999999998,0,0,0,1,0,0,0,0,1,0,0,0,1,0
9066-QRSDU,0,1,0,1,0,0,0,0,0,0,69,26.3,1763.55,0,0.7413043478260875,0,0,0,1,0,1,0,1,1,0,0,1,0,0
9112-WSNPU,1,0,0,0,0,0,0,0,0,0,35,70.55,2419.0,0,1.4357142857142833,0,0,1,0,0,0,1,0,0,0,0,1,0,0
9867-NNXLC,0,0,0,1,0,0,0,0,0,0,22,20.05,470.2,0,1.3227272727272705,0,1,0,0,0,0,0,1,0,0,0,0,1,0
5321-NTRKC,0,1,1,0,0,1,1,0,1,1,66,79.85,5234.95,2,0.5325757575757564,0,0,0,1,0,1,0,0,0,1,0,0,0,0
3161-GETRM,0,1,1,1,0,0,1,0,0,1,34,90.05,3097.0,1,1.038235294117655,0,0,1,0,0,1,1,0,0,0,1,0,0,0
0402-OAMEN,0,1,1,0,0,0,0,0,0,0,72,24.45,1709.1,0,0.7125000000000021,0,0,0,1,0,1,0,1,0,1,0,0,0,0
6933-VLYFX,0,1,1,0,1,0,1,1,1,1,31,59.95,1848.8,3,0.31129032258064626,0,0,1,0,1,0,0,0,1,0,0,1,0,0
6754-WKSHP,0,0,1,0,0,0,0,0,0,0,30,25.35,723.3,0,1.240000000000002,0,0,1,0,0,1,0,1,1,0,0,0,0,0
4976-LNFVV,1,1,0,1,0,1,1,0,0,0,19,34.3,577.15,2,3.9236842105263143,0,1,0,0,1,0,0,0,0,0,1,0,0,0
5055-MGMGF,0,1,0,1,1,0,1,0,1,1,65,105.05,6914.95,2,1.333846153846153,0,0,0,1,0,1,1,0,0,0,0,1,0,0
4641-FROLU,0,1,1,0,0,0,0,0,0,0,30,19.3,602.9,0,0.7966666666666669,0,0,1,0,0,0,0,1,0,1,0,0,1,0
2862-JVEOY,0,0,0,0,0,0,0,0,0,0,6,19.15,124.4,0,1.5833333333333357,0,0,0,0,0,0,0,1,1,0,0,0,1,0
2969-QWUBZ,0,0,0,0,0,1,0,0,1,1,2,51.4,96.8,1,3.0,0,0,0,0,1,0,0,0,0,0,0,1,0,0
9822-BIIGN,0,1,1,0,1,0,0,1,0,1,53,71.85,3827.9,2,0.374528301886798,0,0,0,1,0,1,0,0,0,0,0,1,0,0
2077-MPJQO,1,1,0,1,0,0,0,0,0,0,7,75.4,533.05,0,0.7499999999999858,1,0,0,0,0,1,1,0,0,0,0,1,0,0
1534-OULXE,0,1,1,1,1,0,0,0,0,0,61,49.7,2961.4,1,1.1524590163934434,0,0,0,1,0,0,0,0,1,0,0,0,0,0
2971-SGAFL,0,0,0,1,1,0,1,0,1,1,13,78.75,995.35,2,2.184615384615384,0,1,0,0,0,1,0,0,0,0,0,1,0,0
1480-IVEVR,1,1,0,1,0,0,1,0,0,0,35,81.6,2815.25,1,1.164285714285711,0,0,1,0,0,1,1,0,1,0,0,0,0,0
2905-KFQUV,0,1,0,1,0,0,0,0,0,0,2,70.4,154.8,0,7.0,0,0,0,0,0,0,1,0,0,0,1,0,0,0
3370-HXOPH,0,0,0,0,0,0,0,0,0,0,3,76.1,257.6,0,9.76666666666668,0,0,0,0,0,1,1,0,0,0,0,1,0,0
9391-YZEJW,0,0,0,1,0,0,0,0,1,1,62,94.0,5757.2,0,1.1419354838709666,0,0,0,1,0,1,1,0,1,0,0,0,0,0
9958-MEKUC,0,1,1,0,1,1,1,1,0,1,72,103.95,7517.7,4,0.4624999999999915,0,0,0,1,0,1,1,0,0,1,1,0,0,0
0281-CNTZX,0,1,0,1,0,0,0,0,0,0,63,19.95,1234.8,0,0.3500000000000014,0,0,0,1,0,0,0,1,0,1,0,0,0,0
4118-CEVPF,1,0,0,1,1,1,1,1,1,1,35,110.8,3836.3,4,1.1914285714285597,0,0,1,0,0,1,1,0,1,0,0,0,0,0
9114-VEPUF,0,1,0,0,1,1,0,0,0,1,62,96.1,6001.45,2,0.6975806451612954,0,0,0,1,0,1,1,0,1,0,0,1,0,0
7876-BEUTG,0,0,0,1,0,0,0,0,0,0,15,48.8,720.1,0,0.7933333333333294,0,1,0,0,0,1,0,0,0,0,0,0,1,0
2338-BQEZT,0,0,0,1,1,0,0,0,0,0,55,50.55,2832.75,1,0.9545454545454604,0,0,0,1,0,0,0,0,0,0,1,0,0,0
9873-MNDKV,0,0,0,1,0,0,0,0,0,0,11,44.65,472.25,0,1.7181818181818187,1,0,0,0,0,0,0,0,0,0,0,0,1,0
8241-JUIQO,0,0,0,0,0,0,0,0,0,0,61,19.45,1336.35,0,2.4573770491803266,0,0,0,1,0,0,0,1,1,0,0,0,0,0
2194-IIQOF,0,1,0,0,1,1,1,1,1,1,71,89.3,6388.65,4,0.6809859154929541,0,0,0,1,0,1,0,0,0,1,1,0,0,0
9631-RXVJM,0,0,0,0,0,0,0,0,0,0,35,19.25,677.9,0,0.11857142857142833,0,0,1,0,0,0,0,1,0,1,0,0,1,0
9584-EXCDZ,0,0,0,0,0,0,0,0,0,0,17,70.5,1165.6,0,1.9352941176470608,0,1,0,0,0,0,1,0,0,0,0,0,0,0
5093-FEGLU,0,1,0,0,0,0,0,0,0,0,47,19.65,921.55,0,0.0425531914893611,0,0,1,0,0,0,0,1,0,1,0,0,0,0
2621-UDNLU,0,1,0,0,0,0,0,0,0,0,3,20.85,72.0,0,3.1499999999999986,0,0,0,0,0,0,0,1,0,0,0,0,1,0
7526-IVLYU,0,0,0,1,0,0,0,0,0,0,3,19.65,68.35,0,3.133333333333333,0,0,0,0,0,0,0,1,0,0,0,0,1,0
2428-HYUNX,1,1,0,1,0,0,0,0,0,0,44,19.35,847.25,0,0.09431818181818485,0,0,1,0,0,0,0,1,0,1,1,0,0,0
9214-EKVXR,0,0,0,1,0,0,0,0,0,0,1,44.0,44.0,0,0.0,0,0,0,0,0,0,0,0,0,0,0,0,1,0
3410-MHHUM,0,1,1,0,0,1,1,0,0,1,44,94.4,4295.35,2,3.2215909090909065,0,0,1,0,0,1,1,0,1,0,0,1,0,0
2122-YWVYA,0,0,0,1,1,0,0,0,0,0,18,75.4,1380.4,1,1.2888888888888914,0,1,0,0,0,0,1,0,0,0,0,1,0,0
2296-DKZFP,0,1,0,0,1,1,1,0,0,1,65,71.0,4386.2,3,3.519999999999996,0,0,0,1,0,0,0,0,0,1,0,0,0,0
8909-BOLNL,0,0,0,0,0,0,0,0,0,0,3,21.2,52.05,0,3.8500000000000014,0,0,0,0,0,0,0,1,1,0,0,0,1,0
6603-YRDCJ,0,1,0,1,1,1,0,1,0,0,33,61.05,2018.4,3,0.11363636363636687,0,0,1,0,0,0,0,0,0,1,0,0,1,0
3229-USWAR,0,0,0,1,1,0,1,1,1,1,34,79.95,2727.3,3,0.264705882352942,0,0,1,0,0,0,0,0,1,0,0,0,0,0
2138-VFAPZ,0,1,1,1,0,0,0,0,0,0,14,19.7,263.65,0,0.8678571428571438,0,1,0,0,0,0,0,1,0,1,0,0,1,0
6131-JLWZM,0,0,0,1,0,0,0,0,0,0,13,20.3,275.4,0,0.8846153846153832,0,1,0,0,0,0,0,1,0,0,0,0,1,0
0269-XFESX,0,1,1,0,0,0,0,0,0,0,23,24.35,538.5,0,0.9369565217391305,0,1,0,0,0,1,0,1,1,0,0,0,1,0
1709-EJDOX,0,1,1,0,0,0,0,0,0,0,47,19.75,948.9,0,0.439361702127659,0,0,1,0,0,0,0,1,0,1,0,0,1,0
4316-XCSLJ,0,0,1,1,1,0,0,0,0,0,17,50.3,846.8,1,0.48823529411764355,0,1,0,0,0,0,0,0,0,0,0,0,1,0
9693-XMUOB,1,1,0,1,0,1,0,0,1,1,59,50.25,2997.45,1,0.5542372881355888,0,0,0,1,1,0,0,0,0,0,0,1,0,0
0383-CLDDA,0,0,0,1,1,0,1,1,1,1,69,85.35,5897.4,3,0.11956521739131176,0,0,0,1,0,1,0,0,0,1,1,0,0,0
2709-UQGNP,0,0,0,1,1,0,0,0,0,0,10,51.65,524.5,1,0.8000000000000043,1,0,0,0,0,0,0,0,0,0,0,0,1,0
3549-ZTMNH,0,1,1,1,0,0,0,0,0,0,12,24.0,269.65,0,1.5291666666666686,1,0,0,0,0,1,0,1,0,1,0,0,0,0
8033-ATFAS,0,1,1,1,0,0,1,0,1,0,39,59.85,2341.5,1,0.18846153846153868,0,0,1,0,0,0,0,0,0,0,0,0,1,0
1635-NZATJ,1,1,0,0,0,0,0,0,0,0,71,25.45,1789.65,0,0.24366197183098492,0,0,0,1,0,1,0,1,0,1,1,0,0,0
0562-HKHML,0,1,1,0,0,0,0,0,0,0,71,23.9,1626.4,0,0.9929577464788721,0,0,0,1,0,1,0,1,0,1,1,0,0,0
8277-RVRSV,0,1,1,0,0,0,0,0,0,0,33,24.15,800.3,0,0.10151515151515156,0,0,1,0,0,1,0,1,1,0,1,0,0,0
9943-VSZUV,1,0,0,1,0,0,0,0,0,0,67,75.7,5060.85,0,0.16492537313432365,0,0,0,1,0,1,1,0,0,0,0,0,1,0
7054-ENNGU,0,1,0,0,0,1,0,0,0,0,9,50.85,466.6,1,0.9944444444444471,1,0,0,0,0,0,0,0,0,0,0,0,1,0
1455-HFBXA,0,1,0,1,1,0,1,1,0,0,52,91.6,4627.8,3,2.603846153846149,0,0,0,1,0,1,1,0,0,1,1,0,0,0
9402-CXWPL,0,0,0,0,0,1,0,0,1,1,70,98.9,6838.6,1,1.2057142857142793,0,0,0,1,0,1,1,0,1,0,0,1,0,0
1628-BIZYP,0,0,0,1,0,1,0,0,0,1,1,85.0,85.0,1,0.0,0,0,0,0,0,0,1,0,0,0,0,1,0,0
0082-LDZUE,0,0,0,1,0,0,0,0,0,0,1,44.3,44.3,0,0.0,0,0,0,0,0,0,0,0,0,0,0,0,1,0
5343-SGUBI,0,0,0,1,0,1,0,0,0,0,52,80.2,4297.6,1,2.446153846153848,0,0,0,1,0,1,1,0,1,0,0,0,1,0
0856-NAOES,0,0,0,0,0,0,1,0,1,0,6,60.9,414.1,1,8.116666666666667,0,0,0,0,0,0,0,0,0,0,0,0,1,0
1976-AZZPJ,0,1,0,0,1,1,0,0,0,0,7,34.2,256.6,2,2.4571428571428555,1,0,0,0,1,0,0,0,0,0,0,0,1,0
6156-UZDLF,0,0,0,1,1,0,1,1,0,0,26,87.15,2274.1,3,0.31538461538460183,0,0,1,0,0,0,1,0,1,0,1,0,0,0
3099-OONVS,0,1,1,0,1,0,0,1,0,0,25,54.3,1296.8,2,2.4279999999999973,0,0,1,0,0,0,0,0,0,0,0,1,0,0
9500-WBGRP,0,0,0,1,0,0,0,0,0,0,69,19.1,1268.85,0,0.7108695652173935,0,0,0,1,0,0,0,1,0,1,0,0,1,0
5183-KLYEM,0,0,0,1,1,1,1,1,1,1,72,112.75,8192.6,4,1.0361111111111114,0,0,0,1,0,1,1,0,0,1,1,0,0,0
5144-PQCDZ,0,0,0,1,0,0,0,0,0,0,4,19.95,59.25,0,5.137499999999999,0,0,0,0,0,0,0,1,0,0,0,0,1,0
8514-VZHEB,0,1,1,0,0,0,0,0,0,0,59,19.5,1147.85,0,0.04491525423728859,0,0,0,1,0,0,0,1,0,1,0,0,1,0
6625-IUTTT,0,0,0,0,1,0,1,0,0,1,67,65.55,4361.55,2,0.4522388059701399,0,0,0,1,0,0,0,0,0,1,0,0,0,0
9355-NPPFS,1,0,0,1,0,0,0,0,0,1,26,78.8,2006.1,0,1.6423076923076962,0,0,1,0,0,0,1,0,0,0,0,1,0,0
0068-FIGTF,0,0,0,0,0,1,1,1,1,1,27,78.2,2078.95,3,1.2018518518518562,0,0,1,0,0,0,0,0,1,0,0,0,1,0
5965-GGPRW,0,1,1,0,1,0,1,0,1,1,72,105.25,7609.75,2,0.44097222222222854,0,0,0,1,0,1,1,0,0,1,0,0,0,0
8035-PWSEV,0,0,0,1,0,0,1,1,0,1,6,89.25,487.05,2,8.075000000000003,0,0,0,0,0,0,1,0,0,0,0,1,0,0
2236-HILPA,0,1,1,0,0,0,0,0,0,0,62,20.65,1218.45,0,0.997580645161289,0,0,0,1,0,0,0,1,0,1,1,0,0,0
1840-BIUOG,0,0,0,1,0,1,0,1,1,0,20,68.7,1416.2,2,2.1099999999999994,0,1,0,0,0,1,0,0,1,0,0,1,0,0
1356-MKYSK,0,0,0,0,1,0,1,1,1,1,6,78.65,483.3,3,1.8999999999999915,0,0,0,0,0,0,0,0,0,0,1,0,0,0
6080-LNESI,0,0,0,0,0,0,0,0,0,0,51,24.75,1234.6,0,0.5421568627450988,0,0,0,1,0,1,0,1,0,1,0,0,1,0
1830-IPXVJ,0,1,1,0,0,0,0,0,0,0,61,19.75,1311.6,0,1.7516393442622942,0,0,0,1,0,0,0,1,0,1,1,0,0,0
5828-DWPIL,1,1,0,1,1,1,1,0,0,0,62,89.1,5618.3,3,1.5177419354838833,0,0,0,1,0,1,1,0,0,0,0,1,0,0
8398-TBIYD,0,0,0,1,1,0,0,1,0,0,72,84.7,6185.15,2,1.2048611111111,0,0,0,1,0,1,1,0,0,1,0,0,0,0
2931-FSOHN,1,0,0,1,0,1,0,0,1,0,13,59.9,788.35,1,0.7423076923076977,0,1,0,0,0,0,0,0,0,0,0,1,0,0
9418-RUKPH,0,1,1,1,0,0,0,0,0,0,38,19.95,756.4,0,0.0447368421052623,0,0,1,0,0,0,0,1,0,1,0,0,1,0
9971-ZWPBF,1,1,1,1,0,1,1,1,1,1,34,108.9,3625.2,3,2.2764705882352985,0,0,1,0,0,1,1,0,0,0,0,1,0,0
4712-AUQZO,0,0,0,0,1,0,1,0,0,0,18,33.6,550.35,2,3.0249999999999986,0,1,0,0,1,0,0,0,0,0,0,0,1,0
9711-FJTBX,0,1,1,1,0,1,1,1,0,0,56,85.85,4793.8,3,0.24642857142856656,0,0,0,1,0,0,1,0,1,0,0,0,1,0
2908-ZTPNF,0,0,0,1,0,1,0,1,0,0,36,34.85,1267.2,2,0.3500000000000014,0,0,1,0,1,0,0,0,0,0,0,0,0,0
8421-WZOOW,1,1,1,1,0,1,1,1,1,0,57,95.3,5567.45,3,2.3745614035087783,0,0,0,1,0,0,1,0,0,0,1,0,0,0
1414-YADCW,0,1,0,0,1,1,0,1,0,0,70,84.6,5706.2,3,3.0828571428571365,0,0,0,1,0,0,1,0,0,1,0,0,0,0
8756-RDDLT,0,0,0,0,0,1,0,1,0,1,68,44.95,3085.35,2,0.422794117647058,0,0,0,1,1,0,0,0,0,0,0,1,0,0
2862-PFNIK,0,0,1,1,0,0,0,0,0,0,1,24.7,24.7,0,0.0,0,0,0,0,1,0,0,0,0,0,0,1,0,0
5816-QVHRX,0,0,0,0,0,0,0,1,1,1,37,100.3,3541.4,1,4.5864864864864785,0,0,1,0,0,1,1,0,0,0,1,0,0,0
4430-YHXGG,0,0,1,1,0,0,0,0,0,0,4,25.45,84.2,0,4.399999999999999,0,0,0,0,0,1,0,1,0,0,0,0,1,0
6888-SBYAI,0,0,0,1,1,0,0,0,0,0,1,50.7,50.7,1,0.0,0,0,0,0,0,0,0,0,0,0,0,0,1,0
7395-XWZOY,0,0,0,1,1,1,1,1,1,0,20,55.0,1165.55,4,3.2774999999999963,0,1,0,0,1,0,0,0,0,0,1,0,0,0
7169-YWAMK,0,1,1,0,1,1,0,1,1,0,72,68.4,4855.35,3,0.9645833333333371,0,0,0,1,0,0,0,0,0,1,0,0,0,0
6859-RKMZJ,0,1,0,1,0,0,0,0,1,0,11,55.05,608.15,0,0.23636363636363455,1,0,0,0,0,0,0,0,0,0,0,0,0,0
2729-VNVAP,0,1,1,0,0,0,0,0,0,0,33,19.8,641.35,0,0.36515151515151345,0,0,1,0,0,0,0,1,0,1,1,0,0,0
2957-JIRMN,1,0,0,0,0,0,0,0,1,0,62,84.45,4959.15,0,4.463709677419359,0,0,0,1,0,1,1,0,1,0,0,1,0,0
2049-BAFNW,0,0,0,0,0,0,1,1,0,0,1,35.9,35.9,2,0.0,0,0,0,0,1,0,0,0,0,0,0,0,1,0
3842-QTGDL,0,1,0,0,1,1,0,0,0,0,16,80.75,1321.3,2,1.8312499999999972,0,1,0,0,0,0,1,0,0,0,0,0,0,0
7163-OCEQI,0,1,1,1,0,0,1,1,1,1,22,78.65,1663.75,2,3.0250000000000057,0,1,0,0,0,1,0,0,1,0,0,0,1,0
9782-LGXMC,0,1,1,0,1,0,1,1,0,0,49,61.75,3024.15,3,0.032653061224486635,0,0,0,1,0,0,0,0,0,0,0,0,0,0
5975-BAICR,0,1,1,1,1,0,1,0,0,1,36,63.7,2188.5,2,2.9083333333333385,0,0,1,0,0,0,0,0,1,0,1,0,0,0
4673-KKSLS,0,0,0,0,1,0,1,1,0,0,31,87.6,2724.25,3,0.27903225806451815,0,0,1,0,0,0,1,0,0,0,0,1,0,0
4853-OITSN,0,1,0,1,1,0,0,0,0,1,5,89.15,413.25,1,6.5,0,0,0,0,0,1,1,0,0,0,0,1,0,0
9800-OUIGR,0,1,1,0,0,0,0,0,0,0,66,20.0,1374.2,0,0.8212121212121204,0,0,0,1,0,0,0,1,0,1,1,0,0,0
2324-EFHVG,0,0,0,1,0,1,1,0,1,1,64,104.4,6692.65,2,0.17265624999998863,0,0,0,1,0,1,1,0,0,1,0,0,0,0
7094-MSZAO,0,1,1,1,0,0,0,0,0,0,10,20.05,218.5,0,1.8000000000000007,1,0,0,0,0,0,0,1,0,0,1,0,0,0
6907-CQGPN,0,0,0,0,0,1,0,1,0,0,29,34.3,1004.75,2,0.34655172413793167,0,0,1,0,1,0,0,0,0,0,0,1,0,0
0780-XNZFN,0,0,0,0,0,0,0,0,0,0,57,20.65,1125.6,0,0.9026315789473678,0,0,0,1,0,0,0,1,0,1,0,0,0,0
0239-OXEXL,0,0,0,0,1,1,0,0,0,0,46,84.25,3847.6,2,0.6065217391304429,0,0,1,0,0,1,1,0,0,0,0,0,1,0
2675-IJRGJ,0,0,0,0,0,0,0,0,0,0,53,19.65,978.0,0,1.1971698113207516,0,0,0,1,0,0,0,1,0,1,0,0,0,0
7049-GKVZY,0,0,0,0,1,1,0,1,1,1,17,79.85,1387.35,3,1.758823529411771,0,1,0,0,0,0,0,0,1,0,1,0,0,0
8577-QSOCG,0,1,1,1,0,0,0,0,0,0,38,20.2,746.05,0,0.5671052631578952,0,0,1,0,0,0,0,1,0,1,0,0,1,0
3721-CNZHX,0,0,0,0,0,0,0,0,0,0,15,19.8,304.6,0,0.5066666666666677,0,1,0,0,0,0,0,1,1,0,0,0,1,0
0212-ISBBF,0,0,0,1,0,1,0,0,1,1,22,50.35,1098.85,1,0.4022727272727309,0,1,0,0,1,0,0,0,0,0,0,1,0,0
3585-YNADK,0,1,0,0,0,1,1,1,1,0,57,74.6,4368.95,3,2.048245614035096,0,0,0,1,0,1,0,0,1,0,0,0,0,0
5271-DBYSJ,1,0,0,1,0,0,0,0,0,1,11,79.15,827.7,0,3.904545454545456,1,0,0,0,0,0,1,0,0,0,1,0,0,0
1099-GODLO,0,1,1,0,0,0,0,0,0,0,1,20.35,20.35,0,0.0,0,0,0,0,0,0,0,1,0,1,0,0,1,0
6828-HMKWP,0,1,1,0,0,0,0,0,0,0,12,21.05,262.05,0,0.7875000000000014,1,0,0,0,0,0,0,1,0,1,0,0,0,0
1472-TNCWL,0,0,1,1,0,1,0,0,1,1,36,94.7,3512.5,1,2.86944444444444,0,0,1,0,0,0,1,0,0,0,0,1,0,0
2080-GKCWQ,0,0,0,0,0,1,0,0,0,0,2,74.95,151.75,1,0.9249999999999972,0,0,0,0,0,0,1,0,0,0,0,1,0,0
2193-SFWQW,0,1,1,0,1,1,1,1,1,1,72,111.95,8033.1,4,0.3791666666666629,0,0,0,1,0,0,1,0,0,1,0,0,0,0
5656-JAMLX,0,0,0,0,0,0,0,0,0,0,62,19.85,1253.65,0,0.3701612903225815,0,0,0,1,0,0,0,1,0,1,0,0,0,0
3462-BJQQA,0,0,0,1,0,1,0,0,1,0,6,89.75,552.65,1,2.3583333333333343,0,0,0,0,0,1,1,0,0,0,0,1,0,0
0442-TDYUO,0,1,0,1,0,0,0,0,0,0,48,20.05,1036.0,0,1.5333333333333314,0,0,1,0,0,0,0,1,0,1,0,0,1,0
6733-LRIZX,0,0,0,1,1,0,1,1,1,1,35,108.95,4025.5,3,6.064285714285717,0,0,1,0,0,1,1,0,0,1,0,1,0,0
9503-XJUME,0,0,1,0,0,0,0,0,0,0,52,19.65,928.4,0,1.796153846153846,0,0,0,1,0,0,0,1,1,0,1,0,0,0
4367-NHWMM,0,0,0,1,0,0,0,0,0,0,1,24.9,24.9,0,0.0,0,0,0,0,1,0,0,0,0,0,0,0,1,0
3779-OSWCF,0,1,0,0,1,1,1,1,1,1,71,93.2,6506.15,4,1.564084507042267,0,0,0,1,0,1,0,0,0,1,1,0,0,0
6736-DHUQI,0,1,1,0,1,1,1,0,0,0,67,84.8,5598.3,3,1.2432835820895463,0,0,0,1,0,0,1,0,1,0,0,0,0,0
3915-ODIYG,1,0,0,1,1,1,0,0,0,1,60,71.75,4374.55,2,1.159166666666664,0,0,0,1,0,1,0,0,1,0,0,1,0,0
1360-RCYRT,0,1,1,1,0,0,0,1,0,0,23,30.35,678.75,1,0.8391304347826107,0,1,0,0,1,0,0,0,0,0,0,0,0,0
2724-FJDYW,0,0,1,0,0,0,1,1,1,1,39,54.85,2191.7,2,1.3474358974358935,0,0,1,0,1,0,0,0,1,0,0,0,0,0
4451-RWASJ,0,1,1,1,0,0,0,0,0,0,15,19.5,239.75,0,3.5166666666666675,0,1,0,0,0,0,0,1,1,0,0,0,1,0
3460-TJBWI,0,1,1,0,0,0,0,0,0,0,24,24.2,609.05,0,1.1770833333333321,0,1,0,0,0,1,0,1,0,1,0,0,1,0
5917-HBSDW,0,1,1,0,0,0,0,0,0,0,37,19.35,683.75,0,0.8702702702702716,0,0,1,0,0,0,0,1,0,0,0,1,0,0
5671-UUNXD,1,1,0,1,0,0,0,1,1,1,50,100.65,5189.75,1,3.144999999999996,0,0,0,1,0,1,1,0,1,0,0,1,0,0
0956-ACVZC,0,0,0,1,0,0,1,0,1,1,54,94.1,5060.9,1,0.3796296296296333,0,0,0,1,0,0,1,0,1,0,1,0,0,0
2325-NBPZG,0,0,0,1,1,0,0,0,0,0,3,74.55,233.65,1,3.333333333333343,0,0,0,0,0,0,1,0,0,0,0,1,0,0
4482-FTFFX,0,0,0,0,0,0,1,1,0,0,5,56.15,291.45,2,2.1400000000000006,0,0,0,0,0,0,0,0,0,0,0,1,0,0
8859-DZTGQ,0,0,0,0,0,0,0,0,0,0,33,20.35,689.75,0,0.5515151515151508,0,0,1,0,0,0,0,1,0,1,0,0,1,0
0440-MOGPM,0,0,0,1,0,1,1,0,1,1,41,80.55,3263.9,2,0.9426829268292636,0,0,1,0,0,1,0,0,1,0,0,1,0,0
0020-JDNXP,0,1,1,0,1,0,1,1,1,1,34,61.25,1993.2,3,2.626470588235293,0,0,1,0,1,0,0,0,1,0,0,0,1,0
3752-CQSJI,0,1,1,1,0,0,0,0,0,0,13,20.45,254.5,0,0.8730769230769226,0,1,0,0,0,0,0,1,0,0,0,0,1,0
5025-GOOKI,0,0,0,1,0,0,0,0,0,0,20,18.9,347.65,0,1.5174999999999983,0,1,0,0,0,0,0,1,0,0,1,0,0,0
4698-KVLLG,1,0,0,0,0,0,0,0,0,0,51,19.6,967.9,0,0.6215686274509835,0,0,0,1,0,0,0,1,0,1,1,0,0,0
2887-JPYLU,0,0,1,0,0,0,0,0,0,0,41,45.2,1841.9,0,0.275609756097559,0,0,1,0,0,0,0,0,0,0,0,0,0,0
4770-QAZXN,0,0,0,0,0,0,0,0,0,0,13,19.45,232.1,0,1.5961538461538467,0,1,0,0,0,0,0,1,0,0,1,0,0,0
4896-CPRPF,0,1,1,0,0,0,0,0,0,0,35,25.45,809.25,0,2.328571428571429,0,0,1,0,0,1,0,1,0,1,0,0,0,0
9714-EDSUC,0,0,0,1,1,1,0,1,0,1,4,94.9,360.55,3,4.762500000000003,0,0,0,0,0,0,1,0,0,0,0,0,1,0
0282-NVSJS,1,1,1,1,0,0,0,1,0,0,12,29.3,355.9,1,0.35833333333333073,1,0,0,0,1,0,0,0,0,0,0,0,1,0
7353-YOWFP,0,0,0,0,0,0,0,0,0,0,7,20.25,129.15,0,1.8000000000000007,1,0,0,0,0,0,0,1,1,0,0,0,1,0
8008-ESFLK,0,1,0,0,1,1,1,1,1,1,53,110.5,5835.5,4,0.39622641509433265,0,0,0,1,0,0,1,0,1,0,0,1,0,0
7537-CBQUZ,1,0,0,1,1,1,1,0,1,1,63,109.4,7031.45,3,2.210317460317455,0,0,0,1,0,1,1,0,0,0,0,0,0,0
3363-EWLGO,0,0,0,0,0,0,0,0,0,0,5,19.95,109.6,0,1.9699999999999989,0,0,0,0,0,0,0,1,0,0,0,0,1,0
4750-UKWJK,1,1,0,0,0,0,0,0,0,0,37,19.6,727.8,0,0.07027027027026733,0,0,1,0,0,0,0,1,1,0,0,0,1,0
1689-YQBYY,0,0,1,1,0,0,0,0,0,0,12,76.6,893.0,0,2.183333333333323,1,0,0,0,0,1,1,0,0,0,0,1,0,0
4487-ZYJZK,0,1,1,0,0,0,0,0,0,0,38,19.6,763.1,0,0.4815789473684191,0,0,1,0,0,0,0,1,1,0,1,0,0,0
2959-FENLU,0,0,0,1,0,0,1,0,0,1,9,85.3,781.4,1,1.5222222222222257,1,0,0,0,0,0,1,0,0,0,1,0,0,0
0708-LGSMF,0,1,0,1,1,0,0,0,0,1,13,65.85,902.25,1,3.553846153846166,0,1,0,0,0,1,0,0,0,0,0,1,0,0
7634-HLQJR,0,1,1,0,0,0,0,0,0,0,47,20.05,1016.7,0,1.5819148936170215,0,0,1,0,0,0,0,1,0,1,1,0,0,0
0487-RPVUM,0,1,0,0,1,0,1,1,1,0,61,99.4,5943.65,3,1.9631147540983704,0,0,0,1,0,1,1,0,0,0,0,0,0,0
4079-ULGFR,0,0,0,0,0,0,0,0,0,0,16,20.0,275.7,0,2.7687500000000007,0,1,0,0,0,0,0,1,0,0,0,0,1,0
2516-XSJKX,0,1,1,0,1,1,0,1,1,1,41,78.45,3126.45,3,2.1951219512195195,0,0,1,0,0,0,0,0,0,1,0,1,0,0
0057-QBUQH,0,0,1,1,0,0,0,0,0,0,43,25.1,1070.15,0,0.21279069767441783,0,0,1,0,0,1,0,1,0,1,0,1,0,0
6599-SFQVE,0,0,0,1,0,0,0,0,0,1,6,55.0,340.4,0,1.7333333333333272,0,0,0,0,0,0,0,0,0,0,0,1,0,0
8331-ZXFOE,0,0,0,1,1,1,1,1,0,0,58,71.1,4299.2,4,3.0241379310344882,0,0,0,1,0,1,0,0,1,0,1,0,0,0
4003-FUSHP,0,0,0,1,0,0,0,1,1,0,19,61.55,1093.2,1,4.013157894736835,0,1,0,0,0,0,0,0,0,0,1,0,0,0
0356-ERHVT,0,1,0,1,0,0,0,0,0,0,11,45.9,521.9,0,1.5454545454545467,1,0,0,0,0,0,0,0,0,0,0,0,0,0
7325-ENZFI,0,0,0,1,1,1,0,1,0,0,39,40.3,1630.4,3,1.5051282051282087,0,0,1,0,1,0,0,0,1,0,0,0,0,0
4884-ZTHVF,1,0,0,1,0,1,0,0,1,0,8,87.1,713.6,1,2.1000000000000085,1,0,0,0,0,0,1,0,0,0,0,1,0,0
3920-HIHMQ,0,0,1,1,0,0,0,0,0,0,26,49.5,1265.65,0,0.821153846153841,0,0,1,0,0,1,0,0,0,0,0,0,1,0
3055-OYMSE,1,0,0,1,0,1,0,0,0,0,53,73.8,4003.85,1,1.7443396226415047,0,0,0,1,0,0,1,0,0,0,1,0,0,0
0613-WUXUM,0,1,1,1,0,0,0,0,0,0,70,19.2,1401.4,0,0.8200000000000003,0,0,0,1,0,0,0,1,0,1,0,0,1,0
4458-KVRBJ,0,0,0,0,0,0,0,0,0,0,59,25.0,1510.5,0,0.6016949152542388,0,0,0,1,0,1,0,1,0,1,0,0,1,0
1397-XKKWR,0,0,0,0,1,0,1,0,0,0,7,35.3,264.8,2,2.528571428571432,1,0,0,0,1,0,0,0,1,0,0,0,1,0
8097-OMULG,0,1,1,0,0,1,1,1,1,1,59,76.75,4541.9,3,0.23135593220338535,0,0,0,1,0,0,0,0,1,0,1,0,0,0
6013-BHCAW,0,1,1,1,0,0,1,1,1,1,61,81.0,4976.15,2,0.5762295081967181,0,0,0,1,0,1,0,0,0,1,0,0,0,0
0401-WDBXM,0,1,1,1,1,0,1,0,1,1,72,105.55,7542.25,2,0.7965277777777686,0,0,0,1,0,1,1,0,0,1,0,0,0,0
3387-PLKUI,0,1,1,0,0,0,0,0,0,0,13,18.8,251.25,0,0.5269230769230759,0,1,0,0,0,0,0,1,0,0,0,0,1,0
6096-EGVTU,0,1,1,0,0,0,0,0,0,0,64,24.9,1595.5,0,0.02968750000000142,0,0,0,1,0,1,0,1,1,0,0,0,1,0
5081-NWSUP,0,0,0,0,0,1,0,1,0,1,10,64.9,685.55,2,3.654999999999987,1,0,0,0,0,0,0,0,1,0,0,0,1,0
2580-ATZSQ,0,1,1,0,1,1,1,0,0,0,65,61.35,3874.1,3,1.748461538461541,0,0,0,1,0,0,0,0,1,0,0,0,0,0
8085-MSNLK,0,1,0,0,1,1,1,1,1,1,62,113.95,6891.4,4,2.7983870967742064,0,0,0,1,0,1,1,0,0,1,0,0,1,0
9691-HKOVS,0,1,0,1,1,1,1,1,1,1,55,90.15,4916.95,4,0.7509090909091043,0,0,0,1,0,1,0,0,1,0,0,1,0,0
9881-VCZEP,0,1,0,0,0,1,0,0,0,0,25,54.1,1373.0,1,0.8200000000000003,0,0,1,0,0,1,0,0,0,0,0,1,0,0
8757-TFHHJ,0,0,0,1,1,0,0,0,0,0,1,49.8,49.8,1,0.0,0,0,0,0,0,0,0,0,0,0,1,0,0,0
1468-DEFNC,1,1,1,1,0,0,0,0,0,0,64,24.4,1548.65,0,0.20234374999999716,0,0,0,1,0,1,0,1,0,1,0,0,0,0
5119-KEPFY,0,1,0,1,0,0,0,0,1,1,36,95.0,3440.25,0,0.5625,0,0,1,0,0,1,1,0,0,0,0,0,0,0
0916-KNFAJ,0,1,0,1,1,0,1,0,0,1,61,69.9,4226.7,2,0.6098360655737736,0,0,0,1,0,1,0,0,0,1,0,0,1,0
8319-QBEHW,0,0,1,1,0,1,0,0,1,0,26,39.95,1023.75,1,0.5750000000000028,0,0,1,0,1,0,0,0,1,0,0,0,0,0
9625-QNLUX,0,1,1,1,1,1,1,0,1,1,68,103.25,7074.4,3,0.7852941176470551,0,0,0,1,0,0,1,0,0,1,1,0,0,0
4024-CSNBY,0,1,0,1,1,1,1,1,0,0,72,94.25,6849.75,4,0.8854166666666714,0,0,0,1,0,1,1,0,0,1,0,0,0,0
7110-BDTWG,0,1,0,1,0,0,1,1,0,1,71,47.05,3263.6,2,1.0838028169014038,0,0,0,1,1,0,0,0,0,1,0,1,0,0
7493-GVFIO,0,0,0,0,0,0,0,0,0,0,57,20.55,1252.85,0,1.4298245614035068,0,0,0,1,0,0,0,1,0,1,1,0,0,0
0690-SRQID,0,0,0,1,0,0,0,0,0,0,4,19.65,67.55,0,2.7624999999999993,0,0,0,0,0,0,0,1,0,0,0,0,1,0
9605-WGJVW,1,0,0,1,0,0,0,0,0,0,1,70.2,70.2,0,0.0,0,0,0,0,0,0,1,0,0,0,0,1,0,0
9114-DPSIA,0,1,1,0,1,1,1,1,0,1,72,81.0,5750.0,4,1.1388888888888857,0,0,0,1,0,1,0,0,0,1,1,0,0,0
4700-UBQMV,0,1,1,1,1,0,0,0,1,1,21,75.9,1549.75,1,2.1023809523809547,0,1,0,0,0,1,0,0,1,0,0,0,0,0
7711-GQBZC,0,1,1,0,0,0,0,0,0,0,71,24.7,1810.55,0,0.8007042253521135,0,0,0,1,0,1,0,1,0,1,0,0,0,0
4627-MIHJH,1,0,0,0,1,0,1,1,1,1,69,110.25,7467.55,3,2.024637681159419,0,0,0,1,0,1,1,0,0,1,1,0,0,0
9795-NREXC,0,1,0,1,1,0,1,1,1,1,64,85.0,5484.4,3,0.6937499999999943,0,0,0,1,0,1,0,0,0,1,1,0,0,0
8573-CGOCC,0,0,0,0,0,0,0,0,0,0,16,19.75,294.9,0,1.3187500000000014,0,1,0,0,0,0,0,1,0,0,1,0,0,0
7356-AYNJP,0,0,0,0,0,0,0,0,0,0,4,23.9,97.5,0,0.4750000000000014,0,0,0,0,0,1,0,1,1,0,0,1,0,0
6286-SUUWT,0,0,0,0,0,0,0,0,0,0,1,19.95,19.95,0,0.0,0,0,0,0,0,0,0,1,0,0,0,0,1,0
4819-HJPIW,0,0,0,0,0,0,0,0,0,0,18,25.15,476.8,0,1.3388888888888921,0,1,0,0,1,0,0,0,0,0,0,0,1,0
8654-DHAOW,0,0,0,0,0,1,0,0,0,0,2,54.15,101.65,1,3.3249999999999957,0,0,0,0,0,1,0,0,0,0,0,0,1,0
5438-QMDDL,0,1,0,1,0,1,0,0,0,1,19,59.8,1130.85,1,0.28157894736842337,0,1,0,0,0,0,0,0,0,0,0,0,1,0
9812-GHVRI,0,0,0,0,0,0,0,0,0,1,40,83.85,3532.25,0,4.456250000000011,0,0,1,0,0,1,1,0,0,0,0,0,0,0
5553-AOINX,1,1,1,1,0,1,1,0,1,1,66,104.9,6891.45,2,0.48409090909092356,0,0,0,1,0,1,1,0,1,0,0,1,0,0
1228-ZLNBX,0,0,0,0,0,0,0,0,0,0,21,75.3,1570.7,0,0.5047619047619065,0,1,0,0,0,1,1,0,0,0,0,0,1,0
4226-KKDON,0,0,0,1,0,1,0,1,1,0,8,66.65,520.95,2,1.53125,1,0,0,0,0,0,0,0,0,0,0,1,0,0
3831-YCPUO,0,1,1,1,1,1,1,1,1,1,72,109.5,7854.9,4,0.40416666666666856,0,0,0,1,0,0,1,0,0,1,1,0,0,0
7445-WMRBW,0,0,0,1,0,1,1,1,1,0,48,73.85,3581.4,3,0.7625000000000028,0,0,1,0,0,1,0,0,1,0,0,0,0,0
3308-DGHKL,0,0,0,1,0,0,0,0,0,0,69,19.3,1447.9,0,1.684057971014493,0,0,0,1,0,0,0,1,0,1,0,0,0,0
9924-JPRMC,0,0,0,1,1,1,1,1,1,1,72,118.2,8547.15,4,0.5104166666666572,0,0,0,1,0,1,1,0,0,1,0,1,0,0
0080-EMYVY,0,0,0,0,0,1,0,0,0,0,14,51.45,727.85,1,0.539285714285711,0,1,0,0,0,0,0,0,1,0,1,0,0,0
6218-KNUBD,0,0,0,0,0,1,0,0,1,0,6,59.45,357.6,1,0.14999999999999858,0,0,0,0,0,0,0,0,0,0,0,1,0,0
7337-CINUD,0,1,1,0,0,0,0,0,0,0,8,19.5,159.35,0,0.4187499999999993,1,0,0,0,0,0,0,1,0,1,0,0,0,0
7609-NRNCA,0,0,0,0,0,0,0,0,0,0,17,19.55,280.85,0,3.0294117647058805,0,1,0,0,0,0,0,1,1,0,0,0,1,0
0623-EJQEG,0,0,0,0,1,0,0,1,0,1,65,93.55,6069.25,2,0.17692307692307452,0,0,0,1,0,1,1,0,1,0,0,1,0,0
7153-CHRBV,0,1,1,1,1,0,1,1,0,0,57,59.3,3274.35,3,1.8552631578947327,0,0,0,1,0,0,0,0,1,0,0,0,1,0
6198-PNNSZ,0,1,0,0,1,1,1,0,1,1,56,109.8,6109.65,3,0.6991071428571445,0,0,0,1,0,1,1,0,1,0,0,0,0,0
3317-VLGQT,0,1,0,1,0,0,0,0,0,1,14,78.1,1122.4,0,2.0714285714285836,0,1,0,0,0,0,1,0,0,0,0,1,0,0
4132-POCZS,0,1,0,1,1,0,0,0,0,1,52,39.9,2020.9,1,1.0365384615384556,0,0,0,1,1,0,0,0,0,0,0,1,0,0
5614-DNZCE,0,0,0,1,1,1,1,1,0,0,58,64.9,3795.45,4,0.5387931034482705,0,0,0,1,0,0,0,0,0,1,1,0,0,0
3896-RCYYE,0,0,0,1,0,0,1,1,1,1,67,53.4,3579.15,2,0.020149253731347017,0,0,0,1,1,0,0,0,0,0,1,0,0,0
9638-JIQYA,0,0,0,1,0,0,0,0,0,0,2,24.9,49.7,0,0.04999999999999716,0,0,0,0,1,0,0,0,0,0,1,0,0,0
3258-SANFR,1,0,0,0,0,0,0,0,0,0,6,44.7,276.5,0,1.3833333333333329,0,0,0,0,0,0,0,0,0,0,1,0,0,0
3726-TBHQT,0,1,1,1,1,1,1,1,1,1,71,114.0,8175.9,4,1.1535211267605519,0,0,0,1,0,1,1,0,0,1,0,0,0,0
3190-ITQXP,0,1,1,0,0,0,0,0,0,0,46,20.25,890.35,0,0.8945652173913032,0,0,1,0,0,0,0,1,0,1,0,0,0,0
4833-QTJNO,1,1,0,0,1,1,0,0,0,0,67,83.85,5588.8,2,0.43507462686565646,0,0,0,1,0,1,1,0,0,0,0,0,0,0
3039-MJSLN,0,0,1,0,0,0,0,0,0,0,3,20.2,50.6,0,3.333333333333332,0,0,0,0,0,0,0,1,0,0,0,0,0,0
0178-CIIKR,0,0,0,0,0,0,0,0,0,0,3,19.95,58.0,0,0.6166666666666671,0,0,0,0,0,0,0,1,0,0,0,0,1,0
5774-QPLTF,0,1,1,1,0,0,0,0,0,0,50,20.35,938.95,0,1.5710000000000015,0,0,0,1,0,0,0,1,1,0,0,0,1,0
2322-VCZHZ,1,1,0,1,1,1,0,0,0,1,23,90.0,2024.1,2,1.9956521739130437,0,1,0,0,0,0,1,0,0,0,0,1,0,0
5010-IPEAQ,0,1,1,0,1,1,1,1,1,0,67,54.2,3623.95,4,0.11119402985075055,0,0,0,1,1,0,0,0,0,1,1,0,0,0
6383-ZTSIW,1,1,0,0,1,1,0,0,1,1,39,99.1,3877.95,2,0.33461538461538964,0,0,1,0,0,0,1,0,1,0,0,0,1,0
8990-YOZLV,0,0,0,1,1,1,0,1,0,0,69,66.9,4577.9,3,0.5536231884058083,0,0,0,1,0,1,0,0,0,1,0,0,1,0
3069-SSVSN,0,0,0,0,0,0,0,0,0,0,1,25.85,25.85,0,0.0,0,0,0,0,1,0,0,0,1,0,0,0,1,0
5222-IMUKT,0,0,0,0,0,0,0,0,1,1,32,91.05,2871.5,0,1.3156249999999972,0,0,1,0,0,0,1,0,0,0,0,1,0,0
6685-XSHHU,0,1,1,1,0,0,0,0,0,0,60,20.95,1270.55,0,0.225833333333334,0,0,0,1,0,0,0,1,0,1,0,0,0,0
8901-UPRHR,0,1,1,1,0,1,1,1,1,1,72,109.2,7711.45,3,2.09652777777778,0,0,0,1,0,1,1,0,0,1,0,0,0,0
0118-JPNOY,1,0,0,1,1,0,0,0,1,0,26,85.8,2193.65,1,1.4288461538461519,0,0,1,0,0,0,1,0,0,0,1,0,0,0
3845-FXCYS,0,0,0,1,0,0,0,0,0,0,2,19.65,31.2,0,4.049999999999999,0,0,0,0,0,0,0,1,0,0,0,1,0,0
5857-XRECV,0,0,1,0,0,0,0,0,0,0,2,20.5,38.25,0,1.375,0,0,0,0,0,0,0,1,1,0,0,0,0,0
0725-CXOTM,0,0,0,1,1,0,1,1,1,1,36,89.65,3348.1,3,3.3527777777777743,0,0,1,0,0,1,0,0,1,0,1,0,0,0
4343-EJVQB,0,0,0,0,1,0,0,0,0,0,7,74.35,533.6,1,1.8785714285714334,1,0,0,0,0,0,1,0,0,0,0,0,1,0
9000-PLFUZ,1,1,0,1,0,1,0,0,1,1,60,49.45,2907.55,1,0.9908333333333346,0,0,0,1,1,0,0,0,0,1,1,0,0,0
3427-GGZZI,0,1,0,1,0,1,0,0,0,1,19,89.1,1620.8,1,3.794736842105266,0,1,0,0,0,1,1,0,0,0,0,1,0,0
7779-ORAEL,1,1,0,0,1,0,1,1,0,1,45,75.15,3480.35,3,2.1911111111110984,0,0,1,0,0,1,0,0,0,1,1,0,0,0
0644-OQMDK,1,0,0,1,0,0,0,0,0,0,4,70.65,293.85,0,2.8125,0,0,0,0,0,0,1,0,0,0,0,1,0,0
3154-CFSZG,0,1,1,0,1,0,1,0,0,1,47,90.05,4137.2,2,2.0244680851063777,0,0,1,0,0,0,1,0,0,0,0,1,0,0
2220-IAHLS,0,0,0,0,0,0,0,0,0,0,1,19.4,19.4,0,0.0,0,0,0,0,0,0,0,1,0,0,1,0,0,0
1658-XUHBX,1,1,1,1,0,0,1,0,0,1,59,88.75,5348.65,1,1.9050847457627071,0,0,0,1,0,1,1,0,0,0,1,0,0,0
2378-HTWFW,1,0,0,0,1,0,0,0,0,1,35,91.0,3180.5,1,0.12857142857143344,0,0,1,0,0,1,1,0,0,0,1,0,0,0
4377-VDHYI,0,1,1,1,1,1,0,0,0,1,32,90.8,3023.85,2,3.6953125,0,0,1,0,0,0,1,0,1,0,0,1,0,0
3719-TDVQB,1,1,0,1,0,0,0,0,0,0,54,18.95,1031.1,0,0.14444444444444215,0,0,0,1,0,0,0,1,0,1,0,0,1,0
0201-MIBOL,1,0,0,1,1,0,0,0,1,1,66,102.4,6471.85,1,4.341666666666669,0,0,0,1,0,1,1,0,0,1,0,0,0,0
4937-QPZPO,0,1,1,1,0,0,1,0,1,1,61,99.9,6241.35,1,2.417213114754105,0,0,0,1,0,1,1,0,1,0,0,1,0,0
2925-VDZHY,0,1,1,0,1,1,1,1,1,1,72,88.7,6501.35,4,1.59652777777778,0,0,0,1,0,1,0,0,0,1,1,0,0,0
6981-TDRFT,0,1,1,1,0,0,1,1,1,1,44,54.3,2317.1,2,1.6386363636363654,0,0,1,0,1,0,0,0,1,0,0,1,0,0
3413-CSSTH,0,0,0,1,0,0,1,0,0,0,41,55.7,2237.55,1,1.1256097560975604,0,0,1,0,0,1,0,0,0,0,0,0,0,0
8033-VCZGH,0,1,0,1,1,0,1,0,1,1,50,103.95,5231.3,2,0.6760000000000019,0,0,0,1,0,1,1,0,1,0,0,1,0,0
0224-NIJLP,0,1,1,0,0,0,0,0,0,0,8,20.15,165.5,0,0.5375000000000014,1,0,0,0,0,0,0,1,0,1,0,0,1,0
7542-CYDDM,0,0,0,0,0,0,0,0,0,0,18,20.05,358.5,0,0.13333333333333286,0,1,0,0,0,0,0,1,0,0,0,0,1,0
4718-WXBGI,0,1,1,1,1,1,1,1,1,1,72,91.95,6614.9,4,0.07638888888889994,0,0,0,1,0,1,0,0,0,1,1,0,0,0
8495-PRWFH,1,0,0,0,0,0,1,0,0,0,42,55.65,2421.75,1,2.010714285714286,0,0,1,0,0,1,0,0,0,0,0,1,0,0
0439-IFYUN,1,0,0,1,0,1,0,0,0,0,18,74.7,1294.6,1,2.7777777777777857,0,1,0,0,0,0,1,0,0,0,0,1,0,0
5716-LIBJC,0,0,1,1,0,1,1,0,1,1,13,104.15,1299.1,2,4.2192307692307764,0,1,0,0,0,1,1,0,1,0,1,0,0,0
2868-LLSKM,0,1,1,1,0,1,0,1,0,0,68,83.65,5733.4,2,0.6647058823529335,0,0,0,1,0,1,1,0,1,0,0,0,0,0
2988-QRAJY,0,0,0,1,1,1,1,0,1,1,69,110.05,7430.75,3,2.3579710144927475,0,0,0,1,0,1,1,0,0,1,1,0,0,0
0071-NDAFP,0,1,1,0,0,0,0,0,0,0,25,25.5,630.6,0,0.2759999999999998,0,0,1,0,0,1,0,1,0,1,1,0,0,0
7328-ZJAJO,0,1,1,0,0,0,0,0,0,0,59,19.5,1222.65,0,1.2228813559322056,0,0,0,1,0,0,0,1,0,1,1,0,0,0
6458-CYIDZ,1,0,0,0,1,1,0,0,0,0,5,80.7,374.8,2,5.739999999999995,0,0,0,0,0,0,1,0,0,0,0,1,0,0
1090-PYKCI,0,1,1,1,1,1,1,1,1,0,69,105.1,7234.8,4,0.24782608695650765,0,0,0,1,0,1,1,0,1,0,1,0,0,0
3058-WQDRE,0,0,0,1,0,0,0,0,0,0,13,25.15,331.85,0,0.3769230769230809,0,1,0,0,1,0,0,0,0,0,0,0,0,0
2279-AXJJK,0,1,0,1,0,1,0,1,0,1,52,95.65,5088.4,2,2.2038461538461434,0,0,0,1,0,1,1,0,0,0,1,0,0,0
0909-SELIE,0,1,0,1,1,1,1,1,0,1,61,80.8,4860.85,4,1.1139344262295054,0,0,0,1,0,1,0,0,0,1,0,0,0,0
3417-TSCIC,0,0,0,1,0,0,0,0,0,0,29,24.85,788.05,0,2.3241379310344783,0,0,1,0,1,0,0,0,1,0,0,0,1,0
1042-HFUCW,0,0,1,1,0,1,0,1,0,0,25,54.75,1266.35,2,4.096000000000004,0,0,1,0,0,0,0,0,1,0,1,0,0,0
6537-OTKMY,0,0,0,0,0,0,1,0,1,1,15,50.75,688.2,1,4.869999999999997,0,1,0,0,1,0,0,0,1,0,0,1,0,0
8999-EXMNO,0,1,1,0,0,0,0,0,0,0,19,20.15,387.7,0,0.2552631578947384,0,1,0,0,0,0,0,1,0,1,0,0,1,0
6725-TPKJO,0,0,0,0,0,0,0,0,0,0,44,20.05,845.25,0,0.8397727272727273,0,0,1,0,0,0,0,1,0,1,0,0,1,0
7162-WPHPM,0,1,1,0,1,1,1,1,0,0,58,71.6,4230.25,4,1.335344827586212,0,0,0,1,0,1,0,0,0,1,1,0,0,0
1599-MMYRQ,0,1,1,1,1,1,0,0,0,0,62,81.45,4983.05,2,1.0782258064516128,0,0,0,1,0,0,1,0,1,0,1,0,0,0
8821-KVZKQ,0,1,1,1,0,1,1,1,1,1,70,58.4,4113.15,3,0.3592857142857113,0,0,0,1,1,0,0,0,1,0,0,0,0,0
6434-TTGJP,0,1,1,0,1,1,1,1,0,1,10,53.7,521.0,4,1.6000000000000014,1,0,0,0,1,0,0,0,0,1,1,0,0,0
0042-JVWOJ,0,0,0,1,0,0,0,0,0,0,26,19.6,471.85,0,1.4519230769230766,0,0,1,0,0,0,0,1,1,0,0,0,0,0
0130-SXOUN,0,0,0,0,0,1,0,0,0,1,66,89.4,5976.9,1,1.1590909090908923,0,0,0,1,0,1,1,0,0,0,1,0,0,0
2330-PQGDQ,0,1,1,0,0,1,0,1,0,0,51,84.2,4299.75,2,0.10882352941176521,0,0,0,1,0,1,1,0,1,0,0,0,0,0
1452-UZOSF,0,1,1,1,1,1,1,1,1,0,72,106.1,7548.6,4,1.2583333333333258,0,0,0,1,0,1,1,0,0,1,1,0,0,0
2097-YVPKN,0,0,0,0,0,0,0,0,0,0,65,25.75,1654.75,0,0.29230769230769127,0,0,0,1,0,1,0,1,0,1,0,0,1,0
8597-CTXVJ,0,0,1,0,1,1,0,1,0,0,70,64.95,4551.5,3,0.0714285714285694,0,0,0,1,0,1,0,0,1,0,0,0,0,0
6631-HMANX,0,1,0,1,0,1,1,1,1,1,72,85.45,6227.5,3,1.0430555555555543,0,0,0,1,0,1,0,0,0,1,1,0,0,0
9962-BFPDU,0,1,1,0,0,0,0,0,0,0,1,20.05,20.05,0,0.0,0,0,0,0,0,0,0,1,0,0,0,0,1,0
6394-HHHZM,0,0,0,0,0,0,0,0,0,0,3,20.7,57.5,0,1.5333333333333314,0,0,0,0,0,0,0,1,0,0,0,0,1,0
5995-LFTLE,0,0,0,1,0,0,0,0,0,0,58,25.3,1474.35,0,0.11982758620689538,0,0,0,1,0,1,0,1,0,1,1,0,0,0
1932-UEDCX,1,1,0,1,0,1,0,0,1,1,33,100.6,3270.25,1,1.5015151515151501,0,0,1,0,0,1,1,0,0,0,0,0,0,0
5188-HGMLP,1,1,0,0,0,0,0,0,0,0,54,74.0,3919.15,0,1.4231481481481438,0,0,0,1,0,1,1,0,0,0,0,0,0,0
0665-XHDJU,0,1,0,1,0,1,0,0,1,1,72,99.4,7285.7,1,1.7902777777777743,0,0,0,1,0,1,1,0,0,1,0,1,0,0
8265-HKSOW,0,1,1,0,1,1,1,1,0,1,72,107.45,7658.3,4,1.0847222222222257,0,0,0,1,0,1,1,0,0,1,1,0,0,0
3544-FBCAS,0,1,1,1,1,1,1,0,1,1,72,83.6,5959.3,3,0.8319444444444315,0,0,0,1,0,1,0,0,0,1,1,0,0,0
5331-RGMTT,1,1,0,1,0,0,1,0,1,1,54,99.05,5295.7,1,0.981481481481481,0,0,0,1,0,1,1,0,0,0,1,0,0,0
4759-PXTAN,0,1,0,1,0,1,0,1,1,1,59,80.1,4693.2,2,0.5542372881355959,0,0,0,1,0,1,0,0,1,0,0,1,0,0
7054-DMVAS,0,0,0,1,1,1,0,0,1,0,54,65.3,3512.9,2,0.24629629629629335,0,0,0,1,0,0,0,0,0,1,0,0,0,0
3428-MMGUB,0,0,0,1,0,0,1,0,1,0,60,89.55,5231.2,1,2.3633333333333297,0,0,0,1,0,1,1,0,0,1,0,1,0,0
6549-BTYPG,0,1,0,0,0,1,1,1,1,1,60,60.8,3603.45,3,0.7424999999999997,0,0,0,1,1,0,0,0,0,1,1,0,0,0
7823-JSOAG,0,0,0,0,0,0,0,0,0,0,3,74.5,217.45,0,2.0166666666666657,0,0,0,0,0,1,1,0,0,0,0,1,0,0
3705-RHRFR,0,1,0,0,1,0,0,0,1,1,69,99.15,6875.35,1,0.4927536231884062,0,0,0,1,0,1,1,0,0,1,0,0,0,0
9374-YOLBJ,0,1,1,0,0,0,0,0,0,0,1,19.25,19.25,0,0.0,0,0,0,0,0,0,0,1,0,0,0,1,0,0
9074-KGVOX,0,1,1,1,1,0,0,0,1,0,50,39.45,2021.35,1,0.9769999999999968,0,0,0,1,1,0,0,0,0,0,1,0,0,0
6128-DAFVY,0,0,0,1,0,0,0,0,1,1,56,44.85,2564.95,0,0.9526785714285637,0,0,0,1,1,0,0,0,0,0,1,0,0,0
9933-QRGTX,0,1,0,1,1,0,0,1,1,1,60,97.2,5611.75,2,3.6708333333333343,0,0,0,1,0,0,1,0,0,1,0,1,0,0
4476-OSWTN,1,1,0,1,1,0,1,1,1,1,69,110.55,7610.1,3,0.25869565217389834,0,0,0,1,0,1,1,0,1,0,0,0,1,0
5066-GFJMM,0,1,0,1,0,0,0,0,0,0,3,19.9,45.75,0,4.649999999999999,0,0,0,0,0,0,0,1,0,0,0,0,1,0
2661-GKBTK,0,1,1,0,0,1,0,1,1,1,60,76.95,4543.95,2,1.2175000000000011,0,0,0,1,0,0,0,0,0,1,0,0,0,0
0458-HEUZG,0,0,0,0,0,0,1,1,0,0,13,35.4,450.4,2,0.7538461538461547,0,1,0,0,1,0,0,0,0,1,0,0,1,0
7268-WNTCP,0,1,1,0,0,0,0,0,0,0,62,20.45,1297.35,0,0.47499999999999787,0,0,0,1,0,0,0,1,0,1,0,0,0,0
0824-VWDPO,0,0,0,0,1,1,0,0,0,1,45,96.75,4442.75,2,1.9777777777777743,0,0,1,0,0,1,1,0,1,0,0,0,0,0
8409-WQJUX,0,0,0,0,0,0,1,1,1,1,25,54.2,1423.15,2,2.725999999999999,0,0,1,0,1,0,0,0,1,0,0,1,0,0
2578-JQPHZ,0,0,0,0,0,0,1,1,1,1,44,100.1,4378.35,2,0.5920454545454419,0,0,1,0,0,0,1,0,0,1,0,0,0,0
3278-FSIXX,0,0,0,1,0,0,0,0,0,0,2,45.25,74.2,0,8.149999999999999,0,0,0,0,0,0,0,0,0,0,0,0,1,0
9746-UGFAC,0,0,0,0,0,0,0,0,0,0,22,20.85,450.65,0,0.36590909090909207,0,1,0,0,0,0,0,1,1,0,0,0,0,0
2946-KIQSP,0,0,0,1,0,0,1,1,0,0,35,33.45,1175.85,2,0.14571428571427703,0,0,1,0,1,0,0,0,0,0,0,0,1,0
0625-AFOHS,0,1,1,0,0,0,0,0,0,0,29,20.2,558.8,0,0.9310344827586228,0,0,1,0,0,0,0,1,0,1,0,0,1,0
6726-WEXXK,1,1,0,1,1,0,1,0,0,0,27,85.9,2220.1,2,3.6740740740740847,0,0,1,0,0,1,1,0,1,0,0,1,0,0
4636-OLWOE,0,0,1,1,0,1,1,1,0,0,54,61.0,3283.05,3,0.20277777777777573,0,0,0,1,0,0,0,0,1,0,0,1,0,0
4685-ERGHK,0,0,0,1,0,0,0,0,1,0,57,86.9,4939.25,0,0.24649122807018387,0,0,0,1,0,1,1,0,1,0,0,1,0,0
0885-HMGPY,0,0,0,0,1,1,1,1,0,0,62,69.4,4237.5,4,1.0532258064516213,0,0,0,1,0,1,0,0,0,1,0,0,0,0
5003-OKNNK,0,1,1,0,0,0,0,0,0,0,15,20.35,335.95,0,2.0466666666666633,0,1,0,0,0,0,0,1,1,0,1,0,0,0
7208-PSIHR,0,1,0,1,0,0,1,1,1,1,70,104.3,7188.5,2,1.6071428571428612,0,0,0,1,0,1,1,0,0,1,0,0,0,0
4012-ZTHBR,0,1,1,1,0,0,0,0,0,0,21,44.95,926.25,0,0.8428571428571487,0,1,0,0,0,0,0,0,0,0,0,1,0,0
0489-WMEMG,0,0,1,1,0,0,0,1,0,0,23,49.45,1119.35,1,0.7826086956521792,0,1,0,0,0,0,0,0,1,0,0,1,0,0
7435-ZNUYY,0,0,0,0,0,0,0,0,0,0,6,20.6,116.6,0,1.1666666666666679,0,0,0,0,0,0,0,1,1,0,0,0,1,0
1354-YZFNB,0,1,1,0,0,0,0,0,0,0,4,19.55,68.8,0,2.3500000000000014,0,0,0,0,0,0,0,1,0,1,1,0,0,0
2985-FMWYF,0,0,0,1,0,0,0,0,1,1,23,93.5,2341.55,0,8.306521739130446,0,1,0,0,0,1,1,0,0,0,0,1,0,0
2812-ENYMO,0,0,0,0,1,0,0,1,1,1,26,54.55,1362.85,2,2.1326923076923094,0,0,1,0,1,0,0,0,1,0,1,0,0,0
2717-HVIZY,0,0,1,0,0,0,0,0,0,0,8,20.05,163.6,0,0.3999999999999986,1,0,0,0,0,0,0,1,0,0,0,0,1,0
3422-GALYP,0,0,0,1,0,1,0,0,0,0,2,79.45,145.15,1,6.875,0,0,0,0,0,1,1,0,0,0,0,1,0,0
2890-WFBHU,0,0,0,0,1,1,1,1,0,1,59,79.85,4786.1,4,1.2703389830508627,0,0,0,1,0,1,0,0,1,0,1,0,0,0
0327-WFZSY,0,1,1,0,0,0,1,0,1,1,39,100.0,3835.55,1,1.6525641025640994,0,0,1,0,0,1,1,0,1,0,0,1,0,0
7977-HXJKU,0,0,1,0,0,0,0,0,0,0,21,19.6,397.0,0,0.6952380952380963,0,1,0,0,0,0,0,1,0,1,0,0,1,0
7033-CLAMM,0,1,1,0,0,0,0,0,0,0,48,20.2,1027.25,0,1.2010416666666686,0,0,1,0,0,0,0,1,0,1,0,0,0,0
4023-RTIQM,1,1,0,1,1,1,1,0,0,1,31,50.4,1580.1,3,0.5709677419354833,0,0,1,0,1,0,0,0,1,0,1,0,0,0
0864-FVJNJ,0,1,1,0,1,1,1,1,1,1,64,113.35,7222.75,4,0.4945312499999943,0,0,0,1,0,1,1,0,1,0,0,1,0,0
7356-IWLFW,0,1,1,1,0,1,0,0,0,0,46,80.0,3769.7,1,1.9500000000000028,0,0,1,0,0,1,1,0,0,0,0,0,0,0
9541-PWTWO,0,0,0,1,0,0,1,1,1,1,52,80.95,4233.95,2,0.4721153846153783,0,0,0,1,0,1,0,0,0,1,0,0,0,0
3967-VQOGC,0,1,1,1,0,0,0,0,0,0,67,24.9,1680.25,0,0.17835820895522403,0,0,0,1,0,1,0,1,0,1,0,0,1,0
7872-RDDLZ,1,0,0,0,0,1,0,0,0,0,67,54.9,3725.5,1,0.7044776119402982,0,0,0,1,0,1,0,0,0,0,0,1,0,0
6308-CQRBU,0,1,0,0,0,1,1,1,1,1,71,109.25,7707.7,3,0.6908450704225402,0,0,0,1,0,1,1,0,0,1,0,1,0,0
0186-CAERR,0,0,0,1,1,1,1,1,1,1,71,116.3,8309.55,4,0.7359154929577443,0,0,0,1,0,1,1,0,1,0,0,0,0,0
3043-SUDUA,0,0,0,0,0,0,0,0,0,0,32,19.9,601.55,0,1.1015625,0,0,1,0,0,0,0,1,0,0,0,0,0,0
5442-BHQNG,0,0,0,0,0,0,0,0,0,0,2,70.35,139.25,0,0.7249999999999943,0,0,0,0,0,0,1,0,0,0,0,1,0,0
2169-RRLFW,0,1,0,0,0,0,0,0,0,0,71,25.6,1888.25,0,0.9950704225352105,0,0,0,1,0,1,0,1,0,1,1,0,0,0
5872-OEQNH,0,0,0,1,1,0,1,0,0,1,60,44.45,2773.9,2,1.7816666666666663,0,0,0,1,1,0,0,0,1,0,0,1,0,0
3162-KKZXO,1,0,0,1,0,0,1,0,1,1,55,100.15,5409.75,1,1.7909090909090963,0,0,0,1,0,1,1,0,1,0,0,1,0,0
8873-GLDMH,0,0,0,1,0,0,0,0,0,0,6,73.85,401.3,0,6.966666666666654,0,0,0,0,0,1,1,0,0,0,0,0,1,0
5696-JVVQY,0,1,1,1,1,1,1,0,0,1,48,70.1,3238.4,3,2.6333333333333258,0,0,1,0,0,0,0,0,0,1,1,0,0,0
8946-BFWSG,0,1,1,0,0,0,0,0,0,0,63,25.25,1573.05,0,0.28095238095238173,0,0,0,1,0,1,0,1,0,1,0,0,1,0
0547-HURJB,0,0,1,0,0,0,0,0,0,0,12,21.05,235.8,0,1.3999999999999986,1,0,0,0,0,0,0,1,0,0,1,0,0,0
8904-OPDCK,1,1,0,1,0,0,0,0,0,0,54,24.95,1364.75,0,0.3231481481481495,0,0,0,1,1,0,0,0,0,0,0,0,0,0
8845-LWKGE,0,1,1,1,0,0,1,1,1,0,30,64.5,1985.15,2,1.6716666666666669,0,0,1,0,0,0,0,0,1,0,0,1,0,0
0691-NIKRI,0,0,0,1,0,0,1,1,1,1,40,105.95,4335.2,2,2.4299999999999926,0,0,1,0,0,1,1,0,1,0,1,0,0,0
5022-JNQEQ,0,1,1,1,0,0,0,1,0,0,9,75.85,647.5,1,3.9055555555555515,1,0,0,0,0,0,1,0,0,0,0,1,0,0
3249-VHRIP,0,0,0,1,0,1,1,0,0,1,62,43.6,2748.7,2,0.7338709677419288,0,0,0,1,1,0,0,0,0,1,1,0,0,0
3736-BLEPA,0,0,0,1,0,1,0,1,1,0,28,91.25,2483.65,2,2.5482142857142804,0,0,1,0,0,0,1,0,1,0,0,0,0,0
4701-LKOZD,0,0,0,0,1,1,1,1,1,1,70,89.75,6367.2,4,1.2099999999999937,0,0,0,1,0,1,0,0,0,1,1,0,0,0
6603-QWSPR,0,0,0,1,0,1,1,1,1,1,46,104.4,4904.2,3,2.2130434782608575,0,0,1,0,0,0,1,0,0,1,0,0,0,0
9921-QFQUL,0,1,0,0,0,0,1,0,0,1,23,90.15,2044.95,1,1.2391304347826093,0,1,0,0,0,1,1,0,0,0,0,0,1,0
1929-ZCBHE,0,1,1,0,1,0,1,1,0,0,47,40.3,1794.8,3,2.112765957446804,0,0,1,0,1,0,0,0,1,0,0,1,0,0
4378-MYPGO,0,1,1,1,1,1,1,0,1,1,68,105.25,7173.15,3,0.23749999999999716,0,0,0,1,0,0,1,0,0,1,0,0,0,0
4129-LYCOI,0,0,1,1,0,1,0,1,1,1,67,104.0,7039.05,2,1.0604477611940268,0,0,0,1,0,1,1,0,0,1,0,1,0,0
7798-JVXYM,0,0,0,1,0,0,0,1,1,1,14,69.65,921.4,1,3.835714285714289,0,1,0,0,0,0,0,0,0,0,0,1,0,0
8647-SDTWQ,0,1,1,1,0,0,0,0,0,0,57,74.3,4018.35,0,3.80263157894737,0,0,0,1,0,1,1,0,0,0,0,1,0,0
2696-ECXKC,0,1,1,0,1,0,0,0,1,1,55,100.9,5448.6,1,1.8345454545454487,0,0,0,1,0,1,1,0,1,0,0,0,1,0
2081-KJSQF,0,0,0,1,0,0,0,0,0,0,1,20.25,20.25,0,0.0,0,0,0,0,0,0,0,1,0,0,0,0,1,0
3323-CPBWR,0,0,0,1,0,0,1,1,1,0,23,96.9,2085.45,2,6.228260869565233,0,1,0,0,0,1,1,0,0,0,1,0,0,0
3384-CTMSF,0,1,0,1,0,1,1,0,1,1,47,104.1,5135.15,2,5.158510638297869,0,0,1,0,0,1,1,0,0,0,0,1,0,0
0902-RFHOF,0,0,0,0,0,0,0,0,0,0,38,20.1,730.1,0,0.8868421052631597,0,0,1,0,0,0,0,1,1,0,0,0,1,0
6048-QBXKL,1,0,0,1,0,1,0,0,0,0,2,56.55,118.25,1,2.575000000000003,0,0,0,0,0,1,0,0,0,0,1,0,0,0
7718-RXDGG,0,1,0,1,0,0,0,0,0,0,15,68.6,1108.6,0,5.306666666666672,0,1,0,0,0,0,1,0,0,0,0,0,0,0
1025-FALIX,0,0,0,1,0,0,0,0,0,0,26,69.05,1815.65,0,0.7826923076923151,0,0,1,0,0,0,1,0,0,0,1,0,0,0
3451-VAWLI,0,1,1,0,0,0,0,0,0,0,35,19.7,730.4,0,1.168571428571429,0,0,1,0,0,0,0,1,0,1,1,0,0,0
3407-QGWLG,0,0,1,1,0,0,0,0,0,0,3,20.05,75.45,0,5.100000000000001,0,0,0,0,0,0,0,1,0,0,0,0,1,0
2347-WKKAE,0,1,0,1,1,0,1,0,0,1,42,94.4,4014.6,2,1.1857142857142833,0,0,1,0,0,1,1,0,0,0,0,1,0,0
8735-DCXNF,0,1,0,1,1,0,0,1,0,0,10,54.95,568.85,2,1.9350000000000023,1,0,0,0,0,0,0,0,0,0,1,0,0,0
3214-IYUUQ,0,1,0,0,1,1,0,1,0,1,61,93.7,5860.7,3,2.377049180327859,0,0,0,1,0,0,1,0,1,0,0,0,0,0
1936-UAFEH,0,0,0,0,1,1,0,1,1,1,68,110.25,7279.35,3,3.200735294117635,0,0,0,1,0,1,1,0,0,1,1,0,0,0
3587-PMCOY,0,0,0,1,1,0,1,0,1,1,10,98.9,1064.95,2,7.594999999999999,1,0,0,0,0,0,1,0,1,0,0,1,0,0
1027-LKKQQ,0,1,1,1,1,0,1,1,1,1,72,80.45,5886.85,3,1.3118055555555515,0,0,0,1,0,0,0,0,0,1,0,0,0,0
7148-XZPHA,0,1,1,0,0,1,0,1,0,0,55,79.4,4238.45,2,2.337272727272733,0,0,0,1,0,0,1,0,0,0,0,1,0,0
5309-TAIKL,0,0,0,0,0,0,1,1,0,1,7,62.8,418.3,2,3.0428571428571374,1,0,0,0,0,0,0,0,0,0,0,0,0,0
6856-RAURS,0,0,0,1,0,0,0,0,0,0,2,74.9,136.05,0,6.875,0,0,0,0,0,1,1,0,0,0,0,0,1,0
8778-LMWTJ,0,0,0,1,1,0,0,0,0,0,9,74.85,708.2,1,3.838888888888903,1,0,0,0,0,0,1,0,0,0,0,1,0,0
9717-IOAAF,0,0,1,1,0,0,0,0,0,0,27,25.85,788.55,0,3.3555555555555507,0,0,1,0,0,1,0,1,0,1,1,0,0,0
2845-KDHVX,0,1,0,1,0,1,1,1,0,1,64,68.3,4378.8,3,0.11875000000000568,0,0,0,1,0,0,0,0,0,1,0,0,1,0
0848-SOMKO,0,0,0,0,1,0,1,1,0,1,70,48.4,3442.8,3,0.7828571428571465,0,0,0,1,1,0,0,0,0,1,0,0,0,0
6734-FQAJX,1,0,0,1,1,1,0,1,1,1,67,105.05,7171.7,3,1.9902985074626827,0,0,0,1,0,0,1,0,0,1,0,1,0,0
1535-VTJOQ,0,0,0,0,0,0,0,0,0,0,24,25.15,553.0,0,2.1083333333333307,0,1,0,0,0,1,0,1,0,1,1,0,0,0
6368-TZZDT,0,1,1,0,0,0,0,0,0,0,4,19.5,96.85,0,4.712499999999999,0,0,0,0,0,0,0,1,0,1,1,0,0,0
0943-ZQPXH,0,1,1,1,0,0,1,0,1,1,44,92.95,4122.9,1,0.752272727272711,0,0,1,0,0,0,1,0,0,0,0,0,0,0
1293-BSEUN,0,1,1,1,0,0,0,0,0,0,72,20.7,1482.3,0,0.11250000000000071,0,0,0,1,0,0,0,1,0,1,0,0,1,0
1302-TPUBN,0,0,0,0,0,0,0,0,0,0,66,19.35,1240.8,0,0.5500000000000007,0,0,0,1,0,0,0,1,0,1,0,0,0,0
2378-VTKDH,1,1,0,1,0,1,1,0,1,1,65,104.35,6578.55,2,3.1415384615384596,0,0,0,1,0,1,1,0,0,0,0,1,0,0
0927-CNGRH,0,0,1,0,0,0,0,0,0,0,1,19.55,19.55,0,0.0,0,0,0,0,0,0,0,1,0,0,0,0,1,0
8608-OZTLB,0,1,1,0,1,1,1,1,1,0,38,74.05,2802.3,4,0.30526315789472847,0,0,1,0,0,0,0,0,1,0,0,1,0,0
2335-GSODA,0,0,1,0,1,0,1,1,0,0,23,40.1,857.75,3,2.8065217391304387,0,1,0,0,1,0,0,0,0,1,0,0,1,0
1952-DVVSW,0,1,0,0,0,0,0,0,0,0,10,20.1,184.4,0,1.6600000000000001,1,0,0,0,0,0,0,1,1,0,0,0,1,0
6656-GULJQ,0,1,1,1,1,0,1,1,1,1,72,83.55,6093.3,3,1.0791666666666657,0,0,0,1,0,1,0,0,0,1,1,0,0,0
9853-JFZDU,0,1,0,0,0,1,0,1,0,0,35,56.85,1861.1,2,3.6757142857142924,0,0,1,0,0,0,0,0,0,0,0,1,0,0
3777-XROBG,0,1,1,0,0,0,0,0,0,0,58,19.55,1079.65,0,0.9353448275862064,0,0,0,1,0,0,0,1,0,1,1,0,0,0
6994-FGRHH,0,1,1,1,0,1,1,1,1,1,70,106.15,7475.1,3,0.6371428571428623,0,0,0,1,0,0,1,0,1,0,0,1,0,0
4000-VGMQP,0,1,1,0,0,1,1,0,1,1,38,78.95,2862.55,2,3.6197368421052545,0,0,1,0,0,1,0,0,1,0,1,0,0,0
3999-WRNGR,0,1,1,1,0,1,0,0,1,1,60,49.75,3069.45,1,1.4074999999999989,0,0,0,1,1,0,0,0,0,0,0,1,0,0
3466-RITXD,0,0,0,1,1,1,0,0,1,0,26,92.4,2349.8,2,2.0230769230769283,0,0,1,0,0,1,1,0,0,0,1,0,0,0
2680-XKKNJ,0,0,0,0,1,1,0,1,0,0,8,58.2,469.25,3,0.45624999999999716,1,0,0,0,0,0,0,0,1,0,0,0,0,0
2974-GGUXS,1,1,0,1,0,1,0,0,1,0,36,91.95,3301.05,1,0.2541666666666629,0,0,1,0,0,1,1,0,0,0,1,0,0,0
7994-XIRTR,1,0,0,0,0,0,1,1,0,1,54,65.25,3529.95,2,0.11944444444444002,0,0,0,1,0,0,0,0,1,0,0,0,0,0
2101-RANCD,0,0,0,1,0,0,0,0,0,0,55,73.1,4144.9,0,2.2618181818181853,0,0,0,1,0,1,1,0,0,0,0,1,0,0
7921-BEPCI,0,0,0,0,1,1,0,0,0,0,72,59.75,4265.0,2,0.5138888888888857,0,0,0,1,0,1,0,0,0,1,0,0,0,0
8510-TMWYB,0,1,1,1,0,1,1,0,0,0,54,59.8,3246.45,2,0.31944444444444287,0,0,0,1,0,1,0,0,0,1,0,0,0,0
3258-ZKPAI,0,1,1,1,1,1,1,1,1,1,72,116.6,8337.45,4,0.8020833333333144,0,0,0,1,0,1,1,0,0,1,0,0,0,0
1428-IEDPR,0,0,0,1,1,0,1,1,1,1,52,109.3,5731.4,3,0.9192307692307651,0,0,0,1,0,1,1,0,0,1,0,1,0,0
5298-GSTLM,1,0,0,1,1,0,0,0,1,1,60,101.4,6176.6,1,1.5433333333333366,0,0,0,1,0,1,1,0,1,0,0,0,0,0
4450-YOOHP,0,0,0,1,0,0,1,0,1,1,39,50.65,1905.4,1,1.7935897435897417,0,0,1,0,1,0,0,0,0,0,1,0,0,0
6728-CZFEI,0,0,0,0,0,0,0,0,1,0,15,56.15,931.9,0,5.976666666666667,0,1,0,0,0,0,0,0,1,0,0,0,1,0
3653-NCRDJ,0,1,1,1,0,0,0,0,0,0,43,19.2,776.25,0,1.1476744186046517,0,0,1,0,0,0,0,1,1,0,0,0,1,0
6121-TNHBO,1,0,0,0,1,1,1,1,1,0,63,83.0,5243.05,4,0.223015873015882,0,0,0,1,0,1,0,0,1,0,0,0,0,0
5119-NZPTV,1,1,0,0,0,0,0,0,0,0,2,70.1,141.65,0,0.7250000000000085,0,0,0,0,0,0,1,0,0,0,0,1,0,0
6519-ZHPXP,0,1,1,1,1,1,1,1,1,1,72,108.3,7679.65,4,1.6381944444444514,0,0,0,1,0,0,1,0,0,1,0,0,0,0
3472-QPRCH,0,1,1,0,0,0,0,0,0,0,40,25.25,1006.9,0,0.07750000000000057,0,0,1,0,0,1,0,1,0,1,1,0,0,0
8224-UAXBZ,0,1,0,1,1,1,0,0,1,0,58,45.35,2540.1,2,1.5551724137931089,0,0,0,1,1,0,0,0,1,0,0,1,0,0
9610-WCESF,0,0,0,0,1,0,0,1,1,0,67,43.9,3097.2,2,2.326865671641791,0,0,0,1,1,0,0,0,0,1,0,1,0,0
2486-WYVVE,0,1,0,1,0,0,1,1,1,1,31,79.3,2484.0,2,0.8290322580645153,0,0,1,0,0,1,0,0,1,0,0,0,1,0
3865-ZYKAD,1,1,0,1,1,1,0,0,0,0,69,84.9,5785.65,2,1.0500000000000114,0,0,0,1,0,1,1,0,0,0,1,0,0,0
1422-DGUBX,0,1,0,1,0,0,0,1,0,0,32,79.25,2619.15,1,2.598437500000003,0,0,1,0,0,1,1,0,1,0,0,1,0,0
2999-AANRQ,0,0,0,0,1,1,0,1,1,0,21,71.05,1524.85,3,1.5619047619047564,0,1,0,0,0,0,0,0,0,1,1,0,0,0
8668-KNZTI,0,0,0,0,1,0,1,0,0,0,52,53.75,2790.65,2,0.08365384615384386,0,0,0,1,0,0,0,0,1,0,0,1,0,0
0480-KYJVA,0,1,1,0,0,0,0,0,0,0,72,24.25,1784.5,0,0.5347222222222214,0,0,0,1,0,1,0,1,0,1,1,0,0,0
9746-YKGXB,0,1,1,0,1,0,1,0,0,1,52,44.25,2276.1,2,0.47884615384615614,0,0,0,1,1,0,0,0,1,0,0,0,0,0
3926-YZVVX,0,0,0,0,0,0,0,1,0,0,41,50.05,2029.05,1,0.560975609756099,0,0,1,0,0,0,0,0,1,0,0,0,0,0
6000-UKLWI,0,0,0,0,0,0,0,0,0,0,41,20.15,802.35,0,0.5804878048780466,0,0,1,0,0,0,0,1,0,1,0,0,1,0
6332-FBZRI,0,1,1,1,1,1,1,1,0,0,67,69.35,4653.25,4,0.10149253731343322,0,0,0,1,0,1,0,0,1,0,1,0,0,0
2096-XOTMO,0,1,1,0,0,0,0,0,0,0,16,19.35,275.9,0,2.106250000000003,0,1,0,0,0,0,0,1,0,0,0,0,1,0
3266-FTKHB,0,0,0,0,0,0,0,0,0,0,17,19.15,343.45,0,1.0529411764705898,0,1,0,0,0,0,0,1,0,1,0,0,1,0
8221-EQDGL,0,1,0,0,1,1,1,0,0,0,35,61.0,2130.45,3,0.13000000000000256,0,0,1,0,0,0,0,0,0,0,0,0,1,0
2346-LOCWC,0,1,1,0,0,0,0,0,0,0,58,20.5,1191.4,0,0.04137931034482989,0,0,0,1,0,0,0,1,0,1,1,0,0,0
0298-XACET,0,1,1,0,0,1,1,1,1,0,52,50.2,2554.0,3,1.0846153846153896,0,0,0,1,1,0,0,0,0,1,0,0,1,0
7560-QJAVJ,0,0,0,0,1,0,1,1,1,1,70,79.6,5589.45,3,0.249285714285719,0,0,0,1,0,0,0,0,0,1,0,0,0,0
2995-YWTCD,0,1,1,1,0,0,0,0,0,0,19,24.9,467.7,0,0.284210526315789,0,1,0,0,0,1,0,1,0,1,0,0,0,0
9137-UIYPG,0,1,1,1,1,0,1,1,1,1,35,106.9,3756.45,3,0.42714285714284017,0,0,1,0,0,0,1,0,0,0,0,1,0,0
2809-ZMYOQ,0,0,0,1,0,0,1,0,1,1,32,101.35,3334.9,1,2.8656250000000085,0,0,1,0,0,1,1,0,0,0,0,1,0,0
5084-OOVCJ,0,1,1,1,1,0,0,1,0,0,17,55.35,920.5,2,1.2029411764705884,0,1,0,0,0,0,0,0,0,0,1,0,0,0
0254-WWRKD,0,1,1,0,0,1,0,0,0,0,67,50.55,3431.75,1,0.6701492537313456,0,0,0,1,0,0,0,0,1,0,1,0,0,0
7727-SHVZV,0,0,0,0,0,0,0,0,0,0,9,19.5,150.35,0,2.7944444444444443,1,0,0,0,0,0,0,1,0,0,0,0,0,0
5339-PXDVH,0,0,0,0,1,0,0,0,1,0,4,90.65,367.95,1,1.3374999999999915,0,0,0,0,0,1,1,0,0,0,0,1,0,0
2205-LPVGL,1,1,1,1,1,1,0,1,0,0,58,89.85,5125.75,3,1.4749999999999943,0,0,0,1,0,1,1,0,1,0,0,0,0,0
8782-NUUOL,0,0,0,0,1,0,1,1,1,1,60,79.0,4801.1,3,1.018333333333345,0,0,0,1,0,0,0,0,1,0,0,0,1,0
7601-WFVZV,0,0,0,0,0,0,0,0,0,0,1,19.55,19.55,0,0.0,0,0,0,0,0,0,0,1,0,0,0,0,1,0
4609-KNNWG,0,1,1,0,0,0,0,0,0,0,27,19.9,550.1,0,0.47407407407407476,0,0,1,0,0,0,0,1,0,1,0,0,1,0
4868-AADLV,1,1,1,1,1,1,1,1,1,1,66,116.25,7862.25,4,2.875,0,0,0,1,0,1,1,0,1,0,0,1,0,0
9529-OFXHY,0,0,0,1,1,0,0,0,1,0,15,87.75,1242.2,1,4.936666666666667,0,1,0,0,0,1,1,0,0,0,0,0,0,0
2669-QVCRG,0,0,0,1,1,0,0,0,0,0,41,81.3,3190.65,1,3.4792682926829173,0,0,1,0,0,1,1,0,0,0,1,0,0,0
2478-EEWWM,0,1,0,1,0,0,0,0,1,1,59,44.3,2666.75,0,0.8991525423728817,0,0,0,1,1,0,0,0,0,0,0,1,0,0
9174-IHETN,0,0,1,0,0,0,0,0,0,0,50,70.35,3533.6,0,0.32200000000000273,0,0,0,1,0,0,1,0,0,1,1,0,0,0
2233-TXSIU,0,1,1,0,1,0,1,0,1,0,17,44.45,792.15,2,2.147058823529406,0,1,0,0,1,0,0,0,1,0,1,0,0,0
9644-UMGQA,0,1,1,1,1,0,0,0,0,0,6,49.15,295.65,1,0.125,0,0,0,0,0,0,0,0,0,0,0,1,0,0
3256-EZDBI,1,1,0,1,0,1,0,0,0,0,51,29.45,1459.35,1,0.8352941176470594,0,0,0,1,1,0,0,0,0,0,1,0,0,0
0419-YAAPX,0,1,0,1,0,1,0,0,1,0,49,85.3,4297.95,1,2.4132653061224545,0,0,0,1,0,0,1,0,0,0,1,0,0,0
0872-CASZJ,0,1,0,1,1,0,0,1,0,1,59,69.1,4096.9,2,0.3389830508474603,0,0,0,1,0,1,0,0,1,0,0,0,1,0
4726-DLWQN,1,0,0,1,1,1,0,0,1,0,50,70.35,3454.6,2,1.2579999999999956,0,0,0,1,0,1,0,0,0,0,0,0,0,0
8164-OCKUJ,0,1,1,0,0,0,0,0,0,0,59,20.6,1286.0,0,1.1966101694915245,0,0,0,1,0,0,0,1,0,1,0,0,1,0
3094-JOJAI,0,0,0,0,0,0,0,0,0,0,18,74.15,1387.0,0,2.9055555555555515,0,1,0,0,0,1,1,0,0,0,0,0,1,0
9494-MRNYX,0,0,0,0,0,0,0,0,0,0,10,75.05,786.3,0,3.5799999999999983,1,0,0,0,0,1,1,0,0,0,0,1,0,0
2599-CZABP,0,1,0,0,0,0,0,0,0,0,14,44.6,641.25,0,1.2035714285714292,0,1,0,0,0,0,0,0,1,0,0,1,0,0
7945-PRBVF,0,0,0,0,0,0,0,0,0,0,35,21.45,705.45,0,1.2942857142857136,0,0,1,0,0,0,0,1,0,1,0,0,0,0
4544-RXFMG,0,1,1,1,0,0,0,0,0,0,8,43.45,345.5,0,0.26250000000000284,1,0,0,0,0,0,0,0,1,0,0,0,1,0
0859-YGKFW,0,1,1,0,0,0,0,0,0,0,18,20.05,345.9,0,0.8333333333333357,0,1,0,0,0,0,0,1,1,0,0,0,0,0
1150-FTQGN,0,1,1,0,1,1,0,0,1,0,60,94.15,5811.8,2,2.713333333333324,0,0,0,1,0,1,1,0,1,0,0,0,0,0
7196-LIWRH,0,0,0,0,0,0,0,0,0,0,6,19.55,124.45,0,1.1916666666666664,0,0,0,0,0,0,0,1,0,1,0,0,1,0
5448-VWNAM,0,0,1,1,1,1,0,1,1,0,19,75.9,1375.6,3,3.500000000000014,0,1,0,0,0,1,0,0,0,0,0,0,1,0
1177-XZBJL,0,1,1,0,1,1,0,1,0,0,53,64.15,3491.55,3,1.7283018867924511,0,0,0,1,0,1,0,0,1,0,0,0,0,0
3518-FSTWG,1,1,0,1,1,1,1,0,1,1,72,109.55,7920.7,3,0.4597222222222257,0,0,0,1,0,1,1,0,0,1,0,0,0,0
9330-VOFSZ,0,1,0,1,0,1,1,1,1,1,60,110.8,6640.7,3,0.1216666666666697,0,0,0,1,0,1,1,0,0,1,1,0,0,0
0939-EREMR,0,0,1,0,0,0,1,1,0,0,13,53.45,718.1,2,1.78846153846154,0,1,0,0,0,0,0,0,0,0,0,0,1,0
9389-ACWBI,0,1,1,0,0,0,0,0,0,0,5,69.95,320.4,0,5.8700000000000045,0,0,0,0,0,0,1,0,0,0,1,0,0,0
3644-QXEHN,0,1,1,0,0,0,1,0,1,1,13,97.0,1334.45,1,5.650000000000006,0,1,0,0,0,0,1,0,0,0,0,1,0,0
2911-IJORQ,0,0,0,1,1,1,1,1,1,1,37,90.6,3358.65,4,0.17432432432433131,0,0,1,0,0,1,0,0,1,0,0,0,0,0
5921-NGYRH,0,1,0,1,1,0,0,0,0,0,64,73.55,4764.0,1,0.8875000000000028,0,0,0,1,0,0,1,0,0,0,0,0,1,0
5998-DZLYR,0,1,0,1,0,1,0,1,0,1,61,94.35,5703.0,2,0.8581967213114723,0,0,0,1,0,1,1,0,0,1,0,0,0,0
3985-HOYPM,0,0,0,0,0,0,0,0,0,0,26,19.4,525.55,0,0.8134615384615387,0,0,1,0,0,0,0,1,1,0,0,0,1,0
9548-LERKT,0,1,0,0,0,0,0,0,0,0,24,19.75,483.15,0,0.38124999999999787,0,1,0,0,0,0,0,1,0,1,0,0,1,0
6576-FBXOJ,0,1,0,0,0,0,1,1,1,1,17,54.6,934.8,2,0.3882352941176421,0,1,0,0,1,0,0,0,1,0,0,1,0,0
4310-KEDTB,0,0,1,1,0,0,1,0,0,0,26,29.8,786.5,1,0.4499999999999993,0,0,1,0,1,0,0,0,0,0,0,0,1,0
4062-HBMOS,0,0,0,1,0,1,1,0,1,1,52,103.05,5364.8,2,0.11923076923078213,0,0,0,1,0,1,1,0,0,0,0,1,0,0
2676-ISHSF,0,0,0,0,0,0,0,0,0,0,1,20.3,20.3,0,0.0,0,0,0,0,0,0,0,1,0,0,0,0,1,0
9236-NDUCW,0,0,0,0,1,0,0,1,0,0,21,35.1,770.4,2,1.5857142857142819,0,1,0,0,1,0,0,0,0,1,0,0,1,0
4753-PADAS,0,1,0,1,0,1,1,0,1,1,67,105.7,6816.95,2,3.9544776119403053,0,0,0,1,0,1,1,0,1,0,0,0,0,0
6103-QCKFX,0,1,1,0,1,0,0,1,0,0,44,56.25,2419.55,2,1.2602272727272705,0,0,1,0,0,0,0,0,0,0,0,0,0,0
7781-EWARA,0,1,1,0,0,1,1,1,1,1,70,60.35,4138.7,3,1.2257142857142895,0,0,0,1,1,0,0,0,1,0,0,1,0,0
7018-FPXHH,0,1,1,1,1,1,1,0,0,0,56,59.8,3457.45,3,1.940178571428568,0,0,0,1,0,0,0,0,0,1,0,0,0,0
0572-ZJKLT,0,1,1,0,1,0,1,1,0,1,46,99.65,4630.2,3,1.0065217391304202,0,0,1,0,0,1,1,0,0,1,0,0,1,0
5135-RDDQL,0,1,1,1,1,0,0,0,0,0,63,50.65,3221.25,1,0.480952380952381,0,0,0,1,0,0,0,0,0,1,0,0,0,0
1353-LJWEM,0,0,0,1,0,1,1,1,0,0,11,60.9,688.5,3,1.690909090909095,1,0,0,0,0,0,0,0,0,0,0,1,0,0
1794-SWWKL,0,1,1,1,0,0,1,1,0,0,15,59.65,867.1,2,1.8433333333333337,0,1,0,0,0,1,0,0,0,0,0,0,0,0
6166-YIPFO,0,1,0,1,1,1,1,1,1,1,72,64.7,4746.05,4,1.2173611111111171,0,0,0,1,1,0,0,0,0,1,0,1,0,0
9332-GYWLO,0,1,1,0,0,0,0,0,1,0,6,54.85,355.1,0,4.333333333333336,0,0,0,0,0,0,0,0,0,0,0,1,0,0
4184-VODJZ,0,1,1,1,0,1,0,0,0,1,63,91.35,5764.7,1,0.1531746031746053,0,0,0,1,0,1,1,0,1,0,0,1,0,0
1092-WPIVQ,0,1,1,0,0,0,0,0,0,0,18,25.1,428.45,0,1.2972222222222243,0,1,0,0,0,1,0,1,0,1,0,0,1,0
7233-IOQNP,0,1,0,0,1,0,0,1,0,0,43,34.0,1505.35,2,1.0081395348837177,0,0,1,0,1,0,0,0,0,0,0,0,0,0
2834-JKOOW,0,0,0,0,1,1,1,1,0,0,15,45.9,693.45,4,0.3300000000000054,0,1,0,0,1,0,0,0,1,0,0,0,1,0
2400-FEQME,0,1,1,0,0,0,0,0,0,0,55,20.5,1177.95,0,0.9172727272727279,0,0,0,1,0,0,0,1,0,1,0,0,1,0
4957-SREEC,0,1,1,0,0,0,0,0,0,0,70,20.35,1458.1,0,0.4799999999999969,0,0,0,1,0,0,0,1,0,1,1,0,0,0
0230-UBYPQ,1,1,0,0,1,0,0,1,0,0,63,36.1,2298.9,2,0.39047619047619264,0,0,0,1,1,0,0,0,1,0,0,0,0,0
4923-ADWXJ,0,0,0,1,0,1,0,1,0,1,25,65.8,1679.65,2,1.38600000000001,0,0,1,0,0,0,0,0,0,0,0,0,0,0
1763-KUAAW,1,0,0,0,0,0,0,0,0,0,18,20.35,369.6,0,0.18333333333333357,0,1,0,0,0,0,0,1,1,0,0,0,0,0
1104-TNLZA,1,1,0,1,0,1,0,1,1,1,28,105.8,2998.0,2,1.2714285714285722,0,0,1,0,0,1,1,0,0,0,0,1,0,0
5195-KPUNQ,1,0,0,1,1,1,0,1,0,1,53,96.75,5206.55,3,1.486792452830187,0,0,0,1,0,0,1,0,1,0,0,0,1,0
3439-GVUSX,0,0,0,0,0,0,0,0,0,0,1,24.4,24.4,0,0.0,0,0,0,0,1,0,0,0,0,0,0,0,1,0
5949-HGVJL,0,1,0,1,0,1,0,1,1,1,26,73.05,1959.5,2,2.315384615384616,0,0,1,0,0,0,0,0,0,0,0,1,0,0
5203-XEHAX,0,0,0,0,1,1,0,0,0,1,34,64.35,2053.05,2,3.9661764705882234,0,0,1,0,0,0,0,0,1,0,0,1,0,0
1635-HDGFT,0,0,1,0,0,0,0,0,0,0,19,20.5,398.55,0,0.47631578947368425,0,1,0,0,0,0,0,1,0,1,0,0,1,0
8050-XGRVL,0,1,1,0,1,0,1,0,0,0,62,54.75,3425.35,2,0.4975806451612854,0,0,0,1,0,0,0,0,1,0,1,0,0,0
9828-QHFBK,0,0,0,1,1,0,0,0,0,0,24,51.15,1275.7,1,2.00416666666667,0,1,0,0,0,0,0,0,0,0,0,1,0,0
3908-MKIMJ,1,1,0,1,1,1,1,0,0,0,68,41.95,2965.75,3,1.6639705882352942,0,0,0,1,1,0,0,0,0,1,0,1,0,0
5012-YSPJJ,0,1,1,0,0,0,1,1,0,0,31,54.35,1647.0,2,1.2209677419354819,0,0,1,0,0,0,0,0,0,0,0,0,1,0
6728-VOIFY,0,1,0,1,0,1,0,0,1,1,63,96.0,6109.75,1,0.9801587301587347,0,0,0,1,0,0,1,0,1,0,0,1,0,0
4891-NLUBA,0,1,1,1,0,1,1,1,1,1,61,61.45,3751.15,3,0.044262295081964,0,0,0,1,1,0,0,0,0,1,0,0,0,0
8969-PRHFK,0,0,0,0,0,0,0,0,0,0,18,19.65,411.25,0,3.197222222222223,0,1,0,0,0,0,0,1,1,0,0,0,1,0
0661-KQHNK,0,1,1,0,0,0,0,0,0,0,6,19.0,105.5,0,1.4166666666666679,0,0,0,0,0,0,0,1,1,0,1,0,0,0
8709-KRDVL,0,0,0,1,0,1,0,0,1,1,33,100.0,3320.6,1,0.6242424242424249,0,0,1,0,0,1,1,0,0,0,0,1,0,0
1427-VERSM,0,1,0,1,0,0,1,1,1,1,56,98.7,5669.5,2,2.5410714285714278,0,0,0,1,0,0,1,0,0,0,0,1,0,0
9801-NOSHQ,0,0,1,0,0,0,0,0,0,0,23,19.8,465.45,0,0.43695652173913047,0,1,0,0,0,0,0,1,1,0,0,0,1,0
6339-YPSAH,0,0,0,1,0,0,1,0,0,0,9,73.8,704.3,1,4.455555555555549,1,0,0,0,0,0,1,0,0,0,0,1,0,0
2159-TURXX,0,0,0,0,0,0,0,0,0,0,5,20.05,95.55,0,0.9400000000000013,0,0,0,0,0,0,0,1,0,0,1,0,0,0
1548-FEHVL,0,1,0,1,1,1,0,0,1,1,61,106.2,6375.2,2,1.6885245901639365,0,0,0,1,0,1,1,0,0,0,0,1,0,0
3795-CAWEX,0,1,1,1,1,1,1,1,1,1,70,116.55,8152.3,4,0.08857142857142719,0,0,0,1,0,1,1,0,0,1,1,0,0,0
6215-NQCPY,0,0,0,1,1,0,0,0,1,1,15,99.7,1566.75,1,4.75,0,1,0,0,0,1,1,0,0,0,0,1,0,0
5647-URDKA,0,1,1,0,0,0,0,0,0,0,8,19.7,130.25,0,3.4187499999999993,1,0,0,0,0,0,0,1,0,1,0,0,1,0
2229-DPMBI,0,1,1,0,0,0,0,0,0,0,8,19.5,162.15,0,0.7687500000000007,1,0,0,0,0,0,0,1,0,1,0,0,1,0
9626-WEQRM,0,0,0,1,1,0,0,0,0,0,4,29.15,110.05,1,1.6374999999999993,0,0,0,0,1,0,0,0,0,0,0,0,1,0
2188-SXWVT,0,0,0,0,1,1,0,0,0,0,34,55.0,1885.15,2,0.4455882352941174,0,0,1,0,0,0,0,0,1,0,0,0,1,0
6258-PVZWJ,0,1,0,1,1,1,1,1,1,1,68,90.8,6302.85,4,1.8889705882352956,0,0,0,1,0,1,0,0,0,1,1,0,0,0
1094-BKOSX,0,1,1,0,0,1,1,1,0,1,45,51.0,2264.5,3,0.6777777777777771,0,0,1,0,1,0,0,0,1,0,0,0,0,0
6969-MVBAI,1,0,0,1,0,0,1,0,1,0,9,90.1,816.8,1,0.6555555555555515,1,0,0,0,0,1,1,0,0,0,0,1,0,0
2978-XXSOG,0,0,0,1,1,0,0,1,0,0,22,59.05,1253.5,2,2.0727272727272705,0,1,0,0,0,1,0,0,0,0,0,0,1,0
2342-CKIAO,0,0,0,0,0,0,0,0,0,0,2,20.3,41.2,0,0.3000000000000007,0,0,0,0,0,0,0,1,0,0,0,0,1,0
6953-PBDIN,0,1,0,0,0,1,1,1,1,0,70,72.95,5265.55,3,2.2721428571428532,0,0,0,1,0,1,0,0,0,1,0,0,0,0
3898-BSJYF,0,0,1,0,1,0,1,1,0,1,10,73.55,693.3,3,4.219999999999999,1,0,0,0,0,1,0,0,1,0,1,0,0,0
3938-YFPXD,0,0,0,0,1,0,1,1,1,1,72,84.3,5997.1,3,1.0069444444444429,0,0,0,1,0,1,0,0,0,1,1,0,0,0
7696-AMHOD,0,1,1,0,0,1,1,0,1,1,49,78.0,3824.2,2,0.04489795918367179,0,0,0,1,0,0,0,0,1,0,1,0,0,0
2453-SAFNS,1,0,0,0,0,1,0,1,1,0,54,72.1,3886.05,2,0.13611111111110574,0,0,0,1,0,1,0,0,1,0,0,0,1,0
9558-IHEZX,0,0,0,1,1,1,1,0,1,1,71,106.75,7283.25,3,4.16901408450704,0,0,0,1,0,1,1,0,0,1,1,0,0,0
9617-UDPEU,0,0,0,1,0,0,0,0,0,0,22,19.25,412.55,0,0.49772727272727124,0,1,0,0,0,0,0,1,1,0,0,0,1,0
6340-DACFT,0,1,1,0,0,0,0,0,0,0,50,20.55,1070.25,0,0.8550000000000004,0,0,0,1,0,0,0,1,0,1,1,0,0,0
4955-VCWBI,0,1,1,0,0,0,0,0,0,0,43,20.0,817.95,0,0.9779069767441833,0,0,1,0,0,0,0,1,1,0,0,0,1,0
6813-GZQCG,0,1,1,1,0,0,0,0,0,0,45,24.65,1171.3,0,1.3788888888888877,0,0,1,0,0,1,0,1,0,1,1,0,0,0
7426-GSWPO,1,0,0,1,1,1,0,0,1,1,64,103.5,6548.65,2,1.1773437500000057,0,0,0,1,0,1,1,0,0,0,0,0,0,0
3389-KTRXV,0,1,1,0,0,0,0,0,0,0,23,23.85,625.65,0,3.352173913043476,0,1,0,0,0,1,0,1,0,1,0,0,1,0
3118-UHVVQ,0,1,0,0,0,0,0,0,0,0,68,25.8,1911.5,0,2.3102941176470573,0,0,0,1,0,1,0,1,0,1,1,0,0,0
3205-MXZRA,0,0,0,0,0,0,0,1,1,0,26,59.45,1507.0,1,1.488461538461543,0,0,1,0,0,0,0,0,1,0,1,0,0,0
8317-BVKSO,0,0,0,1,0,0,0,0,0,0,14,20.05,299.3,0,1.3285714285714292,0,1,0,0,0,0,0,1,0,0,0,1,0,0
5702-KVQRD,0,1,0,1,1,0,1,1,1,1,71,82.55,5832.65,3,0.4000000000000057,0,0,0,1,0,0,0,0,0,1,0,1,0,0
0083-PIVIK,0,0,0,0,1,1,1,1,1,0,64,81.25,5567.55,4,5.742968750000003,0,0,0,1,0,1,0,0,1,0,0,1,0,0
6169-PGNCD,0,0,0,1,1,1,1,1,1,0,57,74.3,4166.35,4,1.2061403508771775,0,0,0,1,0,0,0,0,0,1,1,0,0,0
4909-JOUPP,1,1,0,0,0,1,1,1,1,1,72,109.7,7898.45,3,0.000694444444434339,0,0,0,1,0,1,1,0,0,1,1,0,0,0
4657-FWVFY,0,1,1,1,0,1,1,0,1,0,40,96.35,3915.4,2,1.5350000000000108,0,0,1,0,0,1,1,0,0,0,1,0,0,0
2257-BOVXD,0,1,0,1,0,0,0,1,1,0,14,66.6,979.5,1,3.364285714285714,0,1,0,0,0,1,0,0,0,0,1,0,0,0
7729-JTEEC,0,1,1,1,0,0,0,0,0,0,2,44.5,90.05,0,0.5249999999999986,0,0,0,0,0,0,0,0,0,0,0,1,0,0
9696-RMYBA,0,0,0,1,0,0,0,0,1,0,5,80.1,398.55,0,0.38999999999998636,0,0,0,0,0,0,1,0,0,0,0,0,1,0
8690-UPCZI,0,1,1,0,1,0,0,1,1,0,29,69.05,1958.45,2,1.5172413793103345,0,0,1,0,0,1,0,0,1,0,0,0,0,0
9770-LXDBK,0,0,0,0,0,0,0,0,0,0,3,20.4,63.15,0,0.6500000000000021,0,0,0,0,0,0,0,1,0,0,0,0,1,0
4086-WITJG,0,1,1,0,0,0,0,0,0,0,71,19.7,1301.1,0,1.3746478873239454,0,0,0,1,0,0,0,1,0,1,1,0,0,0
8344-WFMFH,0,0,1,1,0,1,0,0,0,0,9,50.1,484.05,1,3.68333333333333,1,0,0,0,0,0,0,0,0,0,0,1,0,0
8822-KNBHV,0,0,0,1,1,1,1,0,1,1,48,83.45,3887.85,3,2.453125,0,0,1,0,0,1,0,0,1,0,1,0,0,0
8404-FYDIB,0,0,0,1,1,1,0,0,0,0,26,86.65,2208.75,2,1.6980769230769255,0,0,1,0,0,1,1,0,0,0,1,0,0,0
2791-SFVEW,0,0,0,0,0,0,0,0,0,0,9,20.15,238.15,0,6.311111111111114,1,0,0,0,0,0,0,1,0,0,0,0,0,0
6762-NSODU,0,1,1,0,0,0,0,0,0,0,46,19.4,958.15,0,1.429347826086957,0,0,1,0,0,0,0,1,0,1,1,0,0,0
9888-ZCUMM,0,1,1,1,1,0,1,1,1,1,64,60.05,3845.45,3,0.03515625,0,0,0,1,1,0,0,0,0,1,0,0,0,0
1074-WVEVG,0,1,0,0,0,0,0,0,0,0,59,20.35,1267.0,0,1.124576271186438,0,0,0,1,0,0,0,1,1,0,0,0,1,0
9979-RGMZT,0,0,0,1,0,1,0,0,1,1,7,94.05,633.45,1,3.55714285714285,1,0,0,0,0,0,1,0,1,0,0,0,1,0
6437-UDQJM,1,1,0,1,1,1,1,0,1,1,72,84.1,6129.65,3,1.03402777777778,0,0,0,1,0,1,0,0,0,1,1,0,0,0
1226-IENZN,1,0,0,1,0,0,0,0,0,1,16,78.75,1218.25,0,2.609375,0,1,0,0,0,0,1,0,0,0,0,1,0,0
2108-GLPQB,0,1,0,0,0,0,1,0,0,0,25,55.55,1405.3,1,0.661999999999999,0,0,1,0,0,1,0,0,0,0,1,0,0,0
5474-LAMUQ,0,1,0,0,0,0,0,0,0,0,24,20.1,533.9,0,2.145833333333332,0,1,0,0,0,0,0,1,1,0,0,0,1,0
3468-DRVQJ,0,1,1,0,1,1,0,0,1,0,10,70.3,676.15,2,2.6850000000000023,1,0,0,0,0,1,0,0,1,0,0,1,0,0
1122-YJBCS,0,1,0,1,1,1,0,0,0,0,69,53.65,3804.4,2,1.4862318840579718,0,0,0,1,0,0,0,0,1,0,1,0,0,0
4990-ALDGW,0,0,0,0,0,0,0,0,0,0,57,20.75,1118.8,0,1.1219298245614056,0,0,0,1,0,0,0,1,0,1,0,0,1,0
4816-OKWNX,0,1,1,1,0,1,1,1,1,1,50,103.4,5236.4,3,1.3279999999999887,0,0,0,1,0,0,1,0,1,0,0,0,0,0
3315-IKYZQ,0,1,1,0,1,0,1,1,1,0,28,50.8,1386.8,3,1.2714285714285722,0,0,1,0,1,0,0,0,1,0,0,0,1,0
4747-LCAQL,0,0,0,1,1,1,0,1,1,1,25,79.0,1902.0,3,2.9200000000000017,0,0,1,0,0,0,0,0,0,0,0,0,1,0
3411-WLRSQ,1,1,0,1,0,1,0,0,0,0,3,74.6,239.05,1,5.083333333333343,0,0,0,0,0,0,1,0,0,0,0,0,0,0
0898-XCGTF,0,1,0,1,0,0,0,0,1,1,61,96.5,5673.7,0,3.4885245901639337,0,0,0,1,0,1,1,0,1,0,0,0,0,0
8006-PYCSW,0,0,0,0,0,0,0,0,0,0,2,20.1,39.8,0,0.20000000000000284,0,0,0,0,0,0,0,1,0,0,0,0,1,0
8249-THVEC,0,1,1,0,0,0,0,0,0,0,51,19.4,997.75,0,0.16372549019607874,0,0,0,1,0,0,0,1,1,0,0,0,1,0
8722-PRFDV,0,1,1,0,1,0,1,0,1,1,71,77.55,5574.35,2,0.9619718309859167,0,0,0,1,0,0,0,0,0,1,1,0,0,0
2164-SOQXL,0,1,1,0,0,0,0,0,0,0,20,20.05,406.05,0,0.2525000000000013,0,1,0,0,0,0,0,1,0,0,0,0,1,0
4020-KIUDI,0,1,1,0,0,0,0,0,0,0,6,19.85,138.85,0,3.2916666666666643,0,0,0,0,0,0,0,1,0,0,1,0,0,0
5850-BDWCY,0,0,0,0,0,0,0,0,0,0,6,20.2,123.65,0,0.408333333333335,0,0,0,0,0,0,0,1,0,0,0,0,1,0
2038-YSEZE,0,0,0,0,1,1,0,1,0,0,29,67.45,1801.1,3,5.343103448275869,0,0,1,0,0,1,0,0,0,0,0,0,1,0
0827-ITJPH,0,0,0,1,0,0,0,0,0,0,36,18.55,689.0,0,0.5888888888888886,0,0,1,0,0,0,0,1,0,1,1,0,0,0
8799-OXZMD,0,0,0,1,0,0,1,0,0,0,28,29.75,790.7,1,1.5107142857142826,0,0,1,0,1,0,0,0,0,0,0,0,1,0
1705-GUHPV,0,0,0,0,0,0,0,0,0,0,63,24.2,1618.2,0,1.4857142857142875,0,0,0,1,0,1,0,1,0,1,0,0,1,0
4779-ZGICK,0,1,1,0,0,0,0,0,0,0,48,23.55,1173.35,0,0.8947916666666629,0,0,1,0,0,1,0,1,0,1,0,0,1,0
0048-PIHNL,0,1,0,0,0,0,0,0,0,0,49,20.45,900.9,0,2.064285714285713,0,0,0,1,0,0,0,1,1,0,0,0,0,0
3967-KXAPS,0,1,0,0,1,1,1,1,1,1,72,92.3,6719.9,4,1.0319444444444485,0,0,0,1,0,1,0,0,0,1,1,0,0,0
3704-IEAXF,0,1,1,0,0,1,0,1,1,1,72,53.65,3784.0,2,1.0944444444444414,0,0,0,1,1,0,0,0,0,1,1,0,0,0
6810-VCAEX,0,0,0,0,1,1,0,1,0,0,47,39.65,1798.65,3,1.3808510638297804,0,0,1,0,1,0,0,0,1,0,1,0,0,0
0674-EYYZV,0,0,0,1,0,0,0,0,1,0,1,54.65,54.65,0,0.0,0,0,0,0,0,0,0,0,0,0,0,1,0,0
4480-MBMLB,0,0,0,1,0,1,1,0,1,1,36,104.8,3886.45,2,3.1569444444444485,0,0,1,0,0,1,1,0,1,0,0,0,0,0
1395-OFUWC,0,1,1,0,0,1,0,0,0,0,43,29.3,1224.05,1,0.833720930232559,0,0,1,0,1,0,0,0,0,0,1,0,0,0
0822-QGCXA,1,1,0,0,0,1,1,1,1,1,27,83.85,2310.2,3,1.712962962962962,0,0,1,0,0,1,0,0,0,0,0,1,0,0
2832-KJCRD,0,0,0,1,0,0,1,1,1,1,38,103.65,3988.5,2,1.310526315789474,0,0,1,0,0,1,1,0,0,0,0,1,0,0
3588-WSTTJ,1,0,0,1,1,0,0,0,1,1,35,99.05,3554.6,1,2.510000000000005,0,0,1,0,0,1,1,0,0,0,0,1,0,0
4075-WKNIU,0,1,1,0,0,1,1,1,1,0,0,73.35,0.0,3,0.0,0,0,0,0,0,1,0,0,0,1,0,0,1,0
5090-EMGTC,0,1,0,1,0,1,0,1,1,1,59,100.05,6034.85,2,2.2355932203389983,0,0,0,1,0,0,1,0,0,1,0,0,1,0
2346-CZYIL,0,0,0,0,0,0,0,0,0,0,27,20.35,531.6,0,0.6611111111111114,0,0,1,0,0,0,0,1,0,1,1,0,0,0
3798-EPWRR,1,0,0,0,0,0,0,0,0,0,2,43.95,85.1,0,1.4000000000000057,0,0,0,0,0,0,0,0,0,0,0,1,0,0
6258-NGCNG,0,0,0,0,0,0,0,0,0,0,7,23.5,173.0,0,1.2142857142857153,1,0,0,0,0,1,0,1,0,0,0,0,1,0
4186-ZBUEW,0,0,0,1,0,1,0,1,0,1,36,70.7,2511.95,2,0.9236111111111143,0,0,1,0,0,1,0,0,1,0,0,0,1,0
5274-XHAKY,0,1,1,1,1,1,0,0,1,0,41,94.3,3893.6,2,0.6658536585365908,0,0,1,0,0,1,1,0,0,0,0,0,0,0
1442-BQPVU,0,0,0,0,0,1,0,0,0,0,13,29.15,357.15,1,1.676923076923078,0,1,0,0,1,0,0,0,0,0,0,1,0,0
3978-YNKDD,0,0,1,0,0,0,0,0,0,0,19,20.85,467.5,0,3.755263157894735,0,1,0,0,0,0,0,1,0,1,1,0,0,0
4940-KHCWD,0,1,0,0,1,1,0,1,0,0,60,37.7,2288.7,3,0.4449999999999932,0,0,0,1,1,0,0,0,0,1,0,0,0,0
9589-ABEPT,0,1,0,1,0,1,0,1,1,0,69,92.45,6460.55,2,1.181159420289859,0,0,0,1,0,1,1,0,0,1,0,0,1,0
9388-ZEYVT,0,0,0,0,0,0,1,1,0,1,43,44.15,1931.3,2,0.7639534883720955,0,0,1,0,1,0,0,0,1,0,0,1,0,0
0305-SQECB,0,0,1,1,1,0,0,1,0,0,11,36.05,402.6,2,0.5500000000000043,1,0,0,0,1,0,0,0,1,0,0,0,1,0
7605-SNLQG,0,1,0,1,0,0,1,0,0,0,45,50.25,2221.55,1,0.882222222222218,0,0,1,0,0,0,0,0,0,0,1,0,0,0
4670-TABXH,0,1,0,1,0,1,1,1,1,1,72,109.75,7758.9,3,1.9875000000000114,0,0,0,1,0,1,1,0,0,1,1,0,0,0
0064-SUDOG,0,1,1,0,0,0,0,0,0,0,12,20.3,224.5,0,1.5916666666666686,1,0,0,0,0,0,0,1,0,1,0,0,0,0
8561-NMTBD,0,1,1,1,0,1,1,1,1,1,67,112.35,7388.45,3,2.0746268656716325,0,0,0,1,0,1,1,0,1,0,1,0,0,0
5161-XEUVX,0,1,0,0,0,0,1,1,1,0,37,94.3,3460.95,2,0.7608108108108098,0,0,1,0,0,1,1,0,0,1,0,0,1,0
8292-FRFZQ,0,0,0,0,1,1,0,1,0,0,39,41.15,1700.9,3,2.462820512820514,0,0,1,0,1,0,0,0,1,0,0,0,0,0
8591-NXRCV,0,0,0,1,1,0,1,1,0,1,41,74.65,3090.65,3,0.7317073170731732,0,0,1,0,0,1,0,0,0,0,0,0,0,0
7895-VONWT,0,0,0,1,0,0,1,0,1,1,25,48.25,1293.8,1,3.5019999999999953,0,0,1,0,1,0,0,0,0,0,0,1,0,0
4526-RMTLL,0,1,1,1,1,1,0,1,0,1,8,76.15,645.8,3,4.574999999999989,1,0,0,0,0,1,0,0,0,1,1,0,0,0
6253-GNHWH,0,1,1,0,1,1,1,1,0,0,71,71.1,5224.95,4,2.4908450704225373,0,0,0,1,0,1,0,0,0,1,0,0,1,0
4566-NECEV,0,0,0,0,0,1,1,0,0,1,5,96.55,500.1,2,3.470000000000013,0,0,0,0,0,1,1,0,0,0,0,1,0,0
8080-POTJR,0,0,0,1,1,0,1,0,1,1,30,79.3,2427.1,2,1.6033333333333388,0,0,1,0,0,1,0,0,1,0,1,0,0,0
6906-MPARY,0,0,0,1,0,1,0,1,0,1,40,89.6,3488.15,2,2.396249999999995,0,0,1,0,0,0,1,0,1,0,1,0,0,0
3662-FXJFO,0,0,0,1,0,0,0,0,0,0,54,20.5,1035.7,0,1.3203703703703695,0,0,0,1,0,0,0,1,0,1,0,0,1,0
8107-RZLNV,0,1,0,1,0,1,1,0,1,1,72,106.3,7565.35,2,1.2256944444444429,0,0,0,1,0,1,1,0,0,1,0,0,0,0
0516-OOHAR,0,1,1,0,0,1,1,0,1,1,28,100.35,2799.0,2,0.3857142857142861,0,0,1,0,0,0,1,0,1,0,0,0,0,0
2027-CWDNU,0,1,1,1,0,0,0,1,0,1,18,85.6,1601.5,1,3.3722222222222342,0,1,0,0,0,0,1,0,0,0,0,1,0,0
9912-OMZDS,0,1,1,1,0,1,1,0,1,1,59,106.15,6256.2,2,0.1127118644067906,0,0,0,1,0,1,1,0,1,0,0,1,0,0
3733-ZEECP,0,1,1,1,0,0,0,1,0,0,22,51.1,1232.9,1,4.940909090909095,0,1,0,0,0,0,0,0,0,0,0,1,0,0
7878-RTCZG,0,0,0,0,0,0,0,0,0,0,1,19.9,19.9,0,0.0,0,0,0,0,0,0,0,1,0,0,0,0,1,0
2452-MRMZF,1,1,0,1,0,0,0,0,0,0,72,25.7,1937.4,0,1.2083333333333357,0,0,0,1,0,1,0,1,0,1,1,0,0,0
7103-IPXPJ,0,1,0,0,0,0,0,1,1,1,50,99.4,5059.75,1,1.7949999999999875,0,0,0,1,0,1,1,0,1,0,0,1,0,0
4342-HFXWS,0,1,1,0,1,0,1,1,1,0,48,69.7,3023.65,3,6.70729166666667,0,0,1,0,0,0,0,0,1,0,0,0,0,0
3545-CNWRG,0,1,1,1,0,1,0,0,1,1,49,98.35,4889.2,1,1.4295918367347014,0,0,0,1,0,1,1,0,0,0,0,1,0,0
1785-BPHTP,0,1,1,0,0,0,1,0,1,0,28,85.45,2289.9,1,3.6678571428571445,0,0,1,0,0,0,1,0,0,0,0,1,0,0
4989-LIXVT,1,0,0,1,0,1,1,0,0,1,68,95.9,6503.2,2,0.2647058823529562,0,0,0,1,0,1,1,0,0,0,0,1,0,0
7315-WYOAW,0,0,0,0,0,0,0,1,1,1,13,100.75,1313.25,1,0.2692307692307736,0,1,0,0,0,1,1,0,0,0,0,1,0,0
1173-XZPYF,0,0,0,1,0,0,1,0,1,0,11,89.2,990.3,1,0.8272727272727138,1,0,0,0,0,1,1,0,0,0,0,1,0,0
2509-TFPJU,0,1,0,0,0,0,0,0,0,0,72,25.75,1864.2,0,0.14166666666666572,0,0,0,1,0,1,0,1,0,1,1,0,0,0
9530-GRMJG,0,1,1,1,0,1,1,1,1,1,70,84.1,5979.7,3,1.3242857142857218,0,0,0,1,0,1,0,0,0,1,0,1,0,0
6898-RBTLU,0,1,1,0,0,1,0,1,1,1,49,79.3,3902.45,2,0.3418367346938709,0,0,0,1,0,1,0,0,0,1,0,0,0,0
5481-NTDOH,1,1,0,1,1,0,1,0,1,1,67,107.05,7142.5,2,0.44552238805970035,0,0,0,1,0,1,1,0,1,0,1,0,0,0
2068-WWXQZ,0,0,0,0,0,0,0,0,0,0,46,20.05,902.0,0,0.44130434782608674,0,0,1,0,0,0,0,1,0,1,0,0,0,0
2061-VVFST,0,1,0,0,0,0,0,0,0,0,37,19.5,805.2,0,2.262162162162163,0,0,1,0,0,0,0,1,0,0,0,0,0,0
0749-IRGQE,1,1,0,0,0,0,0,0,1,1,13,45.3,528.45,0,4.6499999999999915,0,1,0,0,1,0,0,0,0,0,0,1,0,0
2380-DAMQP,0,1,0,0,1,1,1,1,1,1,72,115.15,8349.7,4,0.81805555555556,0,0,0,1,0,1,1,0,0,1,0,1,0,0
2256-YLYLP,0,1,1,1,0,0,1,1,1,1,68,72.95,4953.25,2,0.10808823529411882,0,0,0,1,0,0,0,0,0,1,0,0,0,0
1272-ILHFG,0,1,1,0,0,0,0,0,0,0,15,19.65,332.65,0,2.5266666666666673,0,1,0,0,0,0,0,1,1,0,0,0,1,0
0164-XAIRP,0,0,0,1,0,0,0,0,0,0,24,19.55,470.2,0,0.0416666666666643,0,1,0,0,0,0,0,1,0,1,0,0,0,0
5666-CYCYZ,0,0,0,1,0,0,0,1,0,1,24,89.55,2259.35,1,4.589583333333337,0,1,0,0,0,1,1,0,0,0,0,1,0,0
4011-ARPHK,0,0,0,0,1,0,0,0,0,0,27,50.35,1411.35,1,1.9222222222222172,0,0,1,0,0,0,0,0,0,0,0,0,1,0
6365-HITVU,0,1,1,0,1,1,1,1,1,1,71,87.25,6328.7,4,1.8866197183098592,0,0,0,1,0,0,0,0,0,1,1,0,0,0
7558-IMLMT,0,1,1,1,0,0,0,0,0,0,67,20.8,1411.9,0,0.2731343283582106,0,0,0,1,0,0,0,1,0,1,0,0,1,0
9488-FYQAU,0,1,0,1,0,1,1,1,1,1,63,109.25,6841.4,3,0.6563492063492191,0,0,0,1,0,1,1,0,0,1,0,0,0,0
3590-TCXTB,0,0,0,0,0,0,0,0,0,0,1,20.35,20.35,0,0.0,0,0,0,0,0,0,0,1,0,0,0,0,1,0
6994-KERXL,0,0,0,1,0,0,0,0,0,1,4,55.9,238.5,0,3.7250000000000014,0,0,0,0,0,0,0,0,0,0,0,1,0,0
1960-UOTYM,0,1,1,0,1,1,1,0,1,1,52,79.2,4016.3,3,1.9634615384615444,0,0,0,1,0,0,0,0,0,1,0,1,0,0
2740-JFBOK,0,0,0,1,0,0,0,0,0,0,10,24.0,226.55,0,1.3449999999999989,1,0,0,0,0,1,0,1,0,0,0,1,0,0
6500-JVEGC,0,0,0,0,1,1,1,0,1,0,68,101.35,7110.75,3,3.2198529411764696,0,0,0,1,0,1,1,0,1,0,0,0,0,0
5245-VDBUR,0,1,0,0,1,0,1,0,0,0,52,35.45,1958.95,2,2.2221153846153854,0,0,0,1,1,0,0,0,1,0,0,0,1,0
8469-SNFFH,0,1,0,0,1,1,1,1,1,0,70,79.4,5528.9,4,0.41571428571430147,0,0,0,1,0,1,0,0,1,0,0,0,0,0
2144-ESWKO,0,0,0,1,1,0,1,0,0,0,43,35.2,1463.7,2,1.1604651162790702,0,0,1,0,1,0,0,0,1,0,1,0,0,0
1241-FPMOF,0,0,0,0,0,0,0,0,0,0,52,19.65,1025.05,0,0.0625,0,0,0,1,0,0,0,1,0,1,0,0,1,0
9928-BZVLZ,0,0,0,0,1,0,1,1,0,1,12,49.85,552.1,3,3.8416666666666686,1,0,0,0,1,0,0,0,0,1,0,0,1,0
4114-QMKVN,0,1,1,0,1,1,0,0,0,1,56,68.75,3815.4,2,0.6178571428571473,0,0,0,1,0,1,0,0,1,0,0,0,0,0
2775-SEFEE,0,0,1,1,1,1,0,1,0,0,0,61.9,0.0,3,0.0,0,0,0,0,0,1,0,0,0,1,0,0,0,0
9003-CPATH,0,0,0,0,0,0,1,0,0,0,42,79.9,3313.4,1,1.009523809523813,0,0,1,0,0,1,1,0,0,0,0,1,0,0
1754-GKYPY,1,1,0,1,0,0,0,0,1,1,22,89.75,1938.9,0,1.6181818181818102,0,1,0,0,0,0,1,0,0,0,0,0,0,0
7956-XQWGU,0,0,0,1,0,0,0,0,0,0,27,19.4,460.25,0,2.353703703703701,0,0,1,0,0,0,0,1,0,0,1,0,0,0
1591-MQJTP,1,1,0,1,1,0,1,0,0,1,51,93.65,4839.15,2,1.2352941176470438,0,0,0,1,0,1,1,0,1,0,0,0,0,0
2369-FEVNO,0,0,0,1,0,0,0,0,0,0,1,19.9,19.9,0,0.0,0,0,0,0,0,0,0,1,0,0,0,0,1,0
7471-MQPOS,1,1,1,1,0,1,1,1,0,1,71,72.9,5139.65,3,0.5105633802816953,0,0,0,1,0,1,0,0,1,0,0,0,0,0
5115-SQAAU,0,1,1,1,0,0,0,0,0,0,69,25.6,1673.4,0,1.3478260869565233,0,0,0,1,0,1,0,1,0,1,0,0,0,0
9845-QOMAD,0,1,1,0,0,0,0,0,0,0,14,19.75,309.35,0,2.3464285714285715,0,1,0,0,0,0,0,1,1,0,0,0,1,0
7672-VFMXZ,0,1,0,0,1,0,0,1,0,0,57,55.7,3171.6,2,0.05789473684210833,0,0,0,1,0,0,0,0,0,0,0,1,0,0
9739-JLPQJ,0,1,1,0,1,1,1,1,1,1,72,117.5,8670.1,4,2.9180555555555543,0,0,0,1,0,1,1,0,0,1,1,0,0,0
9916-AYHTC,0,0,0,0,0,0,0,0,0,0,48,19.85,916.0,0,0.7666666666666693,0,0,1,0,0,0,0,1,0,1,1,0,0,0
3855-ONCAR,0,1,1,1,0,0,0,0,1,0,4,78.9,299.75,0,3.9625000000000057,0,0,0,0,0,0,1,0,0,0,0,0,1,0
1488-SYSFC,0,1,1,1,0,0,0,0,0,0,31,20.65,702.05,0,1.9967741935483865,0,0,1,0,0,0,0,1,0,0,0,1,0,0
0970-QXPXW,0,0,0,0,0,0,0,0,0,0,1,19.65,19.65,0,0.0,0,0,0,0,0,0,0,1,0,0,0,0,1,0
3259-KNMRR,1,0,0,1,0,1,1,0,1,1,57,79.75,4438.2,2,1.886842105263156,0,0,0,1,0,1,0,0,0,1,0,0,0,0
6120-RJKLU,1,1,0,1,1,0,1,1,1,1,62,79.95,4819.75,3,2.2120967741935544,0,0,0,1,0,0,0,0,0,1,1,0,0,0
9572-WUKSB,0,1,0,1,0,0,0,1,0,0,3,29.9,92.25,1,0.8500000000000014,0,0,0,0,1,0,0,0,0,0,0,1,0,0
5893-KCLGT,0,0,1,1,0,0,0,0,0,0,72,19.75,1567.0,0,2.0138888888888893,0,0,0,1,0,0,0,1,0,1,0,0,1,0
0076-LVEPS,0,0,1,1,1,1,1,1,0,0,29,45.0,1242.45,4,2.156896551724138,0,0,1,0,1,0,0,0,0,0,0,0,1,0
3640-JQGJG,0,1,1,0,0,0,0,0,0,0,13,44.8,559.2,0,1.7846153846153783,0,1,0,0,0,0,0,0,0,0,0,0,0,0
1596-OQSPS,0,0,0,0,0,1,0,0,0,0,11,51.1,531.15,1,2.8136363636363697,1,0,0,0,0,0,0,0,0,0,0,1,0,0
9867-XOBQA,0,0,1,0,1,1,1,1,1,0,21,53.15,1183.2,4,3.192857142857143,0,1,0,0,1,0,0,0,0,1,0,0,1,0
9546-KDTRB,0,0,0,0,0,0,0,0,0,0,19,24.7,465.85,0,0.1815789473684184,0,1,0,0,0,1,0,1,0,0,0,0,0,0
3174-RKMOW,0,1,1,1,0,1,1,1,1,1,35,109.95,3782.4,3,1.8814285714285717,0,0,1,0,0,1,1,0,0,0,0,1,0,0
1760-CAZHT,0,0,1,0,0,0,0,0,0,0,25,20.8,460.2,0,2.3919999999999995,0,0,1,0,0,0,0,1,0,0,0,0,1,0
8441-SHIPE,0,0,0,1,0,0,0,0,0,0,67,25.6,1790.35,0,1.1216417910447731,0,0,0,1,0,1,0,1,0,1,0,0,0,0
1320-GVNHT,0,1,1,1,1,1,1,0,1,1,72,108.4,7767.25,3,0.5215277777777771,0,0,0,1,0,1,1,0,0,1,1,0,0,0
1047-RNXZV,0,0,0,0,0,0,0,0,0,0,43,19.55,876.15,0,0.8255813953488342,0,0,1,0,0,0,0,1,0,1,0,0,1,0
3541-ZNUHK,0,1,1,1,1,1,0,0,0,0,55,85.1,4600.95,2,1.4463636363636283,0,0,0,1,0,1,1,0,0,0,0,1,0,0
8725-JEDFD,0,0,0,1,0,0,0,0,0,0,27,69.05,1793.25,0,2.6333333333333258,0,0,1,0,0,0,1,0,0,0,0,0,1,0
7562-UXTPG,0,0,0,1,0,0,0,0,0,0,13,70.15,886.7,0,1.9423076923076934,0,1,0,0,0,0,1,0,0,0,0,0,1,0
8071-SBTRN,0,0,0,1,1,1,1,0,1,1,70,111.15,7737.55,3,0.6135714285714329,0,0,0,1,0,1,1,0,0,1,0,0,1,0
6668-CNMFP,0,1,1,1,0,0,0,1,0,1,19,89.35,1686.85,1,0.568421052631578,0,1,0,0,0,1,1,0,1,0,0,0,0,0
5626-MGTUK,0,0,0,1,1,0,0,0,1,0,20,89.1,1879.25,1,4.862500000000011,0,1,0,0,0,1,1,0,0,0,0,0,0,0
5681-LLOEI,0,1,1,1,1,0,1,1,0,0,43,91.25,4013.8,3,2.0941860465116378,0,0,1,0,0,1,1,0,1,0,1,0,0,0
8212-DJRCH,0,1,1,1,1,0,1,0,0,1,5,90.35,434.5,2,3.4499999999999886,0,0,0,0,0,0,1,0,0,0,0,0,1,0
4323-OHFOW,1,1,0,1,0,1,0,1,1,1,70,105.55,7195.35,2,2.75928571428571,0,0,0,1,0,1,1,0,1,0,0,0,0,0
4933-BSAIP,0,1,0,0,0,0,0,0,0,0,40,19.1,780.1,0,0.40249999999999986,0,0,1,0,0,0,0,1,0,1,0,0,1,0
2030-BTZRO,0,1,1,1,0,0,0,0,0,0,6,20.4,107.6,0,2.466666666666665,0,0,0,0,0,0,0,1,0,1,1,0,0,0
1116-DXXDF,0,0,0,1,1,0,1,0,1,1,39,100.45,3801.7,2,2.9705128205128233,0,0,1,0,0,0,1,0,0,1,0,1,0,0
6563-VNPMN,1,0,0,1,1,1,0,1,0,0,45,85.7,3778.1,3,1.7422222222222246,0,0,1,0,0,0,1,0,0,0,0,0,0,0
2267-WTPYD,1,1,0,0,0,1,1,0,0,1,57,94.0,5438.95,2,1.4201754385964875,0,0,0,1,0,1,1,0,0,0,1,0,0,0
0270-THENM,0,1,1,0,1,1,1,1,0,0,72,69.85,5102.35,4,1.0159722222222314,0,0,0,1,0,1,0,0,0,1,0,0,0,0
4707-MAXGU,0,1,0,0,0,0,0,0,0,0,72,25.85,1872.2,0,0.15277777777777857,0,0,0,1,0,1,0,1,0,1,1,0,0,0
2710-WYVXG,0,0,0,0,1,1,0,1,0,1,3,71.1,213.35,3,0.01666666666666572,0,0,0,0,0,0,0,0,0,1,0,0,1,0
6300-BWMJX,0,1,0,0,0,0,1,1,1,0,59,93.35,5386.5,2,2.053389830508465,0,0,0,1,0,1,1,0,0,0,0,1,0,0
7009-LGECI,0,0,0,1,1,0,0,0,0,0,4,50.55,235.65,1,8.362500000000004,0,0,0,0,0,0,0,0,0,0,0,0,0,0
5022-KVDQT,0,0,0,1,0,0,1,0,0,0,27,81.3,2272.8,1,2.877777777777794,0,0,1,0,0,1,1,0,0,0,0,1,0,0
7976-CICYS,0,0,0,1,0,0,0,0,0,0,4,20.7,83.75,0,0.2375000000000007,0,0,0,0,0,0,0,1,0,0,1,0,0,0
1036-GUDCL,0,1,1,1,1,1,0,1,1,1,60,79.05,4663.4,3,1.326666666666668,0,0,0,1,0,0,0,0,0,0,1,0,0,0
2005-DWQZJ,0,1,1,0,0,0,0,0,0,0,8,19.05,201.7,0,6.162499999999998,1,0,0,0,0,0,0,1,0,1,0,0,1,0
8148-WOCMK,0,1,1,0,0,0,0,0,0,0,8,19.6,125.0,0,3.9750000000000014,1,0,0,0,0,0,0,1,0,1,1,0,0,0
7815-PDTHL,0,0,0,1,0,0,0,0,0,0,35,20.2,684.4,0,0.6457142857142841,0,0,1,0,0,0,0,1,0,1,0,0,1,0
9173-IVZVP,0,1,1,0,0,0,0,0,0,0,53,20.9,1146.05,0,0.7235849056603776,0,0,0,1,0,0,0,1,0,1,0,0,1,0
9129-UXERG,1,0,0,1,0,1,0,1,1,1,18,103.6,1806.35,2,3.24722222222222,0,1,0,0,0,1,1,0,0,0,1,0,0,0
3635-JBPSG,0,0,0,1,0,1,0,0,0,1,15,38.8,603.0,1,1.4000000000000057,0,1,0,0,1,0,0,0,0,1,0,0,1,0
7964-ZRKKG,0,1,0,1,0,1,0,0,1,0,67,88.4,5798.3,1,1.858208955223887,0,0,0,1,0,1,1,0,1,0,0,0,0,0
6229-LSCKB,1,0,0,1,0,0,0,0,1,0,6,79.7,497.6,0,3.2333333333333343,0,0,0,0,0,0,1,0,0,0,0,1,0,0
1724-IQWNM,0,0,1,1,0,0,0,0,0,0,1,19.3,19.3,0,0.0,0,0,0,0,0,0,0,1,0,0,0,0,1,0
8217-QYOHV,0,0,0,1,1,0,0,1,0,0,5,55.75,266.95,2,2.3599999999999994,0,0,0,0,0,0,0,0,0,0,0,0,1,0
5546-QUERU,0,0,0,1,0,0,0,0,0,0,13,19.95,257.0,0,0.18076923076922924,0,1,0,0,0,0,0,1,1,0,0,0,1,0
6897-UUBNU,0,0,0,0,0,1,0,1,1,0,29,89.65,2623.65,2,0.8206896551724157,0,0,1,0,0,0,1,0,0,0,0,0,1,0
6127-IYJOZ,1,0,0,1,0,0,0,0,0,0,1,45.85,45.85,0,0.0,0,0,0,0,0,0,0,0,0,0,0,0,1,0
8930-XOTDP,0,1,1,0,0,0,0,0,1,0,18,55.95,1082.8,0,4.205555555555549,0,1,0,0,0,0,0,0,0,0,0,0,1,0
5916-QEWPT,0,1,0,0,0,0,1,0,1,1,2,69.0,147.8,1,4.900000000000006,0,0,0,0,0,0,0,0,0,0,1,0,0,0
5060-TQUQN,0,1,1,1,0,1,0,1,0,0,30,83.55,2570.2,2,2.123333333333335,0,0,1,0,0,1,1,0,0,0,0,0,0,0
0531-XBKMM,0,0,1,0,1,1,0,1,0,0,66,65.7,4378.9,3,0.6469696969696912,0,0,0,1,0,1,0,0,0,1,0,0,0,0
8465-SBRXP,0,1,1,1,0,0,1,1,1,0,38,94.9,3616.25,2,0.26447368421051465,0,0,1,0,0,1,1,0,0,1,0,0,0,0
2408-PSJVE,0,1,1,1,0,1,1,1,0,0,44,61.9,2924.05,3,4.555681818181817,0,0,1,0,0,0,0,0,0,0,0,0,1,0
9700-ZCLOT,0,0,0,0,0,0,0,0,0,0,2,20.0,32.7,0,3.6499999999999986,0,0,0,0,0,0,0,1,0,0,0,0,1,0
8738-JOKAR,0,0,0,1,1,1,0,1,0,1,42,67.7,2882.25,3,0.9249999999999972,0,0,1,0,0,0,0,0,1,0,0,0,1,0
4534-WGCIR,0,1,1,0,0,0,0,0,0,0,58,25.15,1509.9,0,0.8827586206896569,0,0,0,1,0,1,0,1,0,1,1,0,0,0
1930-WNXSB,0,1,1,1,0,1,0,0,1,1,58,92.85,5305.05,1,1.3836206896551602,0,0,0,1,0,0,1,0,0,0,0,1,0,0
3508-CFVZL,0,0,0,0,1,1,1,1,1,1,71,111.3,7985.9,4,1.1774647887323937,0,0,0,1,0,1,1,0,0,1,0,0,1,0
0657-DOGUM,0,1,0,1,1,0,0,1,0,0,48,60.6,2985.25,2,1.5927083333333343,0,0,1,0,0,1,0,0,1,0,0,0,0,0
8792-AOROI,0,1,0,0,1,0,0,1,0,1,8,65.5,564.35,2,5.043750000000003,1,0,0,0,0,0,0,0,0,1,0,0,1,0
5146-YYFRZ,0,0,0,0,0,0,0,0,0,0,67,19.95,1311.75,0,0.3716417910447767,0,0,0,1,0,0,0,1,0,1,0,0,0,0
3452-SRFEG,0,0,0,1,0,0,0,0,0,0,49,74.6,3720.35,0,1.3255102040816382,0,0,0,1,0,1,1,0,0,0,0,0,0,0
4070-OKWVH,0,1,0,0,0,1,1,0,1,0,52,94.6,5025.8,2,2.0500000000000114,0,0,0,1,0,1,1,0,0,0,0,0,0,0
5297-MDOIR,0,1,0,1,1,0,1,0,0,0,63,81.15,5224.5,2,1.778571428571425,0,0,0,1,0,0,1,0,1,0,1,0,0,0
6369-MCAKO,0,1,1,1,1,1,1,1,1,1,68,89.05,6185.8,4,1.9176470588235333,0,0,0,1,0,1,0,0,0,1,0,0,0,0
4926-UMJZD,0,1,0,1,0,0,0,1,0,0,31,49.2,1498.55,1,0.8596774193548455,0,0,1,0,0,0,0,0,0,0,0,0,1,0
6848-HJTXY,0,1,0,0,0,0,0,0,0,0,64,19.45,1208.6,0,0.5656250000000007,0,0,0,1,0,0,0,1,0,1,1,0,0,0
6341-AEVKX,0,1,0,1,1,0,1,1,1,1,62,104.3,6613.65,3,2.37177419354839,0,0,0,1,0,0,1,0,1,0,0,1,0,0
0682-USIXD,0,1,0,1,0,0,0,1,1,0,21,86.05,1818.9,1,0.5642857142857167,0,1,0,0,0,0,1,0,0,0,0,1,0,0
6976-BWGLQ,0,1,1,0,0,0,0,0,0,0,72,25.2,1787.35,0,0.375694444444445,0,0,0,1,0,1,0,1,0,1,0,0,0,0
7078-NVFAM,0,1,1,1,1,1,0,0,0,0,32,35.15,1051.05,2,2.3046875,0,0,1,0,1,0,0,0,0,0,0,1,0,0
8065-QBYTO,1,0,0,1,1,1,0,1,1,0,71,99.65,7181.25,3,1.4943661971830977,0,0,0,1,0,1,1,0,1,0,1,0,0,0
2133-TSRRM,0,0,1,1,1,1,1,0,1,1,34,105.35,3688.6,3,3.1382352941176492,0,0,1,0,0,0,1,0,0,0,0,0,0,0
2511-ALLCS,0,1,1,0,0,0,0,0,0,0,35,24.3,821.6,0,0.8257142857142874,0,0,1,0,0,1,0,1,0,1,0,0,0,0
3191-CSNMG,0,1,1,1,0,0,0,0,1,0,3,80.7,239.45,0,0.88333333333334,0,0,0,0,0,0,1,0,0,0,0,1,0,0
7952-OBOYL,0,0,0,1,0,0,1,1,1,0,3,89.85,244.45,2,8.36666666666666,0,0,0,0,0,0,1,0,0,0,0,0,1,0
7470-DYNOE,0,0,0,1,0,0,1,0,0,1,53,61.1,3357.9,1,2.2566037735849065,0,0,0,1,0,0,0,0,1,0,0,1,0,0
7853-OETYL,0,1,0,1,1,0,0,0,0,0,4,29.05,129.6,1,3.349999999999998,0,0,0,0,1,0,0,0,0,0,0,1,0,0
1545-ACTAS,0,1,1,1,1,0,1,0,1,1,48,99.7,4977.2,2,3.99166666666666,0,0,1,0,0,0,1,0,1,0,0,0,0,0
5126-RCXYW,0,1,1,0,0,0,1,1,0,1,54,46.0,2424.05,2,1.1101851851851805,0,0,0,1,1,0,0,0,0,1,1,0,0,0
2363-BJLSL,0,0,0,1,0,1,1,1,1,1,62,80.4,4981.15,3,0.058870967741952995,0,0,0,1,0,0,0,0,0,0,0,0,0,0
1956-YIFGE,0,1,1,1,0,1,1,0,1,1,22,100.05,2090.25,2,5.038636363636357,0,1,0,0,0,0,1,0,1,0,0,0,1,0
7921-LMDFQ,1,0,0,1,0,0,1,0,1,1,51,94.0,4905.75,1,2.191176470588232,0,0,0,1,0,0,1,0,1,0,0,0,0,0
2925-MXLSX,0,0,0,1,0,1,1,0,1,0,30,68.95,2038.7,2,0.9933333333333394,0,0,1,0,0,1,0,0,1,0,1,0,0,0
5820-PTRYM,1,1,0,1,1,1,1,1,0,0,56,68.45,4014.0,4,3.2285714285714278,0,0,0,1,0,1,0,0,1,0,1,0,0,0
9609-BENEA,0,1,0,1,0,1,0,1,1,0,35,69.0,2441.7,2,0.7628571428571433,0,0,1,0,0,1,0,0,1,0,0,1,0,0
6211-WHMYA,1,0,0,1,0,1,0,1,1,0,64,43.85,2751.0,2,0.8656250000000014,0,0,0,1,1,0,0,0,0,0,0,1,0,0
4459-BBGHE,0,0,1,1,0,0,0,0,1,1,30,44.5,1307.8,0,0.9066666666666663,0,0,1,0,1,0,0,0,0,0,0,1,0,0
9945-PSVIP,0,1,1,1,0,0,0,0,0,0,25,18.7,383.65,0,3.354000000000001,0,0,1,0,0,0,0,1,0,1,0,0,1,0
9108-EJFJP,0,1,0,1,1,1,0,0,0,0,1,53.55,53.55,2,0.0,0,0,0,0,0,0,0,0,0,0,0,0,1,0
0530-IJVDB,0,0,1,1,1,1,1,1,1,1,70,114.6,7882.5,4,1.9928571428571331,0,0,0,1,0,1,1,0,0,1,0,1,0,0
0508-SQWPL,0,1,1,1,0,0,0,0,0,0,57,20.1,1087.7,0,1.0175438596491233,0,0,0,1,0,0,0,1,0,1,0,0,0,0
2215-ZAFGX,0,0,0,1,0,0,0,0,1,0,9,85.5,791.7,0,2.4666666666666686,1,0,0,0,0,1,1,0,0,0,0,1,0,0
8213-TAZPM,0,1,1,1,0,1,1,1,1,1,69,108.75,7493.05,3,0.15507246376810713,0,0,0,1,0,1,1,0,1,0,0,0,0,0
1304-SEGFY,0,1,0,1,0,0,1,0,1,1,72,97.85,6841.3,1,2.8319444444444315,0,0,0,1,0,1,1,0,0,1,0,1,0,0
7242-EDTYC,0,0,1,0,0,0,0,0,0,0,44,19.55,819.95,0,0.9147727272727266,0,0,1,0,0,0,0,1,0,1,0,0,0,0
2904-GGUAZ,0,1,0,1,1,1,0,0,0,0,72,84.05,6052.25,2,0.009027777777774304,0,0,0,1,0,1,1,0,0,1,0,0,0,0
5136-GFPMB,0,0,0,0,0,0,1,0,0,1,54,89.4,4869.5,1,0.7759259259259181,0,0,0,1,0,1,1,0,0,0,1,0,0,0
2595-KIWPV,0,0,1,0,0,0,0,0,0,0,27,19.7,509.3,0,0.8370370370370352,0,0,1,0,0,0,0,1,0,1,1,0,0,0
5243-SAOTC,0,0,0,1,0,1,0,0,0,0,54,79.85,4308.25,1,0.06759259259258954,0,0,0,1,0,1,1,0,0,0,0,0,0,0
9398-MMQTO,0,0,0,0,0,1,0,0,0,0,3,74.45,221.1,1,0.75,0,0,0,0,0,0,1,0,0,0,1,0,0,0
7619-PLRLP,0,1,0,0,1,1,1,0,0,1,53,74.1,3833.95,3,1.7613207547169765,0,0,0,1,0,1,0,0,1,0,0,0,0,0
6508-NJYRO,0,1,0,0,0,0,0,0,0,0,15,18.8,294.95,0,0.8633333333333333,0,1,0,0,0,0,0,1,1,0,0,0,1,0
4710-NKCAW,0,1,1,0,1,1,0,1,0,0,5,64.4,316.9,3,1.0200000000000102,0,0,0,0,0,1,0,0,0,0,1,0,0,0
5306-BVTKJ,0,1,1,1,0,1,1,0,0,0,48,55.8,2651.2,2,0.56666666666667,0,0,1,0,0,0,0,0,1,0,1,0,0,0
0357-NVCRI,0,0,1,0,0,0,0,0,0,0,25,20.05,471.7,0,1.1820000000000022,0,0,1,0,0,0,0,1,0,0,1,0,0,0
2371-KFUOG,0,0,0,0,1,1,0,0,1,1,58,99.15,5720.95,2,0.5129310344827616,0,0,0,1,0,0,1,0,1,0,0,0,0,0
0463-ZSDNT,0,0,0,1,0,0,0,0,0,1,10,56.75,503.25,0,6.424999999999997,1,0,0,0,0,0,0,0,0,0,0,0,0,0
6257-DTAYD,0,1,0,1,0,1,0,1,1,1,71,104.15,7365.3,2,0.41338028169013796,0,0,0,1,0,1,1,0,0,1,1,0,0,0
4616-ULAOA,0,1,1,1,0,1,1,1,1,1,65,110.8,7245.9,3,0.6753846153846155,0,0,0,1,0,1,1,0,0,1,1,0,0,0
7746-AWNQW,0,0,0,1,0,0,1,1,0,0,28,35.75,961.4,2,1.4142857142857181,0,0,1,0,1,0,0,0,0,0,0,0,1,0
5996-EBTKM,0,1,1,1,0,0,1,1,0,1,67,69.9,4615.9,2,1.0059701492537414,0,0,0,1,0,1,0,0,0,1,0,0,0,0
2758-RNWXS,0,0,0,1,1,0,0,1,0,1,35,89.2,3251.3,2,3.694285714285712,0,0,1,0,0,0,1,0,1,0,0,1,0,0
2314-TNDJQ,0,1,1,0,1,1,1,1,0,1,72,55.65,3880.05,4,1.7604166666666643,0,0,0,1,1,0,0,0,0,1,1,0,0,0
2405-LBMUW,0,1,1,1,1,1,0,1,0,1,61,50.7,3088.75,3,0.06475409836065893,0,0,0,1,1,0,0,0,1,0,0,0,0,0
3454-JFUBC,1,0,0,1,0,0,0,0,0,0,68,20.0,1396.0,0,0.529411764705884,0,0,0,1,0,0,0,1,0,1,1,0,0,0
9039-ZVJDC,0,0,0,1,0,0,0,0,0,0,3,19.1,53.05,0,1.4166666666666679,0,0,0,0,0,0,0,1,0,0,0,0,1,0
9013-AQORL,0,0,1,0,0,1,1,0,0,1,48,45.55,2108.35,2,1.6260416666666657,0,0,1,0,1,0,0,0,0,0,1,0,0,0
2898-MRKPI,0,1,1,1,0,1,0,0,1,1,68,101.05,6770.5,1,1.4838235294117652,0,0,0,1,0,1,1,0,1,0,1,0,0,0
2750-BJLSB,0,0,0,1,1,0,1,1,1,1,47,103.7,4730.6,3,3.0489361702127553,0,0,1,0,0,0,1,0,1,0,0,1,0,0
3648-GZPHF,0,1,1,1,0,0,1,1,0,0,32,36.25,1151.05,2,0.2796875000000014,0,0,1,0,1,0,0,0,1,0,0,0,1,0
2075-RMJIK,0,1,1,1,1,0,0,0,0,0,5,49.4,232.55,1,2.8899999999999935,0,0,0,0,0,0,0,0,0,0,0,0,1,0
9588-YRFHY,0,0,0,1,0,0,0,0,0,0,49,19.9,1022.6,0,0.9693877551020442,0,0,0,1,0,0,0,1,0,1,1,0,0,0
9364-YKUVW,0,0,0,1,0,0,0,0,0,0,15,19.8,309.4,0,0.8266666666666644,0,1,0,0,0,0,0,1,0,0,0,0,1,0
5392-AKEMH,0,0,0,1,0,0,0,0,0,0,12,45.05,523.1,0,1.4583333333333286,1,0,0,0,0,0,0,0,0,0,0,1,0,0
2451-YMUXS,1,0,0,1,1,1,0,1,0,0,67,64.55,4250.1,3,1.1156716417910388,0,0,0,1,0,1,0,0,0,1,0,0,0,0
3914-FDRHP,0,0,0,0,0,0,0,1,1,0,9,86.25,770.5,1,0.6388888888888857,1,0,0,0,0,0,1,0,0,0,0,1,0,0
3078-ZKNTS,0,1,1,1,0,0,0,0,0,0,13,19.75,246.7,0,0.7730769230769248,0,1,0,0,0,0,0,1,0,1,0,0,0,0
1024-KPRBB,0,0,0,1,0,0,0,0,1,1,38,89.1,3342.0,0,1.1526315789473642,0,0,1,0,0,0,1,0,1,0,0,0,1,0
4690-PKDQG,1,1,0,1,0,1,1,0,1,0,42,95.55,3930.6,2,1.9642857142857082,0,0,1,0,0,1,1,0,0,0,0,1,0,0
9547-ITEFG,0,1,1,1,0,1,1,0,1,1,9,102.6,897.75,2,2.8499999999999943,1,0,0,0,0,1,1,0,0,0,1,0,0,0
1264-FUHCX,0,1,0,1,0,1,0,1,1,1,49,56.3,2780.6,2,0.4469387755102048,0,0,0,1,1,0,0,0,1,0,1,0,0,0
7789-CRUVC,1,1,0,1,1,1,1,1,0,0,61,94.2,5895.45,4,2.4467213114754003,0,0,0,1,0,1,1,0,0,0,1,0,0,0
6598-KELSS,0,0,1,1,1,1,0,0,1,0,50,43.05,2208.05,2,1.1110000000000042,0,0,0,1,1,0,0,0,1,0,0,0,0,0
9972-VAFJJ,1,1,0,1,0,1,1,1,1,0,53,94.0,4871.45,3,2.0858490566037773,0,0,0,1,0,0,1,0,1,0,0,1,0,0
0422-UXFAP,0,1,0,1,0,0,1,0,1,1,51,98.85,4947.55,1,1.8392156862744997,0,0,0,1,0,1,1,0,1,0,0,1,0,0
1904-WAJAA,0,1,1,0,1,1,1,0,0,0,24,64.35,1558.65,3,0.5937500000000142,0,1,0,0,0,1,0,0,0,1,0,1,0,0
5130-YPIRV,0,1,0,1,1,1,1,0,1,0,62,72.0,4284.2,3,2.9000000000000057,0,0,0,1,0,0,0,0,0,1,1,0,0,0
2843-CQMEG,0,0,0,1,0,1,0,0,0,0,24,49.7,1218.25,1,1.0604166666666615,0,1,0,0,0,0,0,0,0,0,0,0,1,0
6439-PKTRR,0,1,1,0,1,1,1,1,1,0,70,80.7,5617.95,4,0.44357142857143117,0,0,0,1,0,1,0,0,0,1,0,1,0,0
5351-QESIO,0,0,1,0,0,0,0,0,0,0,1,24.2,24.2,0,0.0,0,0,0,0,1,0,0,0,0,0,0,0,1,0
5568-DMXZS,0,0,0,1,0,1,0,1,1,0,8,65.45,554.45,2,3.856250000000003,1,0,0,0,0,0,0,0,0,0,0,1,0,0
8468-FZTOE,0,1,1,1,1,1,1,1,0,1,72,74.35,5237.4,4,1.6083333333333343,0,0,0,1,0,0,0,0,0,1,0,1,0,0
6633-SYEUS,0,0,0,0,0,1,1,1,0,0,23,83.2,2032.3,3,5.160869565217382,0,1,0,0,0,0,1,0,0,0,0,0,0,0
6447-GORXK,0,0,1,0,0,0,0,0,0,0,31,25.0,789.2,0,0.45806451612903487,0,0,1,0,1,0,0,0,0,0,1,0,0,0
6967-PEJLL,0,1,1,1,1,0,1,1,0,0,37,40.2,1525.35,3,1.0256756756756715,0,0,1,0,1,0,0,0,1,0,0,1,0,0
5981-ZVXOT,1,0,0,1,1,1,1,0,1,1,35,108.35,3726.15,3,1.8885714285714243,0,0,1,0,0,1,1,0,1,0,0,1,0,0
1684-FLBGS,0,1,1,1,0,1,0,1,1,0,23,69.5,1652.1,2,2.330434782608691,0,1,0,0,0,1,0,0,0,0,1,0,0,0
1389-WNUIB,0,1,1,0,1,0,0,0,1,1,20,76.0,1588.75,1,3.4375,0,1,0,0,0,1,0,0,1,0,0,0,0,0
0376-OIWME,0,1,0,1,1,0,0,0,1,1,36,93.6,3366.05,1,0.09861111111109722,0,0,1,0,0,0,1,0,0,0,0,1,0,0
0218-QNVAS,0,1,1,0,0,1,0,0,1,1,71,100.55,7113.75,1,0.35633802816900584,0,0,0,1,0,1,1,0,1,0,0,0,0,0
0804-YGEQV,0,1,1,1,0,0,0,0,0,0,43,24.45,993.15,0,1.3534883720930218,0,0,1,0,0,1,0,1,1,0,0,0,0,0
7164-BPTUT,0,0,1,0,1,1,1,1,1,1,57,89.55,5012.35,4,1.6140350877192873,0,0,0,1,0,1,0,0,0,1,0,0,1,0
2523-EWWZL,0,1,0,1,0,1,0,0,0,0,27,76.1,2093.4,1,1.4333333333333371,0,0,1,0,0,0,1,0,0,0,0,1,0,0
0928-XUTSN,0,0,0,1,0,0,0,0,0,1,13,80.5,1011.8,0,2.6692307692307793,0,1,0,0,0,0,1,0,0,0,0,1,0,0
0052-YNYOT,0,0,0,0,0,0,0,0,0,0,67,20.55,1343.4,0,0.4992537313432841,0,0,0,1,0,0,0,1,1,0,0,1,0,0
9586-JGQKH,0,1,0,1,0,1,0,1,1,1,64,105.4,6794.75,2,0.7679687499999943,0,0,0,1,0,1,1,0,0,1,0,0,0,0
4501-VCPFK,0,0,0,0,0,0,1,1,0,0,26,35.75,1022.5,2,3.57692307692308,0,0,1,0,1,0,0,0,0,0,0,1,0,0
6075-SLNIL,0,0,0,1,0,1,1,0,0,1,38,95.1,3691.2,2,2.036842105263162,0,0,1,0,0,1,1,0,0,0,1,0,0,0
9347-AERRL,0,1,0,0,0,0,0,0,0,0,23,19.3,486.2,0,1.8391304347826072,0,1,0,0,0,0,0,1,1,0,1,0,0,0
2274-XUATA,1,1,0,1,1,1,1,1,1,1,72,63.1,4685.55,4,1.9770833333333329,0,0,0,1,1,0,0,0,0,1,0,0,0,0
6691-CCIHA,0,1,0,1,1,1,0,1,1,1,62,84.95,5150.55,3,1.876612903225805,0,0,0,1,0,1,0,0,0,1,0,1,0,0
1685-BQULA,0,0,0,1,0,1,1,0,1,0,40,93.4,3756.4,2,0.5099999999999909,0,0,1,0,0,1,1,0,0,0,0,0,0,0
9053-EJUNL,0,0,0,1,0,1,0,0,1,0,41,89.2,3645.75,1,0.27926829268292863,0,0,1,0,0,1,1,0,0,0,0,1,0,0
0666-UXTJO,1,1,0,1,0,0,1,0,1,0,34,85.2,2874.45,1,0.6573529411764838,0,0,1,0,0,0,1,0,0,0,1,0,0,0
1471-GIQKQ,0,0,0,0,0,1,0,0,0,0,1,49.95,49.95,1,0.0,0,0,0,0,0,0,0,0,0,0,0,1,0,0
4807-IZYOZ,0,0,0,0,0,0,0,0,0,0,51,20.65,1020.75,0,0.6352941176470566,0,0,0,1,0,0,0,1,0,1,0,0,0,0
9710-NJERN,0,0,0,0,0,0,0,0,0,0,39,20.15,826.0,0,1.0294871794871803,0,0,1,0,0,0,0,1,0,1,0,0,1,0
9837-FWLCH,0,1,1,1,0,0,0,0,0,0,12,19.2,239.0,0,0.7166666666666686,1,0,0,0,0,0,0,1,0,0,0,1,0,0
7203-OYKCT,0,0,0,1,0,1,1,0,1,1,72,104.95,7544.3,2,0.1680555555555543,0,0,0,1,0,1,1,0,1,0,0,1,0,0
1035-IPQPU,1,1,0,1,0,1,1,0,1,1,63,103.5,6479.4,2,0.6523809523809518,0,0,0,1,0,1,1,0,0,0,0,1,0,0
7398-LXGYX,0,1,0,1,1,0,1,0,0,0,44,84.8,3626.35,2,2.382954545454538,0,0,1,0,0,1,1,0,0,0,1,0,0,0
2823-LKABH,0,0,0,1,0,0,1,1,0,1,18,95.05,1679.4,2,1.7499999999999858,0,1,0,0,0,1,1,0,0,0,0,0,0,0
0550-DCXLH,0,0,0,0,0,1,0,1,1,1,13,73.35,931.55,2,1.6923076923076934,0,1,0,0,0,0,0,0,0,0,0,0,1,0
9281-CEDRU,0,1,0,0,0,1,0,1,1,0,68,64.1,4326.25,2,0.47867647058822627,0,0,0,1,0,0,0,0,0,1,0,0,0,0
2235-DWLJU,1,0,0,1,0,0,0,0,1,1,6,44.4,263.05,0,0.55833333333333,0,0,0,0,1,0,0,0,0,0,0,1,0,0
0871-OPBXW,0,0,0,1,0,0,0,0,0,0,2,20.05,39.25,0,0.4250000000000007,0,0,0,0,0,0,0,1,0,0,0,0,1,0
3605-JISKB,1,1,0,0,1,1,0,0,0,0,55,60.0,3316.1,2,0.2927272727272694,0,0,0,1,0,1,0,0,1,0,1,0,0,0
9767-FFLEM,0,0,0,1,0,0,0,0,0,0,38,69.5,2625.25,0,0.41447368421052033,0,0,1,0,0,0,1,0,0,0,1,0,0,0
8456-QDAVC,0,0,0,1,0,0,0,0,1,0,19,78.7,1495.1,0,0.010526315789476826,0,1,0,0,0,0,1,0,0,0,0,0,0,0
7750-EYXWZ,0,0,0,0,0,1,1,1,1,1,12,60.65,743.3,3,1.2916666666666643,1,0,0,0,1,0,0,0,1,0,0,1,0,0
2569-WGERO,0,0,0,1,0,0,0,0,0,0,72,21.15,1419.4,0,1.43611111111111,0,0,0,1,0,0,0,1,0,1,0,0,0,0
6840-RESVB,0,1,1,1,1,0,1,1,1,1,24,84.8,1990.5,3,1.8624999999999972,0,1,0,0,0,1,0,0,1,0,0,0,1,0
2234-XADUH,0,1,1,1,0,1,1,0,1,1,72,103.2,7362.9,2,0.9375000000000142,0,0,0,1,0,1,1,0,1,0,1,0,0,0
4801-JZAZL,0,1,1,1,1,0,0,0,0,0,11,29.6,346.45,1,1.8954545454545446,1,0,0,0,1,0,0,0,0,0,0,1,0,0
3186-AJIEK,0,0,0,1,1,0,1,1,1,1,66,105.65,6844.5,3,1.9454545454545524,0,0,0,1,0,0,1,0,0,1,0,0,0,0
